run_id,scheduled_for,run_status,rank,symbol,data_status,catalyst_or_continuation,price_momentum,volume_liquidity,relative_strength_sector,entry_invalidation_structure,risk_reward,total,discovery_total,reasons,last,volume,relative_volume,plan_id
radar:2026-09-08:0950,2026-09-08T09:50:00-04:00,DATA_UNAVAILABLE,,NVDA,MISSING,,,,,,,,,PRICE_CROSS_CHECK_FAILED,,,,
radar:2026-09-08:0950,2026-09-08T09:50:00-04:00,DATA_UNAVAILABLE,,AVGO,MISSING,,,,,,,,,PRICE_CROSS_CHECK_FAILED,,,,
radar:2026-09-08:0950,2026-09-08T09:50:00-04:00,DATA_UNAVAILABLE,,DELL,MISSING,,,,,,,,,PRICE_CROSS_CHECK_FAILED,,,,
radar:2026-09-08:0950,2026-09-08T09:50:00-04:00,DATA_UNAVAILABLE,,AAPL,MISSING,,,,,,,,,PRICE_CROSS_CHECK_FAILED,,,,
radar:2026-09-08:0950,2026-09-08T09:50:00-04:00,DATA_UNAVAILABLE,,TXN,MISSING,,,,,,,,,PRICE_CROSS_CHECK_FAILED,,,,
radar:2026-09-08:0950,2026-09-08T09:50:00-04:00,DATA_UNAVAILABLE,,CDNS,MISSING,,,,,,,,,PRICE_CROSS_CHECK_FAILED,,,,
radar:2026-09-08:0950,2026-09-08T09:50:00-04:00,DATA_UNAVAILABLE,,SNPS,MISSING,,,,,,,,,PRICE_CROSS_CHECK_FAILED,,,,
radar:2026-09-08:0950,2026-09-08T09:50:00-04:00,DATA_UNAVAILABLE,,ORCL,MISSING,,,,,,,,,PRICE_CROSS_CHECK_FAILED,,,,
radar:2026-09-08:0950,2026-09-08T09:50:00-04:00,DATA_UNAVAILABLE,,NOW,MISSING,,,,,,,,,PRICE_CROSS_CHECK_FAILED,,,,
radar:2026-09-08:0950,2026-09-08T09:50:00-04:00,DATA_UNAVAILABLE,,ADBE,MISSING,,,,,,,,,PRICE_CROSS_CHECK_FAILED,,,,
radar:2026-09-08:0950,2026-09-08T09:50:00-04:00,DATA_UNAVAILABLE,,WDAY,MISSING,,,,,,,,,PRICE_CROSS_CHECK_FAILED,,,,
radar:2026-09-08:0950,2026-09-08T09:50:00-04:00,DATA_UNAVAILABLE,,MSFT,MISSING,,,,,,,,,PRICE_CROSS_CHECK_FAILED,,,,
radar:2026-09-08:0950,2026-09-08T09:50:00-04:00,DATA_UNAVAILABLE,,AMZN,MISSING,,,,,,,,,PRICE_CROSS_CHECK_FAILED,,,,
radar:2026-09-08:0950,2026-09-08T09:50:00-04:00,DATA_UNAVAILABLE,,BA,MISSING,,,,,,,,,PRICE_CROSS_CHECK_FAILED,,,,
radar:2026-09-08:0950,2026-09-08T09:50:00-04:00,DATA_UNAVAILABLE,,AMD,MISSING,,,,,,,,,PRICE_CROSS_CHECK_FAILED,,,,
radar:2026-09-08:0950,2026-09-08T09:50:00-04:00,DATA_UNAVAILABLE,,INTC,MISSING,,,,,,,,,PRICE_CROSS_CHECK_FAILED,,,,
radar:2026-09-08:0950,2026-09-08T09:50:00-04:00,DATA_UNAVAILABLE,,MRVL,MISSING,,,,,,,,,PRICE_CROSS_CHECK_FAILED,,,,
radar:2026-09-08:0950,2026-09-08T09:50:00-04:00,DATA_UNAVAILABLE,,MRNA,MISSING,,,,,,,,,PRICE_CROSS_CHECK_FAILED,,,,
radar:2026-09-08:0950,2026-09-08T09:50:00-04:00,DATA_UNAVAILABLE,,SNDK,MISSING,,,,,,,,,PRICE_CROSS_CHECK_FAILED,,,,
radar:2026-09-08:0950,2026-09-08T09:50:00-04:00,DATA_UNAVAILABLE,,GOOGL,MISSING,,,,,,,,,PRICE_CROSS_CHECK_FAILED,,,,
radar:2026-09-08:0950,2026-09-08T09:50:00-04:00,DATA_UNAVAILABLE,,GS,MISSING,,,,,,,,,PRICE_CROSS_CHECK_FAILED,,,,
radar:2026-09-08:0950,2026-09-08T09:50:00-04:00,DATA_UNAVAILABLE,,ABNB,MISSING,,,,,,,,,PRICE_CROSS_CHECK_FAILED,,,,
radar:2026-09-08:0950,2026-09-08T09:50:00-04:00,DATA_UNAVAILABLE,,DASH,MISSING,,,,,,,,,PRICE_CROSS_CHECK_FAILED,,,,
radar:2026-09-08:0950,2026-09-08T09:50:00-04:00,DATA_UNAVAILABLE,,MU,MISSING,,,,,,,,,PRICE_CROSS_CHECK_FAILED,,,,
radar:2026-09-08:0950,2026-09-08T09:50:00-04:00,DATA_UNAVAILABLE,,GE,MISSING,,,,,,,,,PRICE_CROSS_CHECK_FAILED,,,,
radar:2026-09-08:0950,2026-09-08T09:50:00-04:00,DATA_UNAVAILABLE,,JPM,MISSING,,,,,,,,,PRICE_CROSS_CHECK_FAILED,,,,
radar:2026-09-08:0950,2026-09-08T09:50:00-04:00,DATA_UNAVAILABLE,,BAC,MISSING,,,,,,,,,PRICE_CROSS_CHECK_FAILED,,,,
radar:2026-09-08:0950,2026-09-08T09:50:00-04:00,DATA_UNAVAILABLE,,MS,MISSING,,,,,,,,,PRICE_CROSS_CHECK_FAILED,,,,
radar:2026-09-08:0950,2026-09-08T09:50:00-04:00,DATA_UNAVAILABLE,,WMT,MISSING,,,,,,,,,PRICE_CROSS_CHECK_FAILED,,,,
radar:2026-09-08:0950,2026-09-08T09:50:00-04:00,DATA_UNAVAILABLE,,COIN,MISSING,,,,,,,,,PRICE_CROSS_CHECK_FAILED,,,,
radar:2026-09-08:0950,2026-09-08T09:50:00-04:00,DATA_UNAVAILABLE,,HOOD,MISSING,,,,,,,,,PRICE_CROSS_CHECK_FAILED,,,,
radar:2026-09-08:0950,2026-09-08T09:50:00-04:00,DATA_UNAVAILABLE,,PLTR,MISSING,,,,,,,,,PRICE_CROSS_CHECK_FAILED,,,,
radar:2026-09-08:0950,2026-09-08T09:50:00-04:00,DATA_UNAVAILABLE,,MSTR,MISSING,,,,,,,,,PRICE_CROSS_CHECK_FAILED,,,,
radar:2026-09-08:0950,2026-09-08T09:50:00-04:00,DATA_UNAVAILABLE,,META,MISSING,,,,,,,,,PRICE_CROSS_CHECK_FAILED,,,,
radar:2026-09-08:0950,2026-09-08T09:50:00-04:00,DATA_UNAVAILABLE,,NFLX,MISSING,,,,,,,,,PRICE_CROSS_CHECK_FAILED,,,,
radar:2026-09-08:0950,2026-09-08T09:50:00-04:00,DATA_UNAVAILABLE,,UBER,MISSING,,,,,,,,,PRICE_CROSS_CHECK_FAILED,,,,
radar:2026-09-08:0950,2026-09-08T09:50:00-04:00,DATA_UNAVAILABLE,,PYPL,MISSING,,,,,,,,,PRICE_CROSS_CHECK_FAILED,,,,
radar:2026-09-08:0950,2026-09-08T09:50:00-04:00,DATA_UNAVAILABLE,,V,MISSING,,,,,,,,,PRICE_CROSS_CHECK_FAILED,,,,
radar:2026-09-08:0950,2026-09-08T09:50:00-04:00,DATA_UNAVAILABLE,,EBAY,MISSING,,,,,,,,,PRICE_CROSS_CHECK_FAILED,,,,
radar:2026-09-08:0950,2026-09-08T09:50:00-04:00,DATA_UNAVAILABLE,,DIS,MISSING,,,,,,,,,PRICE_CROSS_CHECK_FAILED,,,,
radar:2026-09-08:0950,2026-09-08T09:50:00-04:00,DATA_UNAVAILABLE,,PG,MISSING,,,,,,,,,PRICE_CROSS_CHECK_FAILED,,,,
radar:2026-09-08:0950,2026-09-08T09:50:00-04:00,DATA_UNAVAILABLE,,CVX,MISSING,,,,,,,,,PRICE_CROSS_CHECK_FAILED,,,,
radar:2026-09-08:0950,2026-09-08T09:50:00-04:00,DATA_UNAVAILABLE,,QCOM,MISSING,,,,,,,,,PRICE_CROSS_CHECK_FAILED,,,,
radar:2026-09-08:0950,2026-09-08T09:50:00-04:00,DATA_UNAVAILABLE,,AMAT,MISSING,,,,,,,,,PRICE_CROSS_CHECK_FAILED,,,,
radar:2026-09-08:0950,2026-09-08T09:50:00-04:00,DATA_UNAVAILABLE,,TSLA,MISSING,,,,,,,,,PRICE_CROSS_CHECK_FAILED,,,,
radar:2026-09-08:0950,2026-09-08T09:50:00-04:00,DATA_UNAVAILABLE,,CSCO,MISSING,,,,,,,,,PRICE_CROSS_CHECK_FAILED,,,,
radar:2026-09-08:0950,2026-09-08T09:50:00-04:00,DATA_UNAVAILABLE,,ALAB,MISSING,,,,,,,,,PRICE_CROSS_CHECK_FAILED,,,,
radar:2026-09-08:0950,2026-09-08T09:50:00-04:00,DATA_UNAVAILABLE,,IBKR,MISSING,,,,,,,,,PRICE_CROSS_CHECK_FAILED,,,,
radar:2026-09-08:0950,2026-09-08T09:50:00-04:00,DATA_UNAVAILABLE,,LHX,MISSING,,,,,,,,,PRICE_CROSS_CHECK_FAILED,,,,
radar:2026-09-08:0950,2026-09-08T09:50:00-04:00,DATA_UNAVAILABLE,,NOC,MISSING,,,,,,,,,PRICE_CROSS_CHECK_FAILED,,,,
radar:2026-09-08:0950,2026-09-08T09:50:00-04:00,DATA_UNAVAILABLE,,ONDS,MISSING,,,,,,,,,PRICE_CROSS_CHECK_FAILED,,,,
radar:2026-09-08:0950,2026-09-08T09:50:00-04:00,DATA_UNAVAILABLE,,SPY,MISSING,,,,,,,,,PRICE_CROSS_CHECK_FAILED,,,,
radar:2026-09-08:0950,2026-09-08T09:50:00-04:00,DATA_UNAVAILABLE,,QQQ,MISSING,,,,,,,,,PRICE_CROSS_CHECK_FAILED,,,,
radar:2026-09-08:0950,2026-09-08T09:50:00-04:00,DATA_UNAVAILABLE,,VOO,MISSING,,,,,,,,,PRICE_CROSS_CHECK_FAILED,,,,
radar:2026-09-08:0950,2026-09-08T09:50:00-04:00,DATA_UNAVAILABLE,,IBIT,MISSING,,,,,,,,,PRICE_CROSS_CHECK_FAILED,,,,
radar:2026-09-08:0950,2026-09-08T09:50:00-04:00,DATA_UNAVAILABLE,,XLE,MISSING,,,,,,,,,PRICE_CROSS_CHECK_FAILED,,,,
radar:2026-09-08:0950,2026-09-08T09:50:00-04:00,DATA_UNAVAILABLE,,GLTR,MISSING,,,,,,,,,PRICE_CROSS_CHECK_FAILED,,,,
radar:2026-09-08:0950,2026-09-08T09:50:00-04:00,DATA_UNAVAILABLE,,REMX,MISSING,,,,,,,,,PRICE_CROSS_CHECK_FAILED,,,,
radar:2026-09-08:0950,2026-09-08T09:50:00-04:00,DATA_UNAVAILABLE,,ITA,MISSING,,,,,,,,,PRICE_CROSS_CHECK_FAILED,,,,
radar:2026-09-08:0950,2026-09-08T09:50:00-04:00,DATA_UNAVAILABLE,,XAR,MISSING,,,,,,,,,PRICE_CROSS_CHECK_FAILED,,,,
radar:2026-09-08:1000,2026-09-08T10:00:00-04:00,DATA_UNAVAILABLE,,NVDA,MISSING,,,,,,,,,PRICE_CROSS_CHECK_FAILED,,,,
radar:2026-09-08:1000,2026-09-08T10:00:00-04:00,DATA_UNAVAILABLE,,AVGO,MISSING,,,,,,,,,PRICE_CROSS_CHECK_FAILED,,,,
radar:2026-09-08:1000,2026-09-08T10:00:00-04:00,DATA_UNAVAILABLE,,DELL,MISSING,,,,,,,,,PRICE_CROSS_CHECK_FAILED,,,,
radar:2026-09-08:1000,2026-09-08T10:00:00-04:00,DATA_UNAVAILABLE,,AAPL,MISSING,,,,,,,,,PRICE_CROSS_CHECK_FAILED,,,,
radar:2026-09-08:1000,2026-09-08T10:00:00-04:00,DATA_UNAVAILABLE,,TXN,MISSING,,,,,,,,,PRICE_CROSS_CHECK_FAILED,,,,
radar:2026-09-08:1000,2026-09-08T10:00:00-04:00,DATA_UNAVAILABLE,,CDNS,MISSING,,,,,,,,,PRICE_CROSS_CHECK_FAILED,,,,
radar:2026-09-08:1000,2026-09-08T10:00:00-04:00,DATA_UNAVAILABLE,,SNPS,MISSING,,,,,,,,,PRICE_CROSS_CHECK_FAILED,,,,
radar:2026-09-08:1000,2026-09-08T10:00:00-04:00,DATA_UNAVAILABLE,,ORCL,MISSING,,,,,,,,,PRICE_CROSS_CHECK_FAILED,,,,
radar:2026-09-08:1000,2026-09-08T10:00:00-04:00,DATA_UNAVAILABLE,,NOW,MISSING,,,,,,,,,PRICE_CROSS_CHECK_FAILED,,,,
radar:2026-09-08:1000,2026-09-08T10:00:00-04:00,DATA_UNAVAILABLE,,ADBE,MISSING,,,,,,,,,PRICE_CROSS_CHECK_FAILED,,,,
radar:2026-09-08:1000,2026-09-08T10:00:00-04:00,DATA_UNAVAILABLE,,WDAY,MISSING,,,,,,,,,PRICE_CROSS_CHECK_FAILED,,,,
radar:2026-09-08:1000,2026-09-08T10:00:00-04:00,DATA_UNAVAILABLE,,MSFT,MISSING,,,,,,,,,PRICE_CROSS_CHECK_FAILED,,,,
radar:2026-09-08:1000,2026-09-08T10:00:00-04:00,DATA_UNAVAILABLE,,AMZN,MISSING,,,,,,,,,PRICE_CROSS_CHECK_FAILED,,,,
radar:2026-09-08:1000,2026-09-08T10:00:00-04:00,DATA_UNAVAILABLE,,BA,MISSING,,,,,,,,,PRICE_CROSS_CHECK_FAILED,,,,
radar:2026-09-08:1000,2026-09-08T10:00:00-04:00,DATA_UNAVAILABLE,,AMD,MISSING,,,,,,,,,PRICE_CROSS_CHECK_FAILED,,,,
radar:2026-09-08:1000,2026-09-08T10:00:00-04:00,DATA_UNAVAILABLE,,INTC,MISSING,,,,,,,,,PRICE_CROSS_CHECK_FAILED,,,,
radar:2026-09-08:1000,2026-09-08T10:00:00-04:00,DATA_UNAVAILABLE,,MRVL,MISSING,,,,,,,,,PRICE_CROSS_CHECK_FAILED,,,,
radar:2026-09-08:1000,2026-09-08T10:00:00-04:00,DATA_UNAVAILABLE,,MRNA,MISSING,,,,,,,,,PRICE_CROSS_CHECK_FAILED,,,,
radar:2026-09-08:1000,2026-09-08T10:00:00-04:00,DATA_UNAVAILABLE,,SNDK,MISSING,,,,,,,,,PRICE_CROSS_CHECK_FAILED,,,,
radar:2026-09-08:1000,2026-09-08T10:00:00-04:00,DATA_UNAVAILABLE,,GOOGL,MISSING,,,,,,,,,PRICE_CROSS_CHECK_FAILED,,,,
radar:2026-09-08:1000,2026-09-08T10:00:00-04:00,DATA_UNAVAILABLE,,GS,MISSING,,,,,,,,,PRICE_CROSS_CHECK_FAILED,,,,
radar:2026-09-08:1000,2026-09-08T10:00:00-04:00,DATA_UNAVAILABLE,,ABNB,MISSING,,,,,,,,,PRICE_CROSS_CHECK_FAILED,,,,
radar:2026-09-08:1000,2026-09-08T10:00:00-04:00,DATA_UNAVAILABLE,,DASH,MISSING,,,,,,,,,PRICE_CROSS_CHECK_FAILED,,,,
radar:2026-09-08:1000,2026-09-08T10:00:00-04:00,DATA_UNAVAILABLE,,MU,MISSING,,,,,,,,,PRICE_CROSS_CHECK_FAILED,,,,
radar:2026-09-08:1000,2026-09-08T10:00:00-04:00,DATA_UNAVAILABLE,,GE,MISSING,,,,,,,,,PRICE_CROSS_CHECK_FAILED,,,,
radar:2026-09-08:1000,2026-09-08T10:00:00-04:00,DATA_UNAVAILABLE,,JPM,MISSING,,,,,,,,,PRICE_CROSS_CHECK_FAILED,,,,
radar:2026-09-08:1000,2026-09-08T10:00:00-04:00,DATA_UNAVAILABLE,,BAC,MISSING,,,,,,,,,PRICE_CROSS_CHECK_FAILED,,,,
radar:2026-09-08:1000,2026-09-08T10:00:00-04:00,DATA_UNAVAILABLE,,MS,MISSING,,,,,,,,,PRICE_CROSS_CHECK_FAILED,,,,
radar:2026-09-08:1000,2026-09-08T10:00:00-04:00,DATA_UNAVAILABLE,,WMT,MISSING,,,,,,,,,PRICE_CROSS_CHECK_FAILED,,,,
radar:2026-09-08:1000,2026-09-08T10:00:00-04:00,DATA_UNAVAILABLE,,COIN,MISSING,,,,,,,,,PRICE_CROSS_CHECK_FAILED,,,,
radar:2026-09-08:1000,2026-09-08T10:00:00-04:00,DATA_UNAVAILABLE,,HOOD,MISSING,,,,,,,,,PRICE_CROSS_CHECK_FAILED,,,,
radar:2026-09-08:1000,2026-09-08T10:00:00-04:00,DATA_UNAVAILABLE,,PLTR,MISSING,,,,,,,,,PRICE_CROSS_CHECK_FAILED,,,,
radar:2026-09-08:1000,2026-09-08T10:00:00-04:00,DATA_UNAVAILABLE,,MSTR,MISSING,,,,,,,,,PRICE_CROSS_CHECK_FAILED,,,,
radar:2026-09-08:1000,2026-09-08T10:00:00-04:00,DATA_UNAVAILABLE,,META,MISSING,,,,,,,,,PRICE_CROSS_CHECK_FAILED,,,,
radar:2026-09-08:1000,2026-09-08T10:00:00-04:00,DATA_UNAVAILABLE,,NFLX,MISSING,,,,,,,,,PRICE_CROSS_CHECK_FAILED,,,,
radar:2026-09-08:1000,2026-09-08T10:00:00-04:00,DATA_UNAVAILABLE,,UBER,MISSING,,,,,,,,,PRICE_CROSS_CHECK_FAILED,,,,
radar:2026-09-08:1000,2026-09-08T10:00:00-04:00,DATA_UNAVAILABLE,,PYPL,MISSING,,,,,,,,,PRICE_CROSS_CHECK_FAILED,,,,
radar:2026-09-08:1000,2026-09-08T10:00:00-04:00,DATA_UNAVAILABLE,,V,MISSING,,,,,,,,,PRICE_CROSS_CHECK_FAILED,,,,
radar:2026-09-08:1000,2026-09-08T10:00:00-04:00,DATA_UNAVAILABLE,,EBAY,MISSING,,,,,,,,,PRICE_CROSS_CHECK_FAILED,,,,
radar:2026-09-08:1000,2026-09-08T10:00:00-04:00,DATA_UNAVAILABLE,,DIS,MISSING,,,,,,,,,PRICE_CROSS_CHECK_FAILED,,,,
radar:2026-09-08:1000,2026-09-08T10:00:00-04:00,DATA_UNAVAILABLE,,PG,MISSING,,,,,,,,,PRICE_CROSS_CHECK_FAILED,,,,
radar:2026-09-08:1000,2026-09-08T10:00:00-04:00,DATA_UNAVAILABLE,,CVX,MISSING,,,,,,,,,PRICE_CROSS_CHECK_FAILED,,,,
radar:2026-09-08:1000,2026-09-08T10:00:00-04:00,DATA_UNAVAILABLE,,QCOM,MISSING,,,,,,,,,PRICE_CROSS_CHECK_FAILED,,,,
radar:2026-09-08:1000,2026-09-08T10:00:00-04:00,DATA_UNAVAILABLE,,AMAT,MISSING,,,,,,,,,PRICE_CROSS_CHECK_FAILED,,,,
radar:2026-09-08:1000,2026-09-08T10:00:00-04:00,DATA_UNAVAILABLE,,TSLA,MISSING,,,,,,,,,PRICE_CROSS_CHECK_FAILED,,,,
radar:2026-09-08:1000,2026-09-08T10:00:00-04:00,DATA_UNAVAILABLE,,CSCO,MISSING,,,,,,,,,PRICE_CROSS_CHECK_FAILED,,,,
radar:2026-09-08:1000,2026-09-08T10:00:00-04:00,DATA_UNAVAILABLE,,ALAB,MISSING,,,,,,,,,PRICE_CROSS_CHECK_FAILED,,,,
radar:2026-09-08:1000,2026-09-08T10:00:00-04:00,DATA_UNAVAILABLE,,IBKR,MISSING,,,,,,,,,PRICE_CROSS_CHECK_FAILED,,,,
radar:2026-09-08:1000,2026-09-08T10:00:00-04:00,DATA_UNAVAILABLE,,LHX,MISSING,,,,,,,,,PRICE_CROSS_CHECK_FAILED,,,,
radar:2026-09-08:1000,2026-09-08T10:00:00-04:00,DATA_UNAVAILABLE,,NOC,MISSING,,,,,,,,,PRICE_CROSS_CHECK_FAILED,,,,
radar:2026-09-08:1000,2026-09-08T10:00:00-04:00,DATA_UNAVAILABLE,,ONDS,MISSING,,,,,,,,,PRICE_CROSS_CHECK_FAILED,,,,
radar:2026-09-08:1000,2026-09-08T10:00:00-04:00,DATA_UNAVAILABLE,,SPY,MISSING,,,,,,,,,PRICE_CROSS_CHECK_FAILED,,,,
radar:2026-09-08:1000,2026-09-08T10:00:00-04:00,DATA_UNAVAILABLE,,QQQ,MISSING,,,,,,,,,PRICE_CROSS_CHECK_FAILED,,,,
radar:2026-09-08:1000,2026-09-08T10:00:00-04:00,DATA_UNAVAILABLE,,VOO,MISSING,,,,,,,,,PRICE_CROSS_CHECK_FAILED,,,,
radar:2026-09-08:1000,2026-09-08T10:00:00-04:00,DATA_UNAVAILABLE,,IBIT,MISSING,,,,,,,,,PRICE_CROSS_CHECK_FAILED,,,,
radar:2026-09-08:1000,2026-09-08T10:00:00-04:00,DATA_UNAVAILABLE,,XLE,MISSING,,,,,,,,,PRICE_CROSS_CHECK_FAILED,,,,
radar:2026-09-08:1000,2026-09-08T10:00:00-04:00,DATA_UNAVAILABLE,,GLTR,MISSING,,,,,,,,,PRICE_CROSS_CHECK_FAILED,,,,
radar:2026-09-08:1000,2026-09-08T10:00:00-04:00,DATA_UNAVAILABLE,,REMX,MISSING,,,,,,,,,PRICE_CROSS_CHECK_FAILED,,,,
radar:2026-09-08:1000,2026-09-08T10:00:00-04:00,DATA_UNAVAILABLE,,ITA,MISSING,,,,,,,,,PRICE_CROSS_CHECK_FAILED,,,,
radar:2026-09-08:1000,2026-09-08T10:00:00-04:00,DATA_UNAVAILABLE,,XAR,MISSING,,,,,,,,,PRICE_CROSS_CHECK_FAILED,,,,
radar:2026-09-08:1010,2026-09-08T10:10:00-04:00,DATA_UNAVAILABLE,,NVDA,MISSING,,,,,,,,,PRICE_CROSS_CHECK_FAILED,,,,
radar:2026-09-08:1010,2026-09-08T10:10:00-04:00,DATA_UNAVAILABLE,,AVGO,MISSING,,,,,,,,,PRICE_CROSS_CHECK_FAILED,,,,
radar:2026-09-08:1010,2026-09-08T10:10:00-04:00,DATA_UNAVAILABLE,,DELL,MISSING,,,,,,,,,PRICE_CROSS_CHECK_FAILED,,,,
radar:2026-09-08:1010,2026-09-08T10:10:00-04:00,DATA_UNAVAILABLE,,AAPL,MISSING,,,,,,,,,PRICE_CROSS_CHECK_FAILED,,,,
radar:2026-09-08:1010,2026-09-08T10:10:00-04:00,DATA_UNAVAILABLE,,TXN,MISSING,,,,,,,,,PRICE_CROSS_CHECK_FAILED,,,,
radar:2026-09-08:1010,2026-09-08T10:10:00-04:00,DATA_UNAVAILABLE,,CDNS,MISSING,,,,,,,,,PRICE_CROSS_CHECK_FAILED,,,,
radar:2026-09-08:1010,2026-09-08T10:10:00-04:00,DATA_UNAVAILABLE,,SNPS,MISSING,,,,,,,,,PRICE_CROSS_CHECK_FAILED,,,,
radar:2026-09-08:1010,2026-09-08T10:10:00-04:00,DATA_UNAVAILABLE,,ORCL,MISSING,,,,,,,,,PRICE_CROSS_CHECK_FAILED,,,,
radar:2026-09-08:1010,2026-09-08T10:10:00-04:00,DATA_UNAVAILABLE,,NOW,MISSING,,,,,,,,,PRICE_CROSS_CHECK_FAILED,,,,
radar:2026-09-08:1010,2026-09-08T10:10:00-04:00,DATA_UNAVAILABLE,,ADBE,MISSING,,,,,,,,,PRICE_CROSS_CHECK_FAILED,,,,
radar:2026-09-08:1010,2026-09-08T10:10:00-04:00,DATA_UNAVAILABLE,,WDAY,MISSING,,,,,,,,,PRICE_CROSS_CHECK_FAILED,,,,
radar:2026-09-08:1010,2026-09-08T10:10:00-04:00,DATA_UNAVAILABLE,,MSFT,MISSING,,,,,,,,,PRICE_CROSS_CHECK_FAILED,,,,
radar:2026-09-08:1010,2026-09-08T10:10:00-04:00,DATA_UNAVAILABLE,,AMZN,MISSING,,,,,,,,,PRICE_CROSS_CHECK_FAILED,,,,
radar:2026-09-08:1010,2026-09-08T10:10:00-04:00,DATA_UNAVAILABLE,,BA,MISSING,,,,,,,,,PRICE_CROSS_CHECK_FAILED,,,,
radar:2026-09-08:1010,2026-09-08T10:10:00-04:00,DATA_UNAVAILABLE,,AMD,MISSING,,,,,,,,,PRICE_CROSS_CHECK_FAILED,,,,
radar:2026-09-08:1010,2026-09-08T10:10:00-04:00,DATA_UNAVAILABLE,,INTC,MISSING,,,,,,,,,PRICE_CROSS_CHECK_FAILED,,,,
radar:2026-09-08:1010,2026-09-08T10:10:00-04:00,DATA_UNAVAILABLE,,MRVL,MISSING,,,,,,,,,PRICE_CROSS_CHECK_FAILED,,,,
radar:2026-09-08:1010,2026-09-08T10:10:00-04:00,DATA_UNAVAILABLE,,MRNA,MISSING,,,,,,,,,PRICE_CROSS_CHECK_FAILED,,,,
radar:2026-09-08:1010,2026-09-08T10:10:00-04:00,DATA_UNAVAILABLE,,SNDK,MISSING,,,,,,,,,PRICE_CROSS_CHECK_FAILED,,,,
radar:2026-09-08:1010,2026-09-08T10:10:00-04:00,DATA_UNAVAILABLE,,GOOGL,MISSING,,,,,,,,,PRICE_CROSS_CHECK_FAILED,,,,
radar:2026-09-08:1010,2026-09-08T10:10:00-04:00,DATA_UNAVAILABLE,,GS,MISSING,,,,,,,,,PRICE_CROSS_CHECK_FAILED,,,,
radar:2026-09-08:1010,2026-09-08T10:10:00-04:00,DATA_UNAVAILABLE,,ABNB,MISSING,,,,,,,,,PRICE_CROSS_CHECK_FAILED,,,,
radar:2026-09-08:1010,2026-09-08T10:10:00-04:00,DATA_UNAVAILABLE,,DASH,MISSING,,,,,,,,,PRICE_CROSS_CHECK_FAILED,,,,
radar:2026-09-08:1010,2026-09-08T10:10:00-04:00,DATA_UNAVAILABLE,,MU,MISSING,,,,,,,,,PRICE_CROSS_CHECK_FAILED,,,,
radar:2026-09-08:1010,2026-09-08T10:10:00-04:00,DATA_UNAVAILABLE,,GE,MISSING,,,,,,,,,PRICE_CROSS_CHECK_FAILED,,,,
radar:2026-09-08:1010,2026-09-08T10:10:00-04:00,DATA_UNAVAILABLE,,JPM,MISSING,,,,,,,,,PRICE_CROSS_CHECK_FAILED,,,,
radar:2026-09-08:1010,2026-09-08T10:10:00-04:00,DATA_UNAVAILABLE,,BAC,MISSING,,,,,,,,,PRICE_CROSS_CHECK_FAILED,,,,
radar:2026-09-08:1010,2026-09-08T10:10:00-04:00,DATA_UNAVAILABLE,,MS,MISSING,,,,,,,,,PRICE_CROSS_CHECK_FAILED,,,,
radar:2026-09-08:1010,2026-09-08T10:10:00-04:00,DATA_UNAVAILABLE,,WMT,MISSING,,,,,,,,,PRICE_CROSS_CHECK_FAILED,,,,
radar:2026-09-08:1010,2026-09-08T10:10:00-04:00,DATA_UNAVAILABLE,,COIN,MISSING,,,,,,,,,PRICE_CROSS_CHECK_FAILED,,,,
radar:2026-09-08:1010,2026-09-08T10:10:00-04:00,DATA_UNAVAILABLE,,HOOD,MISSING,,,,,,,,,PRICE_CROSS_CHECK_FAILED,,,,
radar:2026-09-08:1010,2026-09-08T10:10:00-04:00,DATA_UNAVAILABLE,,PLTR,MISSING,,,,,,,,,PRICE_CROSS_CHECK_FAILED,,,,
radar:2026-09-08:1010,2026-09-08T10:10:00-04:00,DATA_UNAVAILABLE,,MSTR,MISSING,,,,,,,,,PRICE_CROSS_CHECK_FAILED,,,,
radar:2026-09-08:1010,2026-09-08T10:10:00-04:00,DATA_UNAVAILABLE,,META,MISSING,,,,,,,,,PRICE_CROSS_CHECK_FAILED,,,,
radar:2026-09-08:1010,2026-09-08T10:10:00-04:00,DATA_UNAVAILABLE,,NFLX,MISSING,,,,,,,,,PRICE_CROSS_CHECK_FAILED,,,,
radar:2026-09-08:1010,2026-09-08T10:10:00-04:00,DATA_UNAVAILABLE,,UBER,MISSING,,,,,,,,,PRICE_CROSS_CHECK_FAILED,,,,
radar:2026-09-08:1010,2026-09-08T10:10:00-04:00,DATA_UNAVAILABLE,,PYPL,MISSING,,,,,,,,,PRICE_CROSS_CHECK_FAILED,,,,
radar:2026-09-08:1010,2026-09-08T10:10:00-04:00,DATA_UNAVAILABLE,,V,MISSING,,,,,,,,,PRICE_CROSS_CHECK_FAILED,,,,
radar:2026-09-08:1010,2026-09-08T10:10:00-04:00,DATA_UNAVAILABLE,,EBAY,MISSING,,,,,,,,,PRICE_CROSS_CHECK_FAILED,,,,
radar:2026-09-08:1010,2026-09-08T10:10:00-04:00,DATA_UNAVAILABLE,,DIS,MISSING,,,,,,,,,PRICE_CROSS_CHECK_FAILED,,,,
radar:2026-09-08:1010,2026-09-08T10:10:00-04:00,DATA_UNAVAILABLE,,PG,MISSING,,,,,,,,,PRICE_CROSS_CHECK_FAILED,,,,
radar:2026-09-08:1010,2026-09-08T10:10:00-04:00,DATA_UNAVAILABLE,,CVX,MISSING,,,,,,,,,PRICE_CROSS_CHECK_FAILED,,,,
radar:2026-09-08:1010,2026-09-08T10:10:00-04:00,DATA_UNAVAILABLE,,QCOM,MISSING,,,,,,,,,PRICE_CROSS_CHECK_FAILED,,,,
radar:2026-09-08:1010,2026-09-08T10:10:00-04:00,DATA_UNAVAILABLE,,AMAT,MISSING,,,,,,,,,PRICE_CROSS_CHECK_FAILED,,,,
radar:2026-09-08:1010,2026-09-08T10:10:00-04:00,DATA_UNAVAILABLE,,TSLA,MISSING,,,,,,,,,PRICE_CROSS_CHECK_FAILED,,,,
radar:2026-09-08:1010,2026-09-08T10:10:00-04:00,DATA_UNAVAILABLE,,CSCO,MISSING,,,,,,,,,PRICE_CROSS_CHECK_FAILED,,,,
radar:2026-09-08:1010,2026-09-08T10:10:00-04:00,DATA_UNAVAILABLE,,ALAB,MISSING,,,,,,,,,PRICE_CROSS_CHECK_FAILED,,,,
radar:2026-09-08:1010,2026-09-08T10:10:00-04:00,DATA_UNAVAILABLE,,IBKR,MISSING,,,,,,,,,PRICE_CROSS_CHECK_FAILED,,,,
radar:2026-09-08:1010,2026-09-08T10:10:00-04:00,DATA_UNAVAILABLE,,LHX,MISSING,,,,,,,,,PRICE_CROSS_CHECK_FAILED,,,,
radar:2026-09-08:1010,2026-09-08T10:10:00-04:00,DATA_UNAVAILABLE,,NOC,MISSING,,,,,,,,,PRICE_CROSS_CHECK_FAILED,,,,
radar:2026-09-08:1010,2026-09-08T10:10:00-04:00,DATA_UNAVAILABLE,,ONDS,MISSING,,,,,,,,,PRICE_CROSS_CHECK_FAILED,,,,
radar:2026-09-08:1010,2026-09-08T10:10:00-04:00,DATA_UNAVAILABLE,,SPY,MISSING,,,,,,,,,PRICE_CROSS_CHECK_FAILED,,,,
radar:2026-09-08:1010,2026-09-08T10:10:00-04:00,DATA_UNAVAILABLE,,QQQ,MISSING,,,,,,,,,PRICE_CROSS_CHECK_FAILED,,,,
radar:2026-09-08:1010,2026-09-08T10:10:00-04:00,DATA_UNAVAILABLE,,VOO,MISSING,,,,,,,,,PRICE_CROSS_CHECK_FAILED,,,,
radar:2026-09-08:1010,2026-09-08T10:10:00-04:00,DATA_UNAVAILABLE,,IBIT,MISSING,,,,,,,,,PRICE_CROSS_CHECK_FAILED,,,,
radar:2026-09-08:1010,2026-09-08T10:10:00-04:00,DATA_UNAVAILABLE,,XLE,MISSING,,,,,,,,,PRICE_CROSS_CHECK_FAILED,,,,
radar:2026-09-08:1010,2026-09-08T10:10:00-04:00,DATA_UNAVAILABLE,,GLTR,MISSING,,,,,,,,,PRICE_CROSS_CHECK_FAILED,,,,
radar:2026-09-08:1010,2026-09-08T10:10:00-04:00,DATA_UNAVAILABLE,,REMX,MISSING,,,,,,,,,PRICE_CROSS_CHECK_FAILED,,,,
radar:2026-09-08:1010,2026-09-08T10:10:00-04:00,DATA_UNAVAILABLE,,ITA,MISSING,,,,,,,,,PRICE_CROSS_CHECK_FAILED,,,,
radar:2026-09-08:1010,2026-09-08T10:10:00-04:00,DATA_UNAVAILABLE,,XAR,MISSING,,,,,,,,,PRICE_CROSS_CHECK_FAILED,,,,
radar:2026-09-08:1020,2026-09-08T10:20:00-04:00,DATA_UNAVAILABLE,,NVDA,MISSING,,,,,,,,,PRICE_CROSS_CHECK_FAILED,,,,
radar:2026-09-08:1020,2026-09-08T10:20:00-04:00,DATA_UNAVAILABLE,,AVGO,MISSING,,,,,,,,,PRICE_CROSS_CHECK_FAILED,,,,
radar:2026-09-08:1020,2026-09-08T10:20:00-04:00,DATA_UNAVAILABLE,,DELL,MISSING,,,,,,,,,PRICE_CROSS_CHECK_FAILED,,,,
radar:2026-09-08:1020,2026-09-08T10:20:00-04:00,DATA_UNAVAILABLE,,AAPL,MISSING,,,,,,,,,PRICE_CROSS_CHECK_FAILED,,,,
radar:2026-09-08:1020,2026-09-08T10:20:00-04:00,DATA_UNAVAILABLE,,TXN,MISSING,,,,,,,,,PRICE_CROSS_CHECK_FAILED,,,,
radar:2026-09-08:1020,2026-09-08T10:20:00-04:00,DATA_UNAVAILABLE,,CDNS,MISSING,,,,,,,,,PRICE_CROSS_CHECK_FAILED,,,,
radar:2026-09-08:1020,2026-09-08T10:20:00-04:00,DATA_UNAVAILABLE,,SNPS,MISSING,,,,,,,,,PRICE_CROSS_CHECK_FAILED,,,,
radar:2026-09-08:1020,2026-09-08T10:20:00-04:00,DATA_UNAVAILABLE,,ORCL,MISSING,,,,,,,,,PRICE_CROSS_CHECK_FAILED,,,,
radar:2026-09-08:1020,2026-09-08T10:20:00-04:00,DATA_UNAVAILABLE,,NOW,MISSING,,,,,,,,,PRICE_CROSS_CHECK_FAILED,,,,
radar:2026-09-08:1020,2026-09-08T10:20:00-04:00,DATA_UNAVAILABLE,,ADBE,MISSING,,,,,,,,,PRICE_CROSS_CHECK_FAILED,,,,
radar:2026-09-08:1020,2026-09-08T10:20:00-04:00,DATA_UNAVAILABLE,,WDAY,MISSING,,,,,,,,,PRICE_CROSS_CHECK_FAILED,,,,
radar:2026-09-08:1020,2026-09-08T10:20:00-04:00,DATA_UNAVAILABLE,,MSFT,MISSING,,,,,,,,,PRICE_CROSS_CHECK_FAILED,,,,
radar:2026-09-08:1020,2026-09-08T10:20:00-04:00,DATA_UNAVAILABLE,,AMZN,MISSING,,,,,,,,,PRICE_CROSS_CHECK_FAILED,,,,
radar:2026-09-08:1020,2026-09-08T10:20:00-04:00,DATA_UNAVAILABLE,,BA,MISSING,,,,,,,,,PRICE_CROSS_CHECK_FAILED,,,,
radar:2026-09-08:1020,2026-09-08T10:20:00-04:00,DATA_UNAVAILABLE,,AMD,MISSING,,,,,,,,,PRICE_CROSS_CHECK_FAILED,,,,
radar:2026-09-08:1020,2026-09-08T10:20:00-04:00,DATA_UNAVAILABLE,,INTC,MISSING,,,,,,,,,PRICE_CROSS_CHECK_FAILED,,,,
radar:2026-09-08:1020,2026-09-08T10:20:00-04:00,DATA_UNAVAILABLE,,MRVL,MISSING,,,,,,,,,PRICE_CROSS_CHECK_FAILED,,,,
radar:2026-09-08:1020,2026-09-08T10:20:00-04:00,DATA_UNAVAILABLE,,MRNA,MISSING,,,,,,,,,PRICE_CROSS_CHECK_FAILED,,,,
radar:2026-09-08:1020,2026-09-08T10:20:00-04:00,DATA_UNAVAILABLE,,SNDK,MISSING,,,,,,,,,PRICE_CROSS_CHECK_FAILED,,,,
radar:2026-09-08:1020,2026-09-08T10:20:00-04:00,DATA_UNAVAILABLE,,GOOGL,MISSING,,,,,,,,,PRICE_CROSS_CHECK_FAILED,,,,
radar:2026-09-08:1020,2026-09-08T10:20:00-04:00,DATA_UNAVAILABLE,,GS,MISSING,,,,,,,,,PRICE_CROSS_CHECK_FAILED,,,,
radar:2026-09-08:1020,2026-09-08T10:20:00-04:00,DATA_UNAVAILABLE,,ABNB,MISSING,,,,,,,,,PRICE_CROSS_CHECK_FAILED,,,,
radar:2026-09-08:1020,2026-09-08T10:20:00-04:00,DATA_UNAVAILABLE,,DASH,MISSING,,,,,,,,,PRICE_CROSS_CHECK_FAILED,,,,
radar:2026-09-08:1020,2026-09-08T10:20:00-04:00,DATA_UNAVAILABLE,,MU,MISSING,,,,,,,,,PRICE_CROSS_CHECK_FAILED,,,,
radar:2026-09-08:1020,2026-09-08T10:20:00-04:00,DATA_UNAVAILABLE,,GE,MISSING,,,,,,,,,PRICE_CROSS_CHECK_FAILED,,,,
radar:2026-09-08:1020,2026-09-08T10:20:00-04:00,DATA_UNAVAILABLE,,JPM,MISSING,,,,,,,,,PRICE_CROSS_CHECK_FAILED,,,,
radar:2026-09-08:1020,2026-09-08T10:20:00-04:00,DATA_UNAVAILABLE,,BAC,MISSING,,,,,,,,,PRICE_CROSS_CHECK_FAILED,,,,
radar:2026-09-08:1020,2026-09-08T10:20:00-04:00,DATA_UNAVAILABLE,,MS,MISSING,,,,,,,,,PRICE_CROSS_CHECK_FAILED,,,,
radar:2026-09-08:1020,2026-09-08T10:20:00-04:00,DATA_UNAVAILABLE,,WMT,MISSING,,,,,,,,,PRICE_CROSS_CHECK_FAILED,,,,
radar:2026-09-08:1020,2026-09-08T10:20:00-04:00,DATA_UNAVAILABLE,,COIN,MISSING,,,,,,,,,PRICE_CROSS_CHECK_FAILED,,,,
radar:2026-09-08:1020,2026-09-08T10:20:00-04:00,DATA_UNAVAILABLE,,HOOD,MISSING,,,,,,,,,PRICE_CROSS_CHECK_FAILED,,,,
radar:2026-09-08:1020,2026-09-08T10:20:00-04:00,DATA_UNAVAILABLE,,PLTR,MISSING,,,,,,,,,PRICE_CROSS_CHECK_FAILED,,,,
radar:2026-09-08:1020,2026-09-08T10:20:00-04:00,DATA_UNAVAILABLE,,MSTR,MISSING,,,,,,,,,PRICE_CROSS_CHECK_FAILED,,,,
radar:2026-09-08:1020,2026-09-08T10:20:00-04:00,DATA_UNAVAILABLE,,META,MISSING,,,,,,,,,PRICE_CROSS_CHECK_FAILED,,,,
radar:2026-09-08:1020,2026-09-08T10:20:00-04:00,DATA_UNAVAILABLE,,NFLX,MISSING,,,,,,,,,PRICE_CROSS_CHECK_FAILED,,,,
radar:2026-09-08:1020,2026-09-08T10:20:00-04:00,DATA_UNAVAILABLE,,UBER,MISSING,,,,,,,,,PRICE_CROSS_CHECK_FAILED,,,,
radar:2026-09-08:1020,2026-09-08T10:20:00-04:00,DATA_UNAVAILABLE,,PYPL,MISSING,,,,,,,,,PRICE_CROSS_CHECK_FAILED,,,,
radar:2026-09-08:1020,2026-09-08T10:20:00-04:00,DATA_UNAVAILABLE,,V,MISSING,,,,,,,,,PRICE_CROSS_CHECK_FAILED,,,,
radar:2026-09-08:1020,2026-09-08T10:20:00-04:00,DATA_UNAVAILABLE,,EBAY,MISSING,,,,,,,,,PRICE_CROSS_CHECK_FAILED,,,,
radar:2026-09-08:1020,2026-09-08T10:20:00-04:00,DATA_UNAVAILABLE,,DIS,MISSING,,,,,,,,,PRICE_CROSS_CHECK_FAILED,,,,
radar:2026-09-08:1020,2026-09-08T10:20:00-04:00,DATA_UNAVAILABLE,,PG,MISSING,,,,,,,,,PRICE_CROSS_CHECK_FAILED,,,,
radar:2026-09-08:1020,2026-09-08T10:20:00-04:00,DATA_UNAVAILABLE,,CVX,MISSING,,,,,,,,,PRICE_CROSS_CHECK_FAILED,,,,
radar:2026-09-08:1020,2026-09-08T10:20:00-04:00,DATA_UNAVAILABLE,,QCOM,MISSING,,,,,,,,,PRICE_CROSS_CHECK_FAILED,,,,
radar:2026-09-08:1020,2026-09-08T10:20:00-04:00,DATA_UNAVAILABLE,,AMAT,MISSING,,,,,,,,,PRICE_CROSS_CHECK_FAILED,,,,
radar:2026-09-08:1020,2026-09-08T10:20:00-04:00,DATA_UNAVAILABLE,,TSLA,MISSING,,,,,,,,,PRICE_CROSS_CHECK_FAILED,,,,
radar:2026-09-08:1020,2026-09-08T10:20:00-04:00,DATA_UNAVAILABLE,,CSCO,MISSING,,,,,,,,,PRICE_CROSS_CHECK_FAILED,,,,
radar:2026-09-08:1020,2026-09-08T10:20:00-04:00,DATA_UNAVAILABLE,,ALAB,MISSING,,,,,,,,,PRICE_CROSS_CHECK_FAILED,,,,
radar:2026-09-08:1020,2026-09-08T10:20:00-04:00,DATA_UNAVAILABLE,,IBKR,MISSING,,,,,,,,,PRICE_CROSS_CHECK_FAILED,,,,
radar:2026-09-08:1020,2026-09-08T10:20:00-04:00,DATA_UNAVAILABLE,,LHX,MISSING,,,,,,,,,PRICE_CROSS_CHECK_FAILED,,,,
radar:2026-09-08:1020,2026-09-08T10:20:00-04:00,DATA_UNAVAILABLE,,NOC,MISSING,,,,,,,,,PRICE_CROSS_CHECK_FAILED,,,,
radar:2026-09-08:1020,2026-09-08T10:20:00-04:00,DATA_UNAVAILABLE,,ONDS,MISSING,,,,,,,,,PRICE_CROSS_CHECK_FAILED,,,,
radar:2026-09-08:1020,2026-09-08T10:20:00-04:00,DATA_UNAVAILABLE,,SPY,MISSING,,,,,,,,,PRICE_CROSS_CHECK_FAILED,,,,
radar:2026-09-08:1020,2026-09-08T10:20:00-04:00,DATA_UNAVAILABLE,,QQQ,MISSING,,,,,,,,,PRICE_CROSS_CHECK_FAILED,,,,
radar:2026-09-08:1020,2026-09-08T10:20:00-04:00,DATA_UNAVAILABLE,,VOO,MISSING,,,,,,,,,PRICE_CROSS_CHECK_FAILED,,,,
radar:2026-09-08:1020,2026-09-08T10:20:00-04:00,DATA_UNAVAILABLE,,IBIT,MISSING,,,,,,,,,PRICE_CROSS_CHECK_FAILED,,,,
radar:2026-09-08:1020,2026-09-08T10:20:00-04:00,DATA_UNAVAILABLE,,XLE,MISSING,,,,,,,,,PRICE_CROSS_CHECK_FAILED,,,,
radar:2026-09-08:1020,2026-09-08T10:20:00-04:00,DATA_UNAVAILABLE,,GLTR,MISSING,,,,,,,,,PRICE_CROSS_CHECK_FAILED,,,,
radar:2026-09-08:1020,2026-09-08T10:20:00-04:00,DATA_UNAVAILABLE,,REMX,MISSING,,,,,,,,,PRICE_CROSS_CHECK_FAILED,,,,
radar:2026-09-08:1020,2026-09-08T10:20:00-04:00,DATA_UNAVAILABLE,,ITA,MISSING,,,,,,,,,PRICE_CROSS_CHECK_FAILED,,,,
radar:2026-09-08:1020,2026-09-08T10:20:00-04:00,DATA_UNAVAILABLE,,XAR,MISSING,,,,,,,,,PRICE_CROSS_CHECK_FAILED,,,,
radar:2026-09-08:1030,2026-09-08T10:30:00-04:00,DATA_UNAVAILABLE,,NVDA,MISSING,,,,,,,,,PRICE_CROSS_CHECK_FAILED,,,,
radar:2026-09-08:1030,2026-09-08T10:30:00-04:00,DATA_UNAVAILABLE,,AVGO,MISSING,,,,,,,,,PRICE_CROSS_CHECK_FAILED,,,,
radar:2026-09-08:1030,2026-09-08T10:30:00-04:00,DATA_UNAVAILABLE,,DELL,MISSING,,,,,,,,,PRICE_CROSS_CHECK_FAILED,,,,
radar:2026-09-08:1030,2026-09-08T10:30:00-04:00,DATA_UNAVAILABLE,,AAPL,MISSING,,,,,,,,,PRICE_CROSS_CHECK_FAILED,,,,
radar:2026-09-08:1030,2026-09-08T10:30:00-04:00,DATA_UNAVAILABLE,,TXN,MISSING,,,,,,,,,PRICE_CROSS_CHECK_FAILED,,,,
radar:2026-09-08:1030,2026-09-08T10:30:00-04:00,DATA_UNAVAILABLE,,CDNS,MISSING,,,,,,,,,PRICE_CROSS_CHECK_FAILED,,,,
radar:2026-09-08:1030,2026-09-08T10:30:00-04:00,DATA_UNAVAILABLE,,SNPS,MISSING,,,,,,,,,PRICE_CROSS_CHECK_FAILED,,,,
radar:2026-09-08:1030,2026-09-08T10:30:00-04:00,DATA_UNAVAILABLE,,ORCL,MISSING,,,,,,,,,PRICE_CROSS_CHECK_FAILED,,,,
radar:2026-09-08:1030,2026-09-08T10:30:00-04:00,DATA_UNAVAILABLE,,NOW,MISSING,,,,,,,,,PRICE_CROSS_CHECK_FAILED,,,,
radar:2026-09-08:1030,2026-09-08T10:30:00-04:00,DATA_UNAVAILABLE,,ADBE,MISSING,,,,,,,,,PRICE_CROSS_CHECK_FAILED,,,,
radar:2026-09-08:1030,2026-09-08T10:30:00-04:00,DATA_UNAVAILABLE,,WDAY,MISSING,,,,,,,,,PRICE_CROSS_CHECK_FAILED,,,,
radar:2026-09-08:1030,2026-09-08T10:30:00-04:00,DATA_UNAVAILABLE,,MSFT,MISSING,,,,,,,,,PRICE_CROSS_CHECK_FAILED,,,,
radar:2026-09-08:1030,2026-09-08T10:30:00-04:00,DATA_UNAVAILABLE,,AMZN,MISSING,,,,,,,,,PRICE_CROSS_CHECK_FAILED,,,,
radar:2026-09-08:1030,2026-09-08T10:30:00-04:00,DATA_UNAVAILABLE,,BA,MISSING,,,,,,,,,PRICE_CROSS_CHECK_FAILED,,,,
radar:2026-09-08:1030,2026-09-08T10:30:00-04:00,DATA_UNAVAILABLE,,AMD,MISSING,,,,,,,,,PRICE_CROSS_CHECK_FAILED,,,,
radar:2026-09-08:1030,2026-09-08T10:30:00-04:00,DATA_UNAVAILABLE,,INTC,MISSING,,,,,,,,,PRICE_CROSS_CHECK_FAILED,,,,
radar:2026-09-08:1030,2026-09-08T10:30:00-04:00,DATA_UNAVAILABLE,,MRVL,MISSING,,,,,,,,,PRICE_CROSS_CHECK_FAILED,,,,
radar:2026-09-08:1030,2026-09-08T10:30:00-04:00,DATA_UNAVAILABLE,,MRNA,MISSING,,,,,,,,,PRICE_CROSS_CHECK_FAILED,,,,
radar:2026-09-08:1030,2026-09-08T10:30:00-04:00,DATA_UNAVAILABLE,,SNDK,MISSING,,,,,,,,,PRICE_CROSS_CHECK_FAILED,,,,
radar:2026-09-08:1030,2026-09-08T10:30:00-04:00,DATA_UNAVAILABLE,,GOOGL,MISSING,,,,,,,,,PRICE_CROSS_CHECK_FAILED,,,,
radar:2026-09-08:1030,2026-09-08T10:30:00-04:00,DATA_UNAVAILABLE,,GS,MISSING,,,,,,,,,PRICE_CROSS_CHECK_FAILED,,,,
radar:2026-09-08:1030,2026-09-08T10:30:00-04:00,DATA_UNAVAILABLE,,ABNB,MISSING,,,,,,,,,PRICE_CROSS_CHECK_FAILED,,,,
radar:2026-09-08:1030,2026-09-08T10:30:00-04:00,DATA_UNAVAILABLE,,DASH,MISSING,,,,,,,,,PRICE_CROSS_CHECK_FAILED,,,,
radar:2026-09-08:1030,2026-09-08T10:30:00-04:00,DATA_UNAVAILABLE,,MU,MISSING,,,,,,,,,PRICE_CROSS_CHECK_FAILED,,,,
radar:2026-09-08:1030,2026-09-08T10:30:00-04:00,DATA_UNAVAILABLE,,GE,MISSING,,,,,,,,,PRICE_CROSS_CHECK_FAILED,,,,
radar:2026-09-08:1030,2026-09-08T10:30:00-04:00,DATA_UNAVAILABLE,,JPM,MISSING,,,,,,,,,PRICE_CROSS_CHECK_FAILED,,,,
radar:2026-09-08:1030,2026-09-08T10:30:00-04:00,DATA_UNAVAILABLE,,BAC,MISSING,,,,,,,,,PRICE_CROSS_CHECK_FAILED,,,,
radar:2026-09-08:1030,2026-09-08T10:30:00-04:00,DATA_UNAVAILABLE,,MS,MISSING,,,,,,,,,PRICE_CROSS_CHECK_FAILED,,,,
radar:2026-09-08:1030,2026-09-08T10:30:00-04:00,DATA_UNAVAILABLE,,WMT,MISSING,,,,,,,,,PRICE_CROSS_CHECK_FAILED,,,,
radar:2026-09-08:1030,2026-09-08T10:30:00-04:00,DATA_UNAVAILABLE,,COIN,MISSING,,,,,,,,,PRICE_CROSS_CHECK_FAILED,,,,
radar:2026-09-08:1030,2026-09-08T10:30:00-04:00,DATA_UNAVAILABLE,,HOOD,MISSING,,,,,,,,,PRICE_CROSS_CHECK_FAILED,,,,
radar:2026-09-08:1030,2026-09-08T10:30:00-04:00,DATA_UNAVAILABLE,,PLTR,MISSING,,,,,,,,,PRICE_CROSS_CHECK_FAILED,,,,
radar:2026-09-08:1030,2026-09-08T10:30:00-04:00,DATA_UNAVAILABLE,,MSTR,MISSING,,,,,,,,,PRICE_CROSS_CHECK_FAILED,,,,
radar:2026-09-08:1030,2026-09-08T10:30:00-04:00,DATA_UNAVAILABLE,,META,MISSING,,,,,,,,,PRICE_CROSS_CHECK_FAILED,,,,
radar:2026-09-08:1030,2026-09-08T10:30:00-04:00,DATA_UNAVAILABLE,,NFLX,MISSING,,,,,,,,,PRICE_CROSS_CHECK_FAILED,,,,
radar:2026-09-08:1030,2026-09-08T10:30:00-04:00,DATA_UNAVAILABLE,,UBER,MISSING,,,,,,,,,PRICE_CROSS_CHECK_FAILED,,,,
radar:2026-09-08:1030,2026-09-08T10:30:00-04:00,DATA_UNAVAILABLE,,PYPL,MISSING,,,,,,,,,PRICE_CROSS_CHECK_FAILED,,,,
radar:2026-09-08:1030,2026-09-08T10:30:00-04:00,DATA_UNAVAILABLE,,V,MISSING,,,,,,,,,PRICE_CROSS_CHECK_FAILED,,,,
radar:2026-09-08:1030,2026-09-08T10:30:00-04:00,DATA_UNAVAILABLE,,EBAY,MISSING,,,,,,,,,PRICE_CROSS_CHECK_FAILED,,,,
radar:2026-09-08:1030,2026-09-08T10:30:00-04:00,DATA_UNAVAILABLE,,DIS,MISSING,,,,,,,,,PRICE_CROSS_CHECK_FAILED,,,,
radar:2026-09-08:1030,2026-09-08T10:30:00-04:00,DATA_UNAVAILABLE,,PG,MISSING,,,,,,,,,PRICE_CROSS_CHECK_FAILED,,,,
radar:2026-09-08:1030,2026-09-08T10:30:00-04:00,DATA_UNAVAILABLE,,CVX,MISSING,,,,,,,,,PRICE_CROSS_CHECK_FAILED,,,,
radar:2026-09-08:1030,2026-09-08T10:30:00-04:00,DATA_UNAVAILABLE,,QCOM,MISSING,,,,,,,,,PRICE_CROSS_CHECK_FAILED,,,,
radar:2026-09-08:1030,2026-09-08T10:30:00-04:00,DATA_UNAVAILABLE,,AMAT,MISSING,,,,,,,,,PRICE_CROSS_CHECK_FAILED,,,,
radar:2026-09-08:1030,2026-09-08T10:30:00-04:00,DATA_UNAVAILABLE,,TSLA,MISSING,,,,,,,,,PRICE_CROSS_CHECK_FAILED,,,,
radar:2026-09-08:1030,2026-09-08T10:30:00-04:00,DATA_UNAVAILABLE,,CSCO,MISSING,,,,,,,,,PRICE_CROSS_CHECK_FAILED,,,,
radar:2026-09-08:1030,2026-09-08T10:30:00-04:00,DATA_UNAVAILABLE,,ALAB,MISSING,,,,,,,,,PRICE_CROSS_CHECK_FAILED,,,,
radar:2026-09-08:1030,2026-09-08T10:30:00-04:00,DATA_UNAVAILABLE,,IBKR,MISSING,,,,,,,,,PRICE_CROSS_CHECK_FAILED,,,,
radar:2026-09-08:1030,2026-09-08T10:30:00-04:00,DATA_UNAVAILABLE,,LHX,MISSING,,,,,,,,,PRICE_CROSS_CHECK_FAILED,,,,
radar:2026-09-08:1030,2026-09-08T10:30:00-04:00,DATA_UNAVAILABLE,,NOC,MISSING,,,,,,,,,PRICE_CROSS_CHECK_FAILED,,,,
radar:2026-09-08:1030,2026-09-08T10:30:00-04:00,DATA_UNAVAILABLE,,ONDS,MISSING,,,,,,,,,PRICE_CROSS_CHECK_FAILED,,,,
radar:2026-09-08:1030,2026-09-08T10:30:00-04:00,DATA_UNAVAILABLE,,SPY,MISSING,,,,,,,,,PRICE_CROSS_CHECK_FAILED,,,,
radar:2026-09-08:1030,2026-09-08T10:30:00-04:00,DATA_UNAVAILABLE,,QQQ,MISSING,,,,,,,,,PRICE_CROSS_CHECK_FAILED,,,,
radar:2026-09-08:1030,2026-09-08T10:30:00-04:00,DATA_UNAVAILABLE,,VOO,MISSING,,,,,,,,,PRICE_CROSS_CHECK_FAILED,,,,
radar:2026-09-08:1030,2026-09-08T10:30:00-04:00,DATA_UNAVAILABLE,,IBIT,MISSING,,,,,,,,,PRICE_CROSS_CHECK_FAILED,,,,
radar:2026-09-08:1030,2026-09-08T10:30:00-04:00,DATA_UNAVAILABLE,,XLE,MISSING,,,,,,,,,PRICE_CROSS_CHECK_FAILED,,,,
radar:2026-09-08:1030,2026-09-08T10:30:00-04:00,DATA_UNAVAILABLE,,GLTR,MISSING,,,,,,,,,PRICE_CROSS_CHECK_FAILED,,,,
radar:2026-09-08:1030,2026-09-08T10:30:00-04:00,DATA_UNAVAILABLE,,REMX,MISSING,,,,,,,,,PRICE_CROSS_CHECK_FAILED,,,,
radar:2026-09-08:1030,2026-09-08T10:30:00-04:00,DATA_UNAVAILABLE,,ITA,MISSING,,,,,,,,,PRICE_CROSS_CHECK_FAILED,,,,
radar:2026-09-08:1030,2026-09-08T10:30:00-04:00,DATA_UNAVAILABLE,,XAR,MISSING,,,,,,,,,PRICE_CROSS_CHECK_FAILED,,,,
radar:2026-09-08:1040,2026-09-08T10:40:00-04:00,COMPLETED,1,INTC,OK,0.0,20.0,18.29,15.0,15.0,10.0,78.29,71.05,NO_VERIFIED_CATALYST|QUALITY_OR_LANE_BLOCKED,103.375,48944150.0,2.7862597639308295,
radar:2026-09-08:1040,2026-09-08T10:40:00-04:00,COMPLETED,2,TSLA,OK,0.0,19.87,16.55,15.0,15.0,10.0,76.42,68.56,NO_VERIFIED_CATALYST|QUALITY_OR_LANE_BLOCKED,364.6,17499229.0,2.5692162893348542,
radar:2026-09-08:1040,2026-09-08T10:40:00-04:00,COMPLETED,3,AMD,OK,0.0,18.33,17.26,15.0,15.0,10.0,75.59,67.45,NO_VERIFIED_CATALYST|RISK_TOO_SMALL,497.16,8349811.0,2.657643331420304,
radar:2026-09-08:1040,2026-09-08T10:40:00-04:00,COMPLETED,4,QCOM,OK,0.0,14.0,20.0,15.0,15.0,10.0,74.0,65.33,NO_VERIFIED_CATALYST|RISK_TOO_SMALL,176.714,11588589.0,7.097975099057199,
radar:2026-09-08:1040,2026-09-08T10:40:00-04:00,COMPLETED,5,ORCL,OK,0.0,11.93,20.0,15.0,15.0,10.0,71.93,62.58,NO_VERIFIED_CATALYST|QUALITY_OR_LANE_BLOCKED,162.84,16319368.0,4.001911891813478,
radar:2026-09-08:1040,2026-09-08T10:40:00-04:00,COMPLETED,6,AVGO,OK,0.0,14.63,12.56,15.0,15.0,10.0,67.19,56.26,NO_VERIFIED_CATALYST,367.975,8715016.0,2.0703376597865377,
radar:2026-09-08:1040,2026-09-08T10:40:00-04:00,COMPLETED,7,REMX,OK,0.0,12.37,14.37,15.0,15.0,10.0,66.74,55.65,NO_VERIFIED_CATALYST,77.07,232537.0,2.295738203078693,
radar:2026-09-08:1040,2026-09-08T10:40:00-04:00,COMPLETED,8,SNDK,OK,0.0,10.34,11.0,15.0,15.0,10.0,61.34,48.46,LIQUIDITY_WEAK|NO_VERIFIED_CATALYST,1775.0,4471478.0,1.8752874546148224,
radar:2026-09-08:1040,2026-09-08T10:40:00-04:00,COMPLETED,9,ONDS,OK,0.0,18.25,2.95,15.0,15.0,10.0,61.2,48.27,NO_VERIFIED_CATALYST,7.82,11050102.0,0.8689982301672767,
radar:2026-09-08:1040,2026-09-08T10:40:00-04:00,COMPLETED,10,MRVL,OK,0.0,9.45,10.74,15.0,15.0,10.0,60.19,46.92,NO_VERIFIED_CATALYST,227.52,8092900.0,1.8429362697147722,
radar:2026-09-08:1040,2026-09-08T10:40:00-04:00,COMPLETED,11,AMAT,OK,0.0,14.6,5.46,15.0,15.0,10.0,60.05,46.74,NO_VERIFIED_CATALYST,466.43,1578998.0,1.1822690920880239,
radar:2026-09-08:1040,2026-09-08T10:40:00-04:00,COMPLETED,12,XLE,OK,0.0,9.95,8.69,15.0,15.0,10.0,58.64,44.86,NO_VERIFIED_CATALYST,65.18,7313954.0,1.5860797273490774,
radar:2026-09-08:1040,2026-09-08T10:40:00-04:00,COMPLETED,13,HOOD,OK,0.0,4.17,16.0,10.25,15.0,10.0,55.42,40.56,NO_VERIFIED_CATALYST,123.055,9325579.0,2.5004203745522573,
radar:2026-09-08:1040,2026-09-08T10:40:00-04:00,COMPLETED,14,CVX,OK,0.0,9.13,5.87,15.0,15.0,10.0,55.0,40.0,NO_VERIFIED_CATALYST,212.56,1724886.0,1.2331623872209185,
radar:2026-09-08:1040,2026-09-08T10:40:00-04:00,COMPLETED,15,UBER,OK,0.0,14.0,14.49,0.0,15.0,10.0,53.49,37.99,NO_VERIFIED_CATALYST|RELATIVE_STRENGTH_NEGATIVE,72.725,6419502.0,2.311745017033139,
radar:2026-09-08:1040,2026-09-08T10:40:00-04:00,COMPLETED,16,ALAB,OK,0.0,14.0,13.73,0.0,15.0,10.0,52.73,36.98,NO_VERIFIED_CATALYST|RELATIVE_STRENGTH_NEGATIVE,299.49,1348420.0,2.2168465519517446,
radar:2026-09-08:1040,2026-09-08T10:40:00-04:00,COMPLETED,17,ABNB,OK,0.0,14.0,11.17,0.0,15.0,10.0,50.17,33.55,LIQUIDITY_WEAK|NO_VERIFIED_CATALYST|RELATIVE_STRENGTH_NEGATIVE,176.205,1747209.0,1.895777205836338,
radar:2026-09-08:1040,2026-09-08T10:40:00-04:00,COMPLETED,18,ADBE,OK,0.0,14.0,11.1,0.0,15.0,10.0,50.1,33.47,NO_VERIFIED_CATALYST|RELATIVE_STRENGTH_NEGATIVE,257.105,1463093.0,1.8873771755590054,
radar:2026-09-08:1040,2026-09-08T10:40:00-04:00,COMPLETED,19,NFLX,OK,0.0,11.0,12.26,0.0,15.0,10.0,48.27,31.02,NO_VERIFIED_CATALYST|RELATIVE_STRENGTH_NEGATIVE,76.405,10230436.0,2.032797905327352,
radar:2026-09-08:1040,2026-09-08T10:40:00-04:00,COMPLETED,20,DASH,OK,0.0,14.0,8.11,0.0,15.0,10.0,47.11,29.48,NO_VERIFIED_CATALYST|RELATIVE_STRENGTH_NEGATIVE,200.805,1118236.0,1.5140666949870236,
radar:2026-09-08:1040,2026-09-08T10:40:00-04:00,COMPLETED,21,MSTR,OK,0.0,14.54,7.47,0.0,15.0,10.0,47.02,29.35,LIQUIDITY_WEAK|NO_VERIFIED_CATALYST|RELATIVE_STRENGTH_NEGATIVE,137.736,7150929.0,1.4340375302469157,
radar:2026-09-08:1040,2026-09-08T10:40:00-04:00,COMPLETED,22,IBIT,OK,0.0,11.56,10.23,0.0,15.0,10.0,46.78,29.05,NO_VERIFIED_CATALYST|RELATIVE_STRENGTH_NEGATIVE,44.31,18933233.0,1.7786430986573964,
radar:2026-09-08:1040,2026-09-08T10:40:00-04:00,COMPLETED,23,NOW,OK,0.0,14.0,7.78,0.0,15.0,10.0,46.78,29.04,NO_VERIFIED_CATALYST|RELATIVE_STRENGTH_NEGATIVE,133.92,4634493.0,1.4724349539933108,
radar:2026-09-08:1040,2026-09-08T10:40:00-04:00,COMPLETED,24,BA,OK,0.0,5.8,5.38,9.76,15.0,10.0,45.93,27.91,NO_VERIFIED_CATALYST,213.72,1030698.0,1.1719353711859315,
radar:2026-09-08:1040,2026-09-08T10:40:00-04:00,COMPLETED,25,GE,OK,0.0,4.68,6.68,9.46,15.0,10.0,45.83,27.78,NO_VERIFIED_CATALYST,339.29,839638.0,1.3355133625966624,
radar:2026-09-08:1040,2026-09-08T10:40:00-04:00,COMPLETED,26,EBAY,OK,0.0,14.0,6.59,0.0,15.0,10.0,45.59,27.45,NO_VERIFIED_CATALYST|RELATIVE_STRENGTH_NEGATIVE,100.12,984304.0,1.3237294796820667,
radar:2026-09-08:1040,2026-09-08T10:40:00-04:00,COMPLETED,27,NOC,OK,0.0,3.15,7.07,9.65,15.0,10.0,44.87,26.49,NO_VERIFIED_CATALYST,518.455,168123.0,1.3836132956908795,
radar:2026-09-08:1040,2026-09-08T10:40:00-04:00,COMPLETED,28,SNPS,OK,0.0,2.8,7.68,9.2,15.0,10.0,44.67,26.23,NO_VERIFIED_CATALYST,396.2,459660.0,1.459934659856695,
radar:2026-09-08:1040,2026-09-08T10:40:00-04:00,COMPLETED,29,PYPL,OK,0.0,14.0,4.67,0.0,15.0,10.0,43.67,24.9,NO_VERIFIED_CATALYST|RELATIVE_STRENGTH_NEGATIVE,53.26,2424741.0,1.0841894354746549,
radar:2026-09-08:1040,2026-09-08T10:40:00-04:00,COMPLETED,30,MU,OK,0.0,0.1,12.81,5.47,15.0,10.0,43.38,24.51,NO_VERIFIED_CATALYST,1016.365,10448725.0,2.10153798253749,
radar:2026-09-08:1040,2026-09-08T10:40:00-04:00,COMPLETED,31,WDAY,OK,0.0,14.0,2.18,0.0,15.0,10.0,41.18,21.57,NO_VERIFIED_CATALYST|RELATIVE_STRENGTH_NEGATIVE,186.22,691536.0,0.7723782160097502,
radar:2026-09-08:1040,2026-09-08T10:40:00-04:00,COMPLETED,32,COIN,OK,0.0,11.26,3.75,0.0,15.0,10.0,40.01,20.01,NO_VERIFIED_CATALYST|RELATIVE_STRENGTH_NEGATIVE,180.185,1726387.0,0.9687595185725589,
radar:2026-09-08:1040,2026-09-08T10:40:00-04:00,COMPLETED,33,GOOGL,OK,0.0,5.32,9.51,0.0,15.0,10.0,39.82,19.77,NO_VERIFIED_CATALYST|RELATIVE_STRENGTH_NEGATIVE,335.27,6740715.0,1.68823571989298,
radar:2026-09-08:1040,2026-09-08T10:40:00-04:00,COMPLETED,34,NVDA,OK,0.0,6.3,8.06,0.0,15.0,10.0,39.36,19.15,NO_VERIFIED_CATALYST|RELATIVE_STRENGTH_NEGATIVE,227.25,34883109.0,1.5077394848524917,
radar:2026-09-08:1040,2026-09-08T10:40:00-04:00,COMPLETED,35,MRNA,OK,0.0,6.48,0.93,6.22,15.0,10.0,38.63,18.17,LIQUIDITY_WEAK|NO_VERIFIED_CATALYST,145.7,3698651.0,0.6156721640020668,
radar:2026-09-08:1040,2026-09-08T10:40:00-04:00,COMPLETED,36,XAR,OK,0.0,2.2,3.89,6.88,15.0,10.0,37.98,17.3,NO_VERIFIED_CATALYST,253.46,37071.0,0.9865393169614701,
radar:2026-09-08:1040,2026-09-08T10:40:00-04:00,COMPLETED,37,DELL,OK,0.0,3.3,5.12,4.3,15.0,10.0,37.71,16.95,NO_VERIFIED_CATALYST,523.0,1701494.0,1.139538483947037,
radar:2026-09-08:1040,2026-09-08T10:40:00-04:00,COMPLETED,38,AMZN,OK,0.0,6.24,5.8,0.0,15.0,10.0,37.04,16.05,NO_VERIFIED_CATALYST|RELATIVE_STRENGTH_NEGATIVE,255.055,7191064.0,1.2253279318502943,
radar:2026-09-08:1040,2026-09-08T10:40:00-04:00,COMPLETED,39,DIS,OK,0.0,4.36,5.56,1.9,15.0,10.0,36.81,15.75,NO_VERIFIED_CATALYST|RELATIVE_STRENGTH_NEGATIVE,104.66,1627738.0,1.1947561326041436,
radar:2026-09-08:1040,2026-09-08T10:40:00-04:00,COMPLETED,40,TXN,OK,0.0,2.58,1.3,7.85,15.0,10.0,36.73,15.64,NO_VERIFIED_CATALYST,259.41,639581.0,0.6619711241027266,
radar:2026-09-08:1040,2026-09-08T10:40:00-04:00,COMPLETED,41,SPY,OK,0.0,2.02,6.65,3.0,15.0,10.0,36.67,15.57,NO_VERIFIED_CATALYST,766.85,8679597.0,1.3313882500248964,
radar:2026-09-08:1040,2026-09-08T10:40:00-04:00,COMPLETED,42,QQQ,OK,0.0,0.86,6.25,4.5,15.0,10.0,36.61,15.48,NO_VERIFIED_CATALYST,717.64,7080280.0,1.2812647497018665,
radar:2026-09-08:1040,2026-09-08T10:40:00-04:00,COMPLETED,43,AAPL,OK,0.0,5.93,5.53,0.0,15.0,10.0,36.46,15.28,NO_VERIFIED_CATALYST|RELATIVE_STRENGTH_NEGATIVE,315.905,8480336.0,1.1915149972400463,
radar:2026-09-08:1040,2026-09-08T10:40:00-04:00,COMPLETED,44,MSFT,OK,0.0,7.23,4.21,0.0,15.0,10.0,36.44,15.26,NO_VERIFIED_CATALYST|RELATIVE_STRENGTH_NEGATIVE,491.955,4236085.0,1.0262858484299033,
radar:2026-09-08:1040,2026-09-08T10:40:00-04:00,COMPLETED,45,META,OK,0.0,0.41,5.67,5.08,15.0,10.0,36.15,14.87,NO_VERIFIED_CATALYST,616.23,3471718.0,1.2085580859403773,
radar:2026-09-08:1040,2026-09-08T10:40:00-04:00,COMPLETED,46,LHX,OK,0.0,3.45,3.14,4.39,15.0,10.0,35.97,14.63,NO_VERIFIED_CATALYST,255.93,253860.0,0.8923445045908686,
radar:2026-09-08:1040,2026-09-08T10:40:00-04:00,COMPLETED,47,ITA,OK,0.0,1.83,4.79,4.23,15.0,10.0,35.85,14.47,NO_VERIFIED_CATALYST,225.095,111791.0,1.0984093938452957,
radar:2026-09-08:1040,2026-09-08T10:40:00-04:00,COMPLETED,48,VOO,OK,0.0,2.02,5.66,3.0,15.0,10.0,35.68,14.24,NO_VERIFIED_CATALYST,704.94,1432064.0,1.2069864434440045,
radar:2026-09-08:1040,2026-09-08T10:40:00-04:00,COMPLETED,49,BAC,OK,0.0,2.23,4.97,2.73,15.0,10.0,34.94,13.25,NO_VERIFIED_CATALYST|RELATIVE_STRENGTH_NEGATIVE,62.38,5849647.0,1.121577380780641,
radar:2026-09-08:1040,2026-09-08T10:40:00-04:00,COMPLETED,50,JPM,OK,0.0,4.72,4.66,0.0,15.0,10.0,34.38,12.51,NO_VERIFIED_CATALYST|RELATIVE_STRENGTH_NEGATIVE,355.015,1060635.0,1.0829461755711123,
radar:2026-09-08:1040,2026-09-08T10:40:00-04:00,COMPLETED,51,CDNS,OK,0.0,2.26,4.36,2.69,15.0,10.0,34.31,12.41,NO_VERIFIED_CATALYST|RELATIVE_STRENGTH_NEGATIVE,291.28,420847.0,1.0445177396009486,
radar:2026-09-08:1040,2026-09-08T10:40:00-04:00,COMPLETED,52,IBKR,OK,0.0,6.65,2.34,0.0,15.0,10.0,33.99,11.99,NO_VERIFIED_CATALYST|RELATIVE_STRENGTH_NEGATIVE,91.3,552722.0,0.7927161946624869,
radar:2026-09-08:1040,2026-09-08T10:40:00-04:00,COMPLETED,53,V,OK,0.0,6.3,2.54,0.0,15.0,10.0,33.84,11.79,NO_VERIFIED_CATALYST|RELATIVE_STRENGTH_NEGATIVE,370.01,971974.0,0.8179083864720621,
radar:2026-09-08:1040,2026-09-08T10:40:00-04:00,COMPLETED,54,PLTR,OK,0.0,4.11,4.03,0.34,15.0,10.0,33.48,11.3,NO_VERIFIED_CATALYST|RELATIVE_STRENGTH_NEGATIVE,172.8,5975581.0,1.0042222571862638,
radar:2026-09-08:1040,2026-09-08T10:40:00-04:00,COMPLETED,55,WMT,OK,0.0,5.03,2.82,0.0,15.0,10.0,32.86,10.47,NO_VERIFIED_CATALYST|RELATIVE_STRENGTH_NEGATIVE,105.985,4276153.0,0.8530915706061087,
radar:2026-09-08:1040,2026-09-08T10:40:00-04:00,COMPLETED,56,CSCO,OK,0.0,1.38,0.41,5.6,15.0,10.0,32.39,9.85,NO_VERIFIED_CATALYST,109.2,1932841.0,0.5509025529119685,
radar:2026-09-08:1040,2026-09-08T10:40:00-04:00,COMPLETED,57,GS,OK,0.0,3.34,2.25,1.3,15.0,10.0,31.9,9.2,NO_VERIFIED_CATALYST|RELATIVE_STRENGTH_NEGATIVE,1031.17,254155.0,0.7813211945978309,
radar:2026-09-08:1040,2026-09-08T10:40:00-04:00,COMPLETED,58,MS,OK,0.0,3.97,2.18,0.5,15.0,10.0,31.65,8.87,NO_VERIFIED_CATALYST|RELATIVE_STRENGTH_NEGATIVE,215.87,525641.0,0.7731002572315436,
radar:2026-09-08:1040,2026-09-08T10:40:00-04:00,COMPLETED,59,PG,OK,0.0,4.74,1.91,0.0,15.0,10.0,31.65,8.87,NO_VERIFIED_CATALYST|RELATIVE_STRENGTH_NEGATIVE,144.953,1175492.0,0.7389700955399684,
radar:2026-09-08:1040,2026-09-08T10:40:00-04:00,COMPLETED,60,GLTR,OK,0.0,3.31,0.51,1.34,15.0,10.0,30.17,6.89,NO_VERIFIED_CATALYST|RELATIVE_STRENGTH_NEGATIVE,200.08,5998.0,0.5643365281459004,
radar:2026-09-08:1050,2026-09-08T10:50:00-04:00,COMPLETED,1,INTC,OK,0.0,19.71,16.89,15.0,15.0,10.0,76.6,68.79,NO_VERIFIED_CATALYST|QUALITY_OR_LANE_BLOCKED,102.9,52423371.0,2.6112712752866716,
radar:2026-09-08:1050,2026-09-08T10:50:00-04:00,COMPLETED,2,AMD,OK,0.0,20.0,15.6,15.0,15.0,10.0,75.6,67.47,NO_VERIFIED_CATALYST|RISK_TOO_SMALL,498.87,8798326.0,2.4503399177093517,
radar:2026-09-08:1050,2026-09-08T10:50:00-04:00,COMPLETED,3,QCOM,OK,0.0,14.0,20.0,15.0,15.0,10.0,74.0,65.33,NO_VERIFIED_CATALYST|RISK_TOO_SMALL,176.49,11970491.0,6.41537592375682,
radar:2026-09-08:1050,2026-09-08T10:50:00-04:00,COMPLETED,4,TSLA,OK,0.0,18.28,15.46,15.0,15.0,10.0,73.74,64.99,NO_VERIFIED_CATALYST|QUALITY_OR_LANE_BLOCKED,363.99,18936769.0,2.4327297622768405,
radar:2026-09-08:1050,2026-09-08T10:50:00-04:00,COMPLETED,5,ORCL,OK,0.0,13.52,20.0,15.0,15.0,10.0,73.52,64.69,NO_VERIFIED_CATALYST|QUALITY_OR_LANE_BLOCKED,163.379,17375766.0,3.728330303218289,
radar:2026-09-08:1050,2026-09-08T10:50:00-04:00,COMPLETED,6,AVGO,OK,0.0,16.56,11.19,15.0,15.0,10.0,67.75,57.0,NO_VERIFIED_CATALYST,368.69,9136363.0,1.899120729212149,
radar:2026-09-08:1050,2026-09-08T10:50:00-04:00,COMPLETED,7,REMX,OK,0.0,12.02,13.96,15.0,15.0,10.0,65.98,54.64,NO_VERIFIED_CATALYST,77.065,259950.0,2.245568731748123,
radar:2026-09-08:1050,2026-09-08T10:50:00-04:00,COMPLETED,8,SNDK,OK,0.0,12.59,10.06,15.0,15.0,10.0,62.65,50.2,NO_VERIFIED_CATALYST,1779.0,4788731.0,1.7572899542178368,
radar:2026-09-08:1050,2026-09-08T10:50:00-04:00,COMPLETED,9,AMAT,OK,0.0,14.1,4.7,15.0,15.0,10.0,58.8,45.07,NO_VERIFIED_CATALYST,466.27,1660536.0,1.0879007748357645,
radar:2026-09-08:1050,2026-09-08T10:50:00-04:00,COMPLETED,10,MRVL,OK,0.0,7.61,9.44,14.71,15.0,10.0,56.76,42.35,LIQUIDITY_WEAK|NO_VERIFIED_CATALYST,227.13,8429010.0,1.6795345675602462,
radar:2026-09-08:1050,2026-09-08T10:50:00-04:00,COMPLETED,11,ONDS,OK,0.0,11.68,2.85,15.0,15.0,10.0,54.52,39.37,NO_VERIFIED_CATALYST,7.769,12437873.0,0.8558643911849341,
radar:2026-09-08:1050,2026-09-08T10:50:00-04:00,COMPLETED,12,XLE,OK,0.0,6.81,7.93,13.86,15.0,10.0,53.6,38.14,NO_VERIFIED_CATALYST,64.995,7858877.0,1.491212432364536,
radar:2026-09-08:1050,2026-09-08T10:50:00-04:00,COMPLETED,13,CVX,OK,0.0,7.65,5.5,14.94,15.0,10.0,53.09,37.46,NO_VERIFIED_CATALYST,212.02,1898747.0,1.1877723406995706,
radar:2026-09-08:1050,2026-09-08T10:50:00-04:00,COMPLETED,14,UBER,OK,0.0,14.0,13.72,0.0,15.0,10.0,52.72,36.96,NO_VERIFIED_CATALYST|RELATIVE_STRENGTH_NEGATIVE,73.125,7030565.0,2.2153127855537864,
radar:2026-09-08:1050,2026-09-08T10:50:00-04:00,COMPLETED,15,ALAB,OK,0.0,14.0,12.42,0.0,15.0,10.0,51.42,35.22,NO_VERIFIED_CATALYST|RELATIVE_STRENGTH_NEGATIVE,301.0,1426679.0,2.0523099490602856,
radar:2026-09-08:1050,2026-09-08T10:50:00-04:00,COMPLETED,16,ADBE,OK,0.0,14.0,10.01,0.0,15.0,10.0,49.01,32.02,NO_VERIFIED_CATALYST|RELATIVE_STRENGTH_NEGATIVE,256.88,1551792.0,1.7515660119540404,
radar:2026-09-08:1050,2026-09-08T10:50:00-04:00,COMPLETED,17,ABNB,OK,0.0,13.35,10.57,0.0,15.0,10.0,48.92,31.9,NO_VERIFIED_CATALYST|RELATIVE_STRENGTH_NEGATIVE,176.735,1918623.0,1.8215383534117568,
radar:2026-09-08:1050,2026-09-08T10:50:00-04:00,COMPLETED,18,MSTR,OK,0.0,16.19,6.65,0.0,15.0,10.0,47.84,30.46,NO_VERIFIED_CATALYST|RELATIVE_STRENGTH_NEGATIVE,138.125,7588316.0,1.3315261309546944,
radar:2026-09-08:1050,2026-09-08T10:50:00-04:00,COMPLETED,19,NFLX,OK,0.0,10.94,11.07,0.0,15.0,10.0,47.01,29.34,NO_VERIFIED_CATALYST|RELATIVE_STRENGTH_NEGATIVE,76.73,10832273.0,1.8833276953979259,
radar:2026-09-08:1050,2026-09-08T10:50:00-04:00,COMPLETED,20,HOOD,OK,0.0,0.69,14.78,5.99,15.0,10.0,46.45,28.61,LIQUIDITY_WEAK|NO_VERIFIED_CATALYST,122.29,10005045.0,2.3472670612295414,
radar:2026-09-08:1050,2026-09-08T10:50:00-04:00,COMPLETED,21,DASH,OK,0.0,14.0,7.34,0.0,15.0,10.0,46.34,28.45,NO_VERIFIED_CATALYST|RELATIVE_STRENGTH_NEGATIVE,201.28,1196192.0,1.4171592793695065,
radar:2026-09-08:1050,2026-09-08T10:50:00-04:00,COMPLETED,22,IBIT,OK,0.0,11.93,9.15,0.0,15.0,10.0,46.07,28.1,NO_VERIFIED_CATALYST|RELATIVE_STRENGTH_NEGATIVE,44.48,19993613.0,1.6434691194338633,
radar:2026-09-08:1050,2026-09-08T10:50:00-04:00,COMPLETED,23,NOW,OK,0.0,14.0,6.77,0.0,15.0,10.0,45.77,27.69,NO_VERIFIED_CATALYST|RELATIVE_STRENGTH_NEGATIVE,134.04,4841026.0,1.3457907461798986,
radar:2026-09-08:1050,2026-09-08T10:50:00-04:00,COMPLETED,24,SNPS,OK,0.0,3.87,6.81,10.08,15.0,10.0,45.75,27.67,NO_VERIFIED_CATALYST,397.105,486095.0,1.3509027783277505,
radar:2026-09-08:1050,2026-09-08T10:50:00-04:00,COMPLETED,25,BA,OK,0.0,5.94,4.8,9.43,15.0,10.0,45.17,26.9,NO_VERIFIED_CATALYST,213.78,1105653.0,1.1000117194261154,
radar:2026-09-08:1050,2026-09-08T10:50:00-04:00,COMPLETED,26,EBAY,OK,0.0,13.58,5.91,0.0,15.0,10.0,44.49,25.99,NO_VERIFIED_CATALYST|RELATIVE_STRENGTH_NEGATIVE,100.4,1052842.0,1.2389090540796257,
radar:2026-09-08:1050,2026-09-08T10:50:00-04:00,COMPLETED,27,GE,OK,0.0,4.14,6.07,8.7,15.0,10.0,43.91,25.22,NO_VERIFIED_CATALYST,339.14,904236.0,1.2584738051790394,
radar:2026-09-08:1050,2026-09-08T10:50:00-04:00,COMPLETED,28,PYPL,OK,0.0,14.0,4.53,0.0,15.0,10.0,43.53,24.71,NO_VERIFIED_CATALYST|RELATIVE_STRENGTH_NEGATIVE,53.31,2725852.0,1.0664692107828901,
radar:2026-09-08:1050,2026-09-08T10:50:00-04:00,COMPLETED,29,MU,OK,0.0,0.27,11.6,5.45,15.0,10.0,42.32,23.09,NO_VERIFIED_CATALYST,1017.18,11079305.0,1.9498118130437243,
radar:2026-09-08:1050,2026-09-08T10:50:00-04:00,COMPLETED,30,GOOGL,OK,0.0,5.6,9.19,1.81,15.0,10.0,41.59,22.12,NO_VERIFIED_CATALYST|RELATIVE_STRENGTH_NEGATIVE,336.6,7521399.0,1.6482837689686205,
radar:2026-09-08:1050,2026-09-08T10:50:00-04:00,COMPLETED,31,WDAY,OK,0.0,14.0,1.77,0.0,15.0,10.0,40.77,21.03,NO_VERIFIED_CATALYST|RELATIVE_STRENGTH_NEGATIVE,185.99,738048.0,0.7212836125799104,
radar:2026-09-08:1050,2026-09-08T10:50:00-04:00,COMPLETED,32,NOC,OK,0.0,1.93,6.24,7.59,15.0,10.0,40.75,21.01,NO_VERIFIED_CATALYST,517.11,177742.0,1.279923145999731,
radar:2026-09-08:1050,2026-09-08T10:50:00-04:00,COMPLETED,33,COIN,OK,0.0,11.65,3.27,0.0,15.0,10.0,39.92,19.89,NO_VERIFIED_CATALYST|RELATIVE_STRENGTH_NEGATIVE,180.97,1851283.0,0.908985328021325,
radar:2026-09-08:1050,2026-09-08T10:50:00-04:00,COMPLETED,34,NVDA,OK,0.0,6.42,7.41,0.0,15.0,10.0,38.83,18.44,NO_VERIFIED_CATALYST|RELATIVE_STRENGTH_NEGATIVE,227.19,37701523.0,1.4258579200000905,
radar:2026-09-08:1050,2026-09-08T10:50:00-04:00,COMPLETED,35,XAR,OK,0.0,3.28,3.44,7.05,15.0,10.0,38.77,18.36,NO_VERIFIED_CATALYST,253.74,39914.0,0.9294190807126198,
radar:2026-09-08:1050,2026-09-08T10:50:00-04:00,COMPLETED,36,MRNA,OK,0.0,7.15,0.97,3.62,15.0,10.0,36.74,15.66,NO_VERIFIED_CATALYST,145.19,4264502.0,0.6211274484728162,
radar:2026-09-08:1050,2026-09-08T10:50:00-04:00,COMPLETED,37,DIS,OK,0.0,4.37,4.81,1.86,15.0,10.0,36.04,14.72,NO_VERIFIED_CATALYST|RELATIVE_STRENGTH_NEGATIVE,104.74,1714724.0,1.1012735968041707,
radar:2026-09-08:1050,2026-09-08T10:50:00-04:00,COMPLETED,38,MSFT,OK,0.0,6.94,3.66,0.0,15.0,10.0,35.6,14.13,NO_VERIFIED_CATALYST|RELATIVE_STRENGTH_NEGATIVE,492.27,4516336.0,0.957406019036502,
radar:2026-09-08:1050,2026-09-08T10:50:00-04:00,COMPLETED,39,QQQ,OK,0.0,0.43,5.6,4.54,15.0,10.0,35.58,14.11,NO_VERIFIED_CATALYST,718.29,7580746.0,1.2003464851055896,
radar:2026-09-08:1050,2026-09-08T10:50:00-04:00,COMPLETED,40,AAPL,OK,0.0,5.56,4.93,0.0,15.0,10.0,35.48,13.98,NO_VERIFIED_CATALYST|RELATIVE_STRENGTH_NEGATIVE,316.16,9076744.0,1.1158935686549816,
radar:2026-09-08:1050,2026-09-08T10:50:00-04:00,COMPLETED,41,SPY,OK,0.0,1.64,5.76,3.0,15.0,10.0,35.4,13.87,NO_VERIFIED_CATALYST,767.49,9093602.0,1.2205268445476276,
radar:2026-09-08:1050,2026-09-08T10:50:00-04:00,COMPLETED,42,AMZN,OK,0.0,5.09,5.31,0.0,15.0,10.0,35.4,13.86,NO_VERIFIED_CATALYST|RELATIVE_STRENGTH_NEGATIVE,256.24,7804648.0,1.16364024928877,
radar:2026-09-08:1050,2026-09-08T10:50:00-04:00,COMPLETED,43,DELL,OK,0.0,2.88,4.75,2.71,15.0,10.0,35.34,13.78,NO_VERIFIED_CATALYST|RELATIVE_STRENGTH_NEGATIVE,522.045,1867488.0,1.0943660935067037,
radar:2026-09-08:1050,2026-09-08T10:50:00-04:00,COMPLETED,44,ITA,OK,0.0,1.83,4.28,4.04,15.0,10.0,35.15,13.53,NO_VERIFIED_CATALYST,225.21,120347.0,1.0346629566386647,
radar:2026-09-08:1050,2026-09-08T10:50:00-04:00,COMPLETED,45,TXN,OK,0.0,2.0,0.94,7.03,15.0,10.0,34.97,13.29,NO_VERIFIED_CATALYST,259.27,681725.0,0.6173890845616268,
radar:2026-09-08:1050,2026-09-08T10:50:00-04:00,COMPLETED,46,LHX,OK,0.0,3.24,2.79,3.91,15.0,10.0,34.94,13.26,NO_VERIFIED_CATALYST,255.94,275924.0,0.848660501252438,
radar:2026-09-08:1050,2026-09-08T10:50:00-04:00,COMPLETED,47,META,OK,0.0,0.82,4.95,4.05,15.0,10.0,34.82,13.1,NO_VERIFIED_CATALYST,615.69,3674150.0,1.1191446025127165,
radar:2026-09-08:1050,2026-09-08T10:50:00-04:00,COMPLETED,48,VOO,OK,0.0,1.67,4.98,2.96,15.0,10.0,34.61,12.81,NO_VERIFIED_CATALYST|RELATIVE_STRENGTH_NEGATIVE,705.475,1522398.0,1.1227276132769461,
radar:2026-09-08:1050,2026-09-08T10:50:00-04:00,COMPLETED,49,JPM,OK,0.0,4.57,4.32,0.0,15.0,10.0,33.88,11.85,NO_VERIFIED_CATALYST|RELATIVE_STRENGTH_NEGATIVE,355.13,1163607.0,1.0395693757475812,
radar:2026-09-08:1050,2026-09-08T10:50:00-04:00,COMPLETED,50,IBKR,OK,0.0,6.65,2.02,0.0,15.0,10.0,33.67,11.56,NO_VERIFIED_CATALYST|RELATIVE_STRENGTH_NEGATIVE,91.3,599845.0,0.7527595208731126,
radar:2026-09-08:1050,2026-09-08T10:50:00-04:00,COMPLETED,51,BAC,OK,0.0,2.9,4.34,1.37,15.0,10.0,33.62,11.49,NO_VERIFIED_CATALYST|RELATIVE_STRENGTH_NEGATIVE,62.29,6215624.0,1.0427748603565712,
radar:2026-09-08:1050,2026-09-08T10:50:00-04:00,COMPLETED,52,WMT,OK,0.0,5.71,2.78,0.0,15.0,10.0,33.49,11.32,NO_VERIFIED_CATALYST|RELATIVE_STRENGTH_NEGATIVE,105.83,4855759.0,0.8476289344226051,
radar:2026-09-08:1050,2026-09-08T10:50:00-04:00,COMPLETED,53,CDNS,OK,0.0,2.8,4.04,1.51,15.0,10.0,33.34,11.12,NO_VERIFIED_CATALYST|RELATIVE_STRENGTH_NEGATIVE,290.945,462748.0,1.0049451753156013,
radar:2026-09-08:1050,2026-09-08T10:50:00-04:00,COMPLETED,54,V,OK,0.0,5.77,2.22,0.0,15.0,10.0,32.99,10.66,NO_VERIFIED_CATALYST|RELATIVE_STRENGTH_NEGATIVE,370.43,1056260.0,0.7777268301446014,
radar:2026-09-08:1050,2026-09-08T10:50:00-04:00,COMPLETED,55,PLTR,OK,0.0,4.14,3.71,0.0,15.0,10.0,32.85,10.47,NO_VERIFIED_CATALYST|RELATIVE_STRENGTH_NEGATIVE,172.8,6552517.0,0.9635274589926723,
radar:2026-09-08:1050,2026-09-08T10:50:00-04:00,COMPLETED,56,CSCO,OK,0.0,1.24,0.33,4.88,15.0,10.0,31.46,8.61,NO_VERIFIED_CATALYST,109.16,2170718.0,0.541362660190588,
radar:2026-09-08:1050,2026-09-08T10:50:00-04:00,COMPLETED,57,GS,OK,0.0,2.98,1.86,1.27,15.0,10.0,31.11,8.15,NO_VERIFIED_CATALYST|RELATIVE_STRENGTH_NEGATIVE,1031.975,272425.0,0.732797774137161,
radar:2026-09-08:1050,2026-09-08T10:50:00-04:00,COMPLETED,58,MS,OK,0.0,3.32,1.88,0.83,15.0,10.0,31.04,8.05,NO_VERIFIED_CATALYST|RELATIVE_STRENGTH_NEGATIVE,216.17,571614.0,0.7356236386414065,
radar:2026-09-08:1050,2026-09-08T10:50:00-04:00,COMPLETED,59,PG,OK,0.0,4.53,1.51,0.0,15.0,10.0,31.04,8.05,NO_VERIFIED_CATALYST|RELATIVE_STRENGTH_NEGATIVE,145.02,1252722.0,0.6890775882289921,
radar:2026-09-08:1050,2026-09-08T10:50:00-04:00,COMPLETED,60,GLTR,OK,0.0,3.29,0.99,0.88,15.0,10.0,30.15,6.87,NO_VERIFIED_CATALYST|RELATIVE_STRENGTH_NEGATIVE,200.09,7578.0,0.6238677501759031,
radar:2026-09-08:1100,2026-09-08T11:00:00-04:00,DATA_UNAVAILABLE,,NVDA,MISSING,,,,,,,,,PRICE_CROSS_CHECK_FAILED,,,,
radar:2026-09-08:1100,2026-09-08T11:00:00-04:00,DATA_UNAVAILABLE,,AVGO,MISSING,,,,,,,,,PRICE_CROSS_CHECK_FAILED,,,,
radar:2026-09-08:1100,2026-09-08T11:00:00-04:00,DATA_UNAVAILABLE,,DELL,MISSING,,,,,,,,,PRICE_CROSS_CHECK_FAILED,,,,
radar:2026-09-08:1100,2026-09-08T11:00:00-04:00,DATA_UNAVAILABLE,,AAPL,MISSING,,,,,,,,,PRICE_CROSS_CHECK_FAILED,,,,
radar:2026-09-08:1100,2026-09-08T11:00:00-04:00,DATA_UNAVAILABLE,,TXN,MISSING,,,,,,,,,PRICE_CROSS_CHECK_FAILED,,,,
radar:2026-09-08:1100,2026-09-08T11:00:00-04:00,DATA_UNAVAILABLE,,CDNS,MISSING,,,,,,,,,PRICE_CROSS_CHECK_FAILED,,,,
radar:2026-09-08:1100,2026-09-08T11:00:00-04:00,DATA_UNAVAILABLE,,SNPS,MISSING,,,,,,,,,PRICE_CROSS_CHECK_FAILED,,,,
radar:2026-09-08:1100,2026-09-08T11:00:00-04:00,DATA_UNAVAILABLE,,ORCL,MISSING,,,,,,,,,PRICE_CROSS_CHECK_FAILED,,,,
radar:2026-09-08:1100,2026-09-08T11:00:00-04:00,DATA_UNAVAILABLE,,NOW,MISSING,,,,,,,,,PRICE_CROSS_CHECK_FAILED,,,,
radar:2026-09-08:1100,2026-09-08T11:00:00-04:00,DATA_UNAVAILABLE,,ADBE,MISSING,,,,,,,,,PRICE_CROSS_CHECK_FAILED,,,,
radar:2026-09-08:1100,2026-09-08T11:00:00-04:00,DATA_UNAVAILABLE,,WDAY,MISSING,,,,,,,,,PRICE_CROSS_CHECK_FAILED,,,,
radar:2026-09-08:1100,2026-09-08T11:00:00-04:00,DATA_UNAVAILABLE,,MSFT,MISSING,,,,,,,,,PRICE_CROSS_CHECK_FAILED,,,,
radar:2026-09-08:1100,2026-09-08T11:00:00-04:00,DATA_UNAVAILABLE,,AMZN,MISSING,,,,,,,,,PRICE_CROSS_CHECK_FAILED,,,,
radar:2026-09-08:1100,2026-09-08T11:00:00-04:00,DATA_UNAVAILABLE,,BA,MISSING,,,,,,,,,PRICE_CROSS_CHECK_FAILED,,,,
radar:2026-09-08:1100,2026-09-08T11:00:00-04:00,DATA_UNAVAILABLE,,AMD,MISSING,,,,,,,,,PRICE_CROSS_CHECK_FAILED,,,,
radar:2026-09-08:1100,2026-09-08T11:00:00-04:00,DATA_UNAVAILABLE,,INTC,MISSING,,,,,,,,,PRICE_CROSS_CHECK_FAILED,,,,
radar:2026-09-08:1100,2026-09-08T11:00:00-04:00,DATA_UNAVAILABLE,,MRVL,MISSING,,,,,,,,,PRICE_CROSS_CHECK_FAILED,,,,
radar:2026-09-08:1100,2026-09-08T11:00:00-04:00,DATA_UNAVAILABLE,,MRNA,MISSING,,,,,,,,,PRICE_CROSS_CHECK_FAILED,,,,
radar:2026-09-08:1100,2026-09-08T11:00:00-04:00,DATA_UNAVAILABLE,,SNDK,MISSING,,,,,,,,,PRICE_CROSS_CHECK_FAILED,,,,
radar:2026-09-08:1100,2026-09-08T11:00:00-04:00,DATA_UNAVAILABLE,,GOOGL,MISSING,,,,,,,,,PRICE_CROSS_CHECK_FAILED,,,,
radar:2026-09-08:1100,2026-09-08T11:00:00-04:00,DATA_UNAVAILABLE,,GS,MISSING,,,,,,,,,PRICE_CROSS_CHECK_FAILED,,,,
radar:2026-09-08:1100,2026-09-08T11:00:00-04:00,DATA_UNAVAILABLE,,ABNB,MISSING,,,,,,,,,PRICE_CROSS_CHECK_FAILED,,,,
radar:2026-09-08:1100,2026-09-08T11:00:00-04:00,DATA_UNAVAILABLE,,DASH,MISSING,,,,,,,,,PRICE_CROSS_CHECK_FAILED,,,,
radar:2026-09-08:1100,2026-09-08T11:00:00-04:00,DATA_UNAVAILABLE,,MU,MISSING,,,,,,,,,PRICE_CROSS_CHECK_FAILED,,,,
radar:2026-09-08:1100,2026-09-08T11:00:00-04:00,DATA_UNAVAILABLE,,GE,MISSING,,,,,,,,,PRICE_CROSS_CHECK_FAILED,,,,
radar:2026-09-08:1100,2026-09-08T11:00:00-04:00,DATA_UNAVAILABLE,,JPM,MISSING,,,,,,,,,PRICE_CROSS_CHECK_FAILED,,,,
radar:2026-09-08:1100,2026-09-08T11:00:00-04:00,DATA_UNAVAILABLE,,BAC,MISSING,,,,,,,,,PRICE_CROSS_CHECK_FAILED,,,,
radar:2026-09-08:1100,2026-09-08T11:00:00-04:00,DATA_UNAVAILABLE,,MS,MISSING,,,,,,,,,PRICE_CROSS_CHECK_FAILED,,,,
radar:2026-09-08:1100,2026-09-08T11:00:00-04:00,DATA_UNAVAILABLE,,WMT,MISSING,,,,,,,,,PRICE_CROSS_CHECK_FAILED,,,,
radar:2026-09-08:1100,2026-09-08T11:00:00-04:00,DATA_UNAVAILABLE,,COIN,MISSING,,,,,,,,,PRICE_CROSS_CHECK_FAILED,,,,
radar:2026-09-08:1100,2026-09-08T11:00:00-04:00,DATA_UNAVAILABLE,,HOOD,MISSING,,,,,,,,,PRICE_CROSS_CHECK_FAILED,,,,
radar:2026-09-08:1100,2026-09-08T11:00:00-04:00,DATA_UNAVAILABLE,,PLTR,MISSING,,,,,,,,,PRICE_CROSS_CHECK_FAILED,,,,
radar:2026-09-08:1100,2026-09-08T11:00:00-04:00,DATA_UNAVAILABLE,,MSTR,MISSING,,,,,,,,,PRICE_CROSS_CHECK_FAILED,,,,
radar:2026-09-08:1100,2026-09-08T11:00:00-04:00,DATA_UNAVAILABLE,,META,MISSING,,,,,,,,,PRICE_CROSS_CHECK_FAILED,,,,
radar:2026-09-08:1100,2026-09-08T11:00:00-04:00,DATA_UNAVAILABLE,,NFLX,MISSING,,,,,,,,,PRICE_CROSS_CHECK_FAILED,,,,
radar:2026-09-08:1100,2026-09-08T11:00:00-04:00,DATA_UNAVAILABLE,,UBER,MISSING,,,,,,,,,PRICE_CROSS_CHECK_FAILED,,,,
radar:2026-09-08:1100,2026-09-08T11:00:00-04:00,DATA_UNAVAILABLE,,PYPL,MISSING,,,,,,,,,PRICE_CROSS_CHECK_FAILED,,,,
radar:2026-09-08:1100,2026-09-08T11:00:00-04:00,DATA_UNAVAILABLE,,V,MISSING,,,,,,,,,PRICE_CROSS_CHECK_FAILED,,,,
radar:2026-09-08:1100,2026-09-08T11:00:00-04:00,DATA_UNAVAILABLE,,EBAY,MISSING,,,,,,,,,PRICE_CROSS_CHECK_FAILED,,,,
radar:2026-09-08:1100,2026-09-08T11:00:00-04:00,DATA_UNAVAILABLE,,DIS,MISSING,,,,,,,,,PRICE_CROSS_CHECK_FAILED,,,,
radar:2026-09-08:1100,2026-09-08T11:00:00-04:00,DATA_UNAVAILABLE,,PG,MISSING,,,,,,,,,PRICE_CROSS_CHECK_FAILED,,,,
radar:2026-09-08:1100,2026-09-08T11:00:00-04:00,DATA_UNAVAILABLE,,CVX,MISSING,,,,,,,,,PRICE_CROSS_CHECK_FAILED,,,,
radar:2026-09-08:1100,2026-09-08T11:00:00-04:00,DATA_UNAVAILABLE,,QCOM,MISSING,,,,,,,,,PRICE_CROSS_CHECK_FAILED,,,,
radar:2026-09-08:1100,2026-09-08T11:00:00-04:00,DATA_UNAVAILABLE,,AMAT,MISSING,,,,,,,,,PRICE_CROSS_CHECK_FAILED,,,,
radar:2026-09-08:1100,2026-09-08T11:00:00-04:00,DATA_UNAVAILABLE,,TSLA,MISSING,,,,,,,,,PRICE_CROSS_CHECK_FAILED,,,,
radar:2026-09-08:1100,2026-09-08T11:00:00-04:00,DATA_UNAVAILABLE,,CSCO,MISSING,,,,,,,,,PRICE_CROSS_CHECK_FAILED,,,,
radar:2026-09-08:1100,2026-09-08T11:00:00-04:00,DATA_UNAVAILABLE,,ALAB,MISSING,,,,,,,,,PRICE_CROSS_CHECK_FAILED,,,,
radar:2026-09-08:1100,2026-09-08T11:00:00-04:00,DATA_UNAVAILABLE,,IBKR,MISSING,,,,,,,,,PRICE_CROSS_CHECK_FAILED,,,,
radar:2026-09-08:1100,2026-09-08T11:00:00-04:00,DATA_UNAVAILABLE,,LHX,MISSING,,,,,,,,,PRICE_CROSS_CHECK_FAILED,,,,
radar:2026-09-08:1100,2026-09-08T11:00:00-04:00,DATA_UNAVAILABLE,,NOC,MISSING,,,,,,,,,PRICE_CROSS_CHECK_FAILED,,,,
radar:2026-09-08:1100,2026-09-08T11:00:00-04:00,DATA_UNAVAILABLE,,ONDS,MISSING,,,,,,,,,PRICE_CROSS_CHECK_FAILED,,,,
radar:2026-09-08:1100,2026-09-08T11:00:00-04:00,DATA_UNAVAILABLE,,SPY,MISSING,,,,,,,,,PRICE_CROSS_CHECK_FAILED,,,,
radar:2026-09-08:1100,2026-09-08T11:00:00-04:00,DATA_UNAVAILABLE,,QQQ,MISSING,,,,,,,,,PRICE_CROSS_CHECK_FAILED,,,,
radar:2026-09-08:1100,2026-09-08T11:00:00-04:00,DATA_UNAVAILABLE,,VOO,MISSING,,,,,,,,,PRICE_CROSS_CHECK_FAILED,,,,
radar:2026-09-08:1100,2026-09-08T11:00:00-04:00,DATA_UNAVAILABLE,,IBIT,MISSING,,,,,,,,,PRICE_CROSS_CHECK_FAILED,,,,
radar:2026-09-08:1100,2026-09-08T11:00:00-04:00,DATA_UNAVAILABLE,,XLE,MISSING,,,,,,,,,PRICE_CROSS_CHECK_FAILED,,,,
radar:2026-09-08:1100,2026-09-08T11:00:00-04:00,DATA_UNAVAILABLE,,GLTR,MISSING,,,,,,,,,PRICE_CROSS_CHECK_FAILED,,,,
radar:2026-09-08:1100,2026-09-08T11:00:00-04:00,DATA_UNAVAILABLE,,REMX,MISSING,,,,,,,,,PRICE_CROSS_CHECK_FAILED,,,,
radar:2026-09-08:1100,2026-09-08T11:00:00-04:00,DATA_UNAVAILABLE,,ITA,MISSING,,,,,,,,,PRICE_CROSS_CHECK_FAILED,,,,
radar:2026-09-08:1100,2026-09-08T11:00:00-04:00,DATA_UNAVAILABLE,,XAR,MISSING,,,,,,,,,PRICE_CROSS_CHECK_FAILED,,,,
radar:2026-09-08:1110,2026-09-08T11:10:00-04:00,DATA_UNAVAILABLE,,NVDA,MISSING,,,,,,,,,PRICE_CROSS_CHECK_FAILED,,,,
radar:2026-09-08:1110,2026-09-08T11:10:00-04:00,DATA_UNAVAILABLE,,AVGO,MISSING,,,,,,,,,PRICE_CROSS_CHECK_FAILED,,,,
radar:2026-09-08:1110,2026-09-08T11:10:00-04:00,DATA_UNAVAILABLE,,DELL,MISSING,,,,,,,,,PRICE_CROSS_CHECK_FAILED,,,,
radar:2026-09-08:1110,2026-09-08T11:10:00-04:00,DATA_UNAVAILABLE,,AAPL,MISSING,,,,,,,,,PRICE_CROSS_CHECK_FAILED,,,,
radar:2026-09-08:1110,2026-09-08T11:10:00-04:00,DATA_UNAVAILABLE,,TXN,MISSING,,,,,,,,,PRICE_CROSS_CHECK_FAILED,,,,
radar:2026-09-08:1110,2026-09-08T11:10:00-04:00,DATA_UNAVAILABLE,,CDNS,MISSING,,,,,,,,,PRICE_CROSS_CHECK_FAILED,,,,
radar:2026-09-08:1110,2026-09-08T11:10:00-04:00,DATA_UNAVAILABLE,,SNPS,MISSING,,,,,,,,,PRICE_CROSS_CHECK_FAILED,,,,
radar:2026-09-08:1110,2026-09-08T11:10:00-04:00,DATA_UNAVAILABLE,,ORCL,MISSING,,,,,,,,,PRICE_CROSS_CHECK_FAILED,,,,
radar:2026-09-08:1110,2026-09-08T11:10:00-04:00,DATA_UNAVAILABLE,,NOW,MISSING,,,,,,,,,PRICE_CROSS_CHECK_FAILED,,,,
radar:2026-09-08:1110,2026-09-08T11:10:00-04:00,DATA_UNAVAILABLE,,ADBE,MISSING,,,,,,,,,PRICE_CROSS_CHECK_FAILED,,,,
radar:2026-09-08:1110,2026-09-08T11:10:00-04:00,DATA_UNAVAILABLE,,WDAY,MISSING,,,,,,,,,PRICE_CROSS_CHECK_FAILED,,,,
radar:2026-09-08:1110,2026-09-08T11:10:00-04:00,DATA_UNAVAILABLE,,MSFT,MISSING,,,,,,,,,PRICE_CROSS_CHECK_FAILED,,,,
radar:2026-09-08:1110,2026-09-08T11:10:00-04:00,DATA_UNAVAILABLE,,AMZN,MISSING,,,,,,,,,PRICE_CROSS_CHECK_FAILED,,,,
radar:2026-09-08:1110,2026-09-08T11:10:00-04:00,DATA_UNAVAILABLE,,BA,MISSING,,,,,,,,,PRICE_CROSS_CHECK_FAILED,,,,
radar:2026-09-08:1110,2026-09-08T11:10:00-04:00,DATA_UNAVAILABLE,,AMD,MISSING,,,,,,,,,PRICE_CROSS_CHECK_FAILED,,,,
radar:2026-09-08:1110,2026-09-08T11:10:00-04:00,DATA_UNAVAILABLE,,INTC,MISSING,,,,,,,,,PRICE_CROSS_CHECK_FAILED,,,,
radar:2026-09-08:1110,2026-09-08T11:10:00-04:00,DATA_UNAVAILABLE,,MRVL,MISSING,,,,,,,,,PRICE_CROSS_CHECK_FAILED,,,,
radar:2026-09-08:1110,2026-09-08T11:10:00-04:00,DATA_UNAVAILABLE,,MRNA,MISSING,,,,,,,,,PRICE_CROSS_CHECK_FAILED,,,,
radar:2026-09-08:1110,2026-09-08T11:10:00-04:00,DATA_UNAVAILABLE,,SNDK,MISSING,,,,,,,,,PRICE_CROSS_CHECK_FAILED,,,,
radar:2026-09-08:1110,2026-09-08T11:10:00-04:00,DATA_UNAVAILABLE,,GOOGL,MISSING,,,,,,,,,PRICE_CROSS_CHECK_FAILED,,,,
radar:2026-09-08:1110,2026-09-08T11:10:00-04:00,DATA_UNAVAILABLE,,GS,MISSING,,,,,,,,,PRICE_CROSS_CHECK_FAILED,,,,
radar:2026-09-08:1110,2026-09-08T11:10:00-04:00,DATA_UNAVAILABLE,,ABNB,MISSING,,,,,,,,,PRICE_CROSS_CHECK_FAILED,,,,
radar:2026-09-08:1110,2026-09-08T11:10:00-04:00,DATA_UNAVAILABLE,,DASH,MISSING,,,,,,,,,PRICE_CROSS_CHECK_FAILED,,,,
radar:2026-09-08:1110,2026-09-08T11:10:00-04:00,DATA_UNAVAILABLE,,MU,MISSING,,,,,,,,,PRICE_CROSS_CHECK_FAILED,,,,
radar:2026-09-08:1110,2026-09-08T11:10:00-04:00,DATA_UNAVAILABLE,,GE,MISSING,,,,,,,,,PRICE_CROSS_CHECK_FAILED,,,,
radar:2026-09-08:1110,2026-09-08T11:10:00-04:00,DATA_UNAVAILABLE,,JPM,MISSING,,,,,,,,,PRICE_CROSS_CHECK_FAILED,,,,
radar:2026-09-08:1110,2026-09-08T11:10:00-04:00,DATA_UNAVAILABLE,,BAC,MISSING,,,,,,,,,PRICE_CROSS_CHECK_FAILED,,,,
radar:2026-09-08:1110,2026-09-08T11:10:00-04:00,DATA_UNAVAILABLE,,MS,MISSING,,,,,,,,,PRICE_CROSS_CHECK_FAILED,,,,
radar:2026-09-08:1110,2026-09-08T11:10:00-04:00,DATA_UNAVAILABLE,,WMT,MISSING,,,,,,,,,PRICE_CROSS_CHECK_FAILED,,,,
radar:2026-09-08:1110,2026-09-08T11:10:00-04:00,DATA_UNAVAILABLE,,COIN,MISSING,,,,,,,,,PRICE_CROSS_CHECK_FAILED,,,,
radar:2026-09-08:1110,2026-09-08T11:10:00-04:00,DATA_UNAVAILABLE,,HOOD,MISSING,,,,,,,,,PRICE_CROSS_CHECK_FAILED,,,,
radar:2026-09-08:1110,2026-09-08T11:10:00-04:00,DATA_UNAVAILABLE,,PLTR,MISSING,,,,,,,,,PRICE_CROSS_CHECK_FAILED,,,,
radar:2026-09-08:1110,2026-09-08T11:10:00-04:00,DATA_UNAVAILABLE,,MSTR,MISSING,,,,,,,,,PRICE_CROSS_CHECK_FAILED,,,,
radar:2026-09-08:1110,2026-09-08T11:10:00-04:00,DATA_UNAVAILABLE,,META,MISSING,,,,,,,,,PRICE_CROSS_CHECK_FAILED,,,,
radar:2026-09-08:1110,2026-09-08T11:10:00-04:00,DATA_UNAVAILABLE,,NFLX,MISSING,,,,,,,,,PRICE_CROSS_CHECK_FAILED,,,,
radar:2026-09-08:1110,2026-09-08T11:10:00-04:00,DATA_UNAVAILABLE,,UBER,MISSING,,,,,,,,,PRICE_CROSS_CHECK_FAILED,,,,
radar:2026-09-08:1110,2026-09-08T11:10:00-04:00,DATA_UNAVAILABLE,,PYPL,MISSING,,,,,,,,,PRICE_CROSS_CHECK_FAILED,,,,
radar:2026-09-08:1110,2026-09-08T11:10:00-04:00,DATA_UNAVAILABLE,,V,MISSING,,,,,,,,,PRICE_CROSS_CHECK_FAILED,,,,
radar:2026-09-08:1110,2026-09-08T11:10:00-04:00,DATA_UNAVAILABLE,,EBAY,MISSING,,,,,,,,,PRICE_CROSS_CHECK_FAILED,,,,
radar:2026-09-08:1110,2026-09-08T11:10:00-04:00,DATA_UNAVAILABLE,,DIS,MISSING,,,,,,,,,PRICE_CROSS_CHECK_FAILED,,,,
radar:2026-09-08:1110,2026-09-08T11:10:00-04:00,DATA_UNAVAILABLE,,PG,MISSING,,,,,,,,,PRICE_CROSS_CHECK_FAILED,,,,
radar:2026-09-08:1110,2026-09-08T11:10:00-04:00,DATA_UNAVAILABLE,,CVX,MISSING,,,,,,,,,PRICE_CROSS_CHECK_FAILED,,,,
radar:2026-09-08:1110,2026-09-08T11:10:00-04:00,DATA_UNAVAILABLE,,QCOM,MISSING,,,,,,,,,PRICE_CROSS_CHECK_FAILED,,,,
radar:2026-09-08:1110,2026-09-08T11:10:00-04:00,DATA_UNAVAILABLE,,AMAT,MISSING,,,,,,,,,PRICE_CROSS_CHECK_FAILED,,,,
radar:2026-09-08:1110,2026-09-08T11:10:00-04:00,DATA_UNAVAILABLE,,TSLA,MISSING,,,,,,,,,PRICE_CROSS_CHECK_FAILED,,,,
radar:2026-09-08:1110,2026-09-08T11:10:00-04:00,DATA_UNAVAILABLE,,CSCO,MISSING,,,,,,,,,PRICE_CROSS_CHECK_FAILED,,,,
radar:2026-09-08:1110,2026-09-08T11:10:00-04:00,DATA_UNAVAILABLE,,ALAB,MISSING,,,,,,,,,PRICE_CROSS_CHECK_FAILED,,,,
radar:2026-09-08:1110,2026-09-08T11:10:00-04:00,DATA_UNAVAILABLE,,IBKR,MISSING,,,,,,,,,PRICE_CROSS_CHECK_FAILED,,,,
radar:2026-09-08:1110,2026-09-08T11:10:00-04:00,DATA_UNAVAILABLE,,LHX,MISSING,,,,,,,,,PRICE_CROSS_CHECK_FAILED,,,,
radar:2026-09-08:1110,2026-09-08T11:10:00-04:00,DATA_UNAVAILABLE,,NOC,MISSING,,,,,,,,,PRICE_CROSS_CHECK_FAILED,,,,
radar:2026-09-08:1110,2026-09-08T11:10:00-04:00,DATA_UNAVAILABLE,,ONDS,MISSING,,,,,,,,,PRICE_CROSS_CHECK_FAILED,,,,
radar:2026-09-08:1110,2026-09-08T11:10:00-04:00,DATA_UNAVAILABLE,,SPY,MISSING,,,,,,,,,PRICE_CROSS_CHECK_FAILED,,,,
radar:2026-09-08:1110,2026-09-08T11:10:00-04:00,DATA_UNAVAILABLE,,QQQ,MISSING,,,,,,,,,PRICE_CROSS_CHECK_FAILED,,,,
radar:2026-09-08:1110,2026-09-08T11:10:00-04:00,DATA_UNAVAILABLE,,VOO,MISSING,,,,,,,,,PRICE_CROSS_CHECK_FAILED,,,,
radar:2026-09-08:1110,2026-09-08T11:10:00-04:00,DATA_UNAVAILABLE,,IBIT,MISSING,,,,,,,,,PRICE_CROSS_CHECK_FAILED,,,,
radar:2026-09-08:1110,2026-09-08T11:10:00-04:00,DATA_UNAVAILABLE,,XLE,MISSING,,,,,,,,,PRICE_CROSS_CHECK_FAILED,,,,
radar:2026-09-08:1110,2026-09-08T11:10:00-04:00,DATA_UNAVAILABLE,,GLTR,MISSING,,,,,,,,,PRICE_CROSS_CHECK_FAILED,,,,
radar:2026-09-08:1110,2026-09-08T11:10:00-04:00,DATA_UNAVAILABLE,,REMX,MISSING,,,,,,,,,PRICE_CROSS_CHECK_FAILED,,,,
radar:2026-09-08:1110,2026-09-08T11:10:00-04:00,DATA_UNAVAILABLE,,ITA,MISSING,,,,,,,,,PRICE_CROSS_CHECK_FAILED,,,,
radar:2026-09-08:1110,2026-09-08T11:10:00-04:00,DATA_UNAVAILABLE,,XAR,MISSING,,,,,,,,,PRICE_CROSS_CHECK_FAILED,,,,
radar:2026-09-08:1120,2026-09-08T11:20:00-04:00,DATA_UNAVAILABLE,,NVDA,MISSING,,,,,,,,,PRICE_CROSS_CHECK_FAILED,,,,
radar:2026-09-08:1120,2026-09-08T11:20:00-04:00,DATA_UNAVAILABLE,,AVGO,MISSING,,,,,,,,,PRICE_CROSS_CHECK_FAILED,,,,
radar:2026-09-08:1120,2026-09-08T11:20:00-04:00,DATA_UNAVAILABLE,,DELL,MISSING,,,,,,,,,PRICE_CROSS_CHECK_FAILED,,,,
radar:2026-09-08:1120,2026-09-08T11:20:00-04:00,DATA_UNAVAILABLE,,AAPL,MISSING,,,,,,,,,PRICE_CROSS_CHECK_FAILED,,,,
radar:2026-09-08:1120,2026-09-08T11:20:00-04:00,DATA_UNAVAILABLE,,TXN,MISSING,,,,,,,,,PRICE_CROSS_CHECK_FAILED,,,,
radar:2026-09-08:1120,2026-09-08T11:20:00-04:00,DATA_UNAVAILABLE,,CDNS,MISSING,,,,,,,,,PRICE_CROSS_CHECK_FAILED,,,,
radar:2026-09-08:1120,2026-09-08T11:20:00-04:00,DATA_UNAVAILABLE,,SNPS,MISSING,,,,,,,,,PRICE_CROSS_CHECK_FAILED,,,,
radar:2026-09-08:1120,2026-09-08T11:20:00-04:00,DATA_UNAVAILABLE,,ORCL,MISSING,,,,,,,,,PRICE_CROSS_CHECK_FAILED,,,,
radar:2026-09-08:1120,2026-09-08T11:20:00-04:00,DATA_UNAVAILABLE,,NOW,MISSING,,,,,,,,,PRICE_CROSS_CHECK_FAILED,,,,
radar:2026-09-08:1120,2026-09-08T11:20:00-04:00,DATA_UNAVAILABLE,,ADBE,MISSING,,,,,,,,,PRICE_CROSS_CHECK_FAILED,,,,
radar:2026-09-08:1120,2026-09-08T11:20:00-04:00,DATA_UNAVAILABLE,,WDAY,MISSING,,,,,,,,,PRICE_CROSS_CHECK_FAILED,,,,
radar:2026-09-08:1120,2026-09-08T11:20:00-04:00,DATA_UNAVAILABLE,,MSFT,MISSING,,,,,,,,,PRICE_CROSS_CHECK_FAILED,,,,
radar:2026-09-08:1120,2026-09-08T11:20:00-04:00,DATA_UNAVAILABLE,,AMZN,MISSING,,,,,,,,,PRICE_CROSS_CHECK_FAILED,,,,
radar:2026-09-08:1120,2026-09-08T11:20:00-04:00,DATA_UNAVAILABLE,,BA,MISSING,,,,,,,,,PRICE_CROSS_CHECK_FAILED,,,,
radar:2026-09-08:1120,2026-09-08T11:20:00-04:00,DATA_UNAVAILABLE,,AMD,MISSING,,,,,,,,,PRICE_CROSS_CHECK_FAILED,,,,
radar:2026-09-08:1120,2026-09-08T11:20:00-04:00,DATA_UNAVAILABLE,,INTC,MISSING,,,,,,,,,PRICE_CROSS_CHECK_FAILED,,,,
radar:2026-09-08:1120,2026-09-08T11:20:00-04:00,DATA_UNAVAILABLE,,MRVL,MISSING,,,,,,,,,PRICE_CROSS_CHECK_FAILED,,,,
radar:2026-09-08:1120,2026-09-08T11:20:00-04:00,DATA_UNAVAILABLE,,MRNA,MISSING,,,,,,,,,PRICE_CROSS_CHECK_FAILED,,,,
radar:2026-09-08:1120,2026-09-08T11:20:00-04:00,DATA_UNAVAILABLE,,SNDK,MISSING,,,,,,,,,PRICE_CROSS_CHECK_FAILED,,,,
radar:2026-09-08:1120,2026-09-08T11:20:00-04:00,DATA_UNAVAILABLE,,GOOGL,MISSING,,,,,,,,,PRICE_CROSS_CHECK_FAILED,,,,
radar:2026-09-08:1120,2026-09-08T11:20:00-04:00,DATA_UNAVAILABLE,,GS,MISSING,,,,,,,,,PRICE_CROSS_CHECK_FAILED,,,,
radar:2026-09-08:1120,2026-09-08T11:20:00-04:00,DATA_UNAVAILABLE,,ABNB,MISSING,,,,,,,,,PRICE_CROSS_CHECK_FAILED,,,,
radar:2026-09-08:1120,2026-09-08T11:20:00-04:00,DATA_UNAVAILABLE,,DASH,MISSING,,,,,,,,,PRICE_CROSS_CHECK_FAILED,,,,
radar:2026-09-08:1120,2026-09-08T11:20:00-04:00,DATA_UNAVAILABLE,,MU,MISSING,,,,,,,,,PRICE_CROSS_CHECK_FAILED,,,,
radar:2026-09-08:1120,2026-09-08T11:20:00-04:00,DATA_UNAVAILABLE,,GE,MISSING,,,,,,,,,PRICE_CROSS_CHECK_FAILED,,,,
radar:2026-09-08:1120,2026-09-08T11:20:00-04:00,DATA_UNAVAILABLE,,JPM,MISSING,,,,,,,,,PRICE_CROSS_CHECK_FAILED,,,,
radar:2026-09-08:1120,2026-09-08T11:20:00-04:00,DATA_UNAVAILABLE,,BAC,MISSING,,,,,,,,,PRICE_CROSS_CHECK_FAILED,,,,
radar:2026-09-08:1120,2026-09-08T11:20:00-04:00,DATA_UNAVAILABLE,,MS,MISSING,,,,,,,,,PRICE_CROSS_CHECK_FAILED,,,,
radar:2026-09-08:1120,2026-09-08T11:20:00-04:00,DATA_UNAVAILABLE,,WMT,MISSING,,,,,,,,,PRICE_CROSS_CHECK_FAILED,,,,
radar:2026-09-08:1120,2026-09-08T11:20:00-04:00,DATA_UNAVAILABLE,,COIN,MISSING,,,,,,,,,PRICE_CROSS_CHECK_FAILED,,,,
radar:2026-09-08:1120,2026-09-08T11:20:00-04:00,DATA_UNAVAILABLE,,HOOD,MISSING,,,,,,,,,PRICE_CROSS_CHECK_FAILED,,,,
radar:2026-09-08:1120,2026-09-08T11:20:00-04:00,DATA_UNAVAILABLE,,PLTR,MISSING,,,,,,,,,PRICE_CROSS_CHECK_FAILED,,,,
radar:2026-09-08:1120,2026-09-08T11:20:00-04:00,DATA_UNAVAILABLE,,MSTR,MISSING,,,,,,,,,PRICE_CROSS_CHECK_FAILED,,,,
radar:2026-09-08:1120,2026-09-08T11:20:00-04:00,DATA_UNAVAILABLE,,META,MISSING,,,,,,,,,PRICE_CROSS_CHECK_FAILED,,,,
radar:2026-09-08:1120,2026-09-08T11:20:00-04:00,DATA_UNAVAILABLE,,NFLX,MISSING,,,,,,,,,PRICE_CROSS_CHECK_FAILED,,,,
radar:2026-09-08:1120,2026-09-08T11:20:00-04:00,DATA_UNAVAILABLE,,UBER,MISSING,,,,,,,,,PRICE_CROSS_CHECK_FAILED,,,,
radar:2026-09-08:1120,2026-09-08T11:20:00-04:00,DATA_UNAVAILABLE,,PYPL,MISSING,,,,,,,,,PRICE_CROSS_CHECK_FAILED,,,,
radar:2026-09-08:1120,2026-09-08T11:20:00-04:00,DATA_UNAVAILABLE,,V,MISSING,,,,,,,,,PRICE_CROSS_CHECK_FAILED,,,,
radar:2026-09-08:1120,2026-09-08T11:20:00-04:00,DATA_UNAVAILABLE,,EBAY,MISSING,,,,,,,,,PRICE_CROSS_CHECK_FAILED,,,,
radar:2026-09-08:1120,2026-09-08T11:20:00-04:00,DATA_UNAVAILABLE,,DIS,MISSING,,,,,,,,,PRICE_CROSS_CHECK_FAILED,,,,
radar:2026-09-08:1120,2026-09-08T11:20:00-04:00,DATA_UNAVAILABLE,,PG,MISSING,,,,,,,,,PRICE_CROSS_CHECK_FAILED,,,,
radar:2026-09-08:1120,2026-09-08T11:20:00-04:00,DATA_UNAVAILABLE,,CVX,MISSING,,,,,,,,,PRICE_CROSS_CHECK_FAILED,,,,
radar:2026-09-08:1120,2026-09-08T11:20:00-04:00,DATA_UNAVAILABLE,,QCOM,MISSING,,,,,,,,,PRICE_CROSS_CHECK_FAILED,,,,
radar:2026-09-08:1120,2026-09-08T11:20:00-04:00,DATA_UNAVAILABLE,,AMAT,MISSING,,,,,,,,,PRICE_CROSS_CHECK_FAILED,,,,
radar:2026-09-08:1120,2026-09-08T11:20:00-04:00,DATA_UNAVAILABLE,,TSLA,MISSING,,,,,,,,,PRICE_CROSS_CHECK_FAILED,,,,
radar:2026-09-08:1120,2026-09-08T11:20:00-04:00,DATA_UNAVAILABLE,,CSCO,MISSING,,,,,,,,,PRICE_CROSS_CHECK_FAILED,,,,
radar:2026-09-08:1120,2026-09-08T11:20:00-04:00,DATA_UNAVAILABLE,,ALAB,MISSING,,,,,,,,,PRICE_CROSS_CHECK_FAILED,,,,
radar:2026-09-08:1120,2026-09-08T11:20:00-04:00,DATA_UNAVAILABLE,,IBKR,MISSING,,,,,,,,,PRICE_CROSS_CHECK_FAILED,,,,
radar:2026-09-08:1120,2026-09-08T11:20:00-04:00,DATA_UNAVAILABLE,,LHX,MISSING,,,,,,,,,PRICE_CROSS_CHECK_FAILED,,,,
radar:2026-09-08:1120,2026-09-08T11:20:00-04:00,DATA_UNAVAILABLE,,NOC,MISSING,,,,,,,,,PRICE_CROSS_CHECK_FAILED,,,,
radar:2026-09-08:1120,2026-09-08T11:20:00-04:00,DATA_UNAVAILABLE,,ONDS,MISSING,,,,,,,,,PRICE_CROSS_CHECK_FAILED,,,,
radar:2026-09-08:1120,2026-09-08T11:20:00-04:00,DATA_UNAVAILABLE,,SPY,MISSING,,,,,,,,,PRICE_CROSS_CHECK_FAILED,,,,
radar:2026-09-08:1120,2026-09-08T11:20:00-04:00,DATA_UNAVAILABLE,,QQQ,MISSING,,,,,,,,,PRICE_CROSS_CHECK_FAILED,,,,
radar:2026-09-08:1120,2026-09-08T11:20:00-04:00,DATA_UNAVAILABLE,,VOO,MISSING,,,,,,,,,PRICE_CROSS_CHECK_FAILED,,,,
radar:2026-09-08:1120,2026-09-08T11:20:00-04:00,DATA_UNAVAILABLE,,IBIT,MISSING,,,,,,,,,PRICE_CROSS_CHECK_FAILED,,,,
radar:2026-09-08:1120,2026-09-08T11:20:00-04:00,DATA_UNAVAILABLE,,XLE,MISSING,,,,,,,,,PRICE_CROSS_CHECK_FAILED,,,,
radar:2026-09-08:1120,2026-09-08T11:20:00-04:00,DATA_UNAVAILABLE,,GLTR,MISSING,,,,,,,,,PRICE_CROSS_CHECK_FAILED,,,,
radar:2026-09-08:1120,2026-09-08T11:20:00-04:00,DATA_UNAVAILABLE,,REMX,MISSING,,,,,,,,,PRICE_CROSS_CHECK_FAILED,,,,
radar:2026-09-08:1120,2026-09-08T11:20:00-04:00,DATA_UNAVAILABLE,,ITA,MISSING,,,,,,,,,PRICE_CROSS_CHECK_FAILED,,,,
radar:2026-09-08:1120,2026-09-08T11:20:00-04:00,DATA_UNAVAILABLE,,XAR,MISSING,,,,,,,,,PRICE_CROSS_CHECK_FAILED,,,,
radar:2026-09-08:1130,2026-09-08T11:30:00-04:00,DATA_UNAVAILABLE,,NVDA,MISSING,,,,,,,,,PRICE_CROSS_CHECK_FAILED,,,,
radar:2026-09-08:1130,2026-09-08T11:30:00-04:00,DATA_UNAVAILABLE,,AVGO,MISSING,,,,,,,,,PRICE_CROSS_CHECK_FAILED,,,,
radar:2026-09-08:1130,2026-09-08T11:30:00-04:00,DATA_UNAVAILABLE,,DELL,MISSING,,,,,,,,,PRICE_CROSS_CHECK_FAILED,,,,
radar:2026-09-08:1130,2026-09-08T11:30:00-04:00,DATA_UNAVAILABLE,,AAPL,MISSING,,,,,,,,,PRICE_CROSS_CHECK_FAILED,,,,
radar:2026-09-08:1130,2026-09-08T11:30:00-04:00,DATA_UNAVAILABLE,,TXN,MISSING,,,,,,,,,PRICE_CROSS_CHECK_FAILED,,,,
radar:2026-09-08:1130,2026-09-08T11:30:00-04:00,DATA_UNAVAILABLE,,CDNS,MISSING,,,,,,,,,PRICE_CROSS_CHECK_FAILED,,,,
radar:2026-09-08:1130,2026-09-08T11:30:00-04:00,DATA_UNAVAILABLE,,SNPS,MISSING,,,,,,,,,PRICE_CROSS_CHECK_FAILED,,,,
radar:2026-09-08:1130,2026-09-08T11:30:00-04:00,DATA_UNAVAILABLE,,ORCL,MISSING,,,,,,,,,PRICE_CROSS_CHECK_FAILED,,,,
radar:2026-09-08:1130,2026-09-08T11:30:00-04:00,DATA_UNAVAILABLE,,NOW,MISSING,,,,,,,,,PRICE_CROSS_CHECK_FAILED,,,,
radar:2026-09-08:1130,2026-09-08T11:30:00-04:00,DATA_UNAVAILABLE,,ADBE,MISSING,,,,,,,,,PRICE_CROSS_CHECK_FAILED,,,,
radar:2026-09-08:1130,2026-09-08T11:30:00-04:00,DATA_UNAVAILABLE,,WDAY,MISSING,,,,,,,,,PRICE_CROSS_CHECK_FAILED,,,,
radar:2026-09-08:1130,2026-09-08T11:30:00-04:00,DATA_UNAVAILABLE,,MSFT,MISSING,,,,,,,,,PRICE_CROSS_CHECK_FAILED,,,,
radar:2026-09-08:1130,2026-09-08T11:30:00-04:00,DATA_UNAVAILABLE,,AMZN,MISSING,,,,,,,,,PRICE_CROSS_CHECK_FAILED,,,,
radar:2026-09-08:1130,2026-09-08T11:30:00-04:00,DATA_UNAVAILABLE,,BA,MISSING,,,,,,,,,PRICE_CROSS_CHECK_FAILED,,,,
radar:2026-09-08:1130,2026-09-08T11:30:00-04:00,DATA_UNAVAILABLE,,AMD,MISSING,,,,,,,,,PRICE_CROSS_CHECK_FAILED,,,,
radar:2026-09-08:1130,2026-09-08T11:30:00-04:00,DATA_UNAVAILABLE,,INTC,MISSING,,,,,,,,,PRICE_CROSS_CHECK_FAILED,,,,
radar:2026-09-08:1130,2026-09-08T11:30:00-04:00,DATA_UNAVAILABLE,,MRVL,MISSING,,,,,,,,,PRICE_CROSS_CHECK_FAILED,,,,
radar:2026-09-08:1130,2026-09-08T11:30:00-04:00,DATA_UNAVAILABLE,,MRNA,MISSING,,,,,,,,,PRICE_CROSS_CHECK_FAILED,,,,
radar:2026-09-08:1130,2026-09-08T11:30:00-04:00,DATA_UNAVAILABLE,,SNDK,MISSING,,,,,,,,,PRICE_CROSS_CHECK_FAILED,,,,
radar:2026-09-08:1130,2026-09-08T11:30:00-04:00,DATA_UNAVAILABLE,,GOOGL,MISSING,,,,,,,,,PRICE_CROSS_CHECK_FAILED,,,,
radar:2026-09-08:1130,2026-09-08T11:30:00-04:00,DATA_UNAVAILABLE,,GS,MISSING,,,,,,,,,PRICE_CROSS_CHECK_FAILED,,,,
radar:2026-09-08:1130,2026-09-08T11:30:00-04:00,DATA_UNAVAILABLE,,ABNB,MISSING,,,,,,,,,PRICE_CROSS_CHECK_FAILED,,,,
radar:2026-09-08:1130,2026-09-08T11:30:00-04:00,DATA_UNAVAILABLE,,DASH,MISSING,,,,,,,,,PRICE_CROSS_CHECK_FAILED,,,,
radar:2026-09-08:1130,2026-09-08T11:30:00-04:00,DATA_UNAVAILABLE,,MU,MISSING,,,,,,,,,PRICE_CROSS_CHECK_FAILED,,,,
radar:2026-09-08:1130,2026-09-08T11:30:00-04:00,DATA_UNAVAILABLE,,GE,MISSING,,,,,,,,,PRICE_CROSS_CHECK_FAILED,,,,
radar:2026-09-08:1130,2026-09-08T11:30:00-04:00,DATA_UNAVAILABLE,,JPM,MISSING,,,,,,,,,PRICE_CROSS_CHECK_FAILED,,,,
radar:2026-09-08:1130,2026-09-08T11:30:00-04:00,DATA_UNAVAILABLE,,BAC,MISSING,,,,,,,,,PRICE_CROSS_CHECK_FAILED,,,,
radar:2026-09-08:1130,2026-09-08T11:30:00-04:00,DATA_UNAVAILABLE,,MS,MISSING,,,,,,,,,PRICE_CROSS_CHECK_FAILED,,,,
radar:2026-09-08:1130,2026-09-08T11:30:00-04:00,DATA_UNAVAILABLE,,WMT,MISSING,,,,,,,,,PRICE_CROSS_CHECK_FAILED,,,,
radar:2026-09-08:1130,2026-09-08T11:30:00-04:00,DATA_UNAVAILABLE,,COIN,MISSING,,,,,,,,,PRICE_CROSS_CHECK_FAILED,,,,
radar:2026-09-08:1130,2026-09-08T11:30:00-04:00,DATA_UNAVAILABLE,,HOOD,MISSING,,,,,,,,,PRICE_CROSS_CHECK_FAILED,,,,
radar:2026-09-08:1130,2026-09-08T11:30:00-04:00,DATA_UNAVAILABLE,,PLTR,MISSING,,,,,,,,,PRICE_CROSS_CHECK_FAILED,,,,
radar:2026-09-08:1130,2026-09-08T11:30:00-04:00,DATA_UNAVAILABLE,,MSTR,MISSING,,,,,,,,,PRICE_CROSS_CHECK_FAILED,,,,
radar:2026-09-08:1130,2026-09-08T11:30:00-04:00,DATA_UNAVAILABLE,,META,MISSING,,,,,,,,,PRICE_CROSS_CHECK_FAILED,,,,
radar:2026-09-08:1130,2026-09-08T11:30:00-04:00,DATA_UNAVAILABLE,,NFLX,MISSING,,,,,,,,,PRICE_CROSS_CHECK_FAILED,,,,
radar:2026-09-08:1130,2026-09-08T11:30:00-04:00,DATA_UNAVAILABLE,,UBER,MISSING,,,,,,,,,PRICE_CROSS_CHECK_FAILED,,,,
radar:2026-09-08:1130,2026-09-08T11:30:00-04:00,DATA_UNAVAILABLE,,PYPL,MISSING,,,,,,,,,PRICE_CROSS_CHECK_FAILED,,,,
radar:2026-09-08:1130,2026-09-08T11:30:00-04:00,DATA_UNAVAILABLE,,V,MISSING,,,,,,,,,PRICE_CROSS_CHECK_FAILED,,,,
radar:2026-09-08:1130,2026-09-08T11:30:00-04:00,DATA_UNAVAILABLE,,EBAY,MISSING,,,,,,,,,PRICE_CROSS_CHECK_FAILED,,,,
radar:2026-09-08:1130,2026-09-08T11:30:00-04:00,DATA_UNAVAILABLE,,DIS,MISSING,,,,,,,,,PRICE_CROSS_CHECK_FAILED,,,,
radar:2026-09-08:1130,2026-09-08T11:30:00-04:00,DATA_UNAVAILABLE,,PG,MISSING,,,,,,,,,PRICE_CROSS_CHECK_FAILED,,,,
radar:2026-09-08:1130,2026-09-08T11:30:00-04:00,DATA_UNAVAILABLE,,CVX,MISSING,,,,,,,,,PRICE_CROSS_CHECK_FAILED,,,,
radar:2026-09-08:1130,2026-09-08T11:30:00-04:00,DATA_UNAVAILABLE,,QCOM,MISSING,,,,,,,,,PRICE_CROSS_CHECK_FAILED,,,,
radar:2026-09-08:1130,2026-09-08T11:30:00-04:00,DATA_UNAVAILABLE,,AMAT,MISSING,,,,,,,,,PRICE_CROSS_CHECK_FAILED,,,,
radar:2026-09-08:1130,2026-09-08T11:30:00-04:00,DATA_UNAVAILABLE,,TSLA,MISSING,,,,,,,,,PRICE_CROSS_CHECK_FAILED,,,,
radar:2026-09-08:1130,2026-09-08T11:30:00-04:00,DATA_UNAVAILABLE,,CSCO,MISSING,,,,,,,,,PRICE_CROSS_CHECK_FAILED,,,,
radar:2026-09-08:1130,2026-09-08T11:30:00-04:00,DATA_UNAVAILABLE,,ALAB,MISSING,,,,,,,,,PRICE_CROSS_CHECK_FAILED,,,,
radar:2026-09-08:1130,2026-09-08T11:30:00-04:00,DATA_UNAVAILABLE,,IBKR,MISSING,,,,,,,,,PRICE_CROSS_CHECK_FAILED,,,,
radar:2026-09-08:1130,2026-09-08T11:30:00-04:00,DATA_UNAVAILABLE,,LHX,MISSING,,,,,,,,,PRICE_CROSS_CHECK_FAILED,,,,
radar:2026-09-08:1130,2026-09-08T11:30:00-04:00,DATA_UNAVAILABLE,,NOC,MISSING,,,,,,,,,PRICE_CROSS_CHECK_FAILED,,,,
radar:2026-09-08:1130,2026-09-08T11:30:00-04:00,DATA_UNAVAILABLE,,ONDS,MISSING,,,,,,,,,PRICE_CROSS_CHECK_FAILED,,,,
radar:2026-09-08:1130,2026-09-08T11:30:00-04:00,DATA_UNAVAILABLE,,SPY,MISSING,,,,,,,,,PRICE_CROSS_CHECK_FAILED,,,,
radar:2026-09-08:1130,2026-09-08T11:30:00-04:00,DATA_UNAVAILABLE,,QQQ,MISSING,,,,,,,,,PRICE_CROSS_CHECK_FAILED,,,,
radar:2026-09-08:1130,2026-09-08T11:30:00-04:00,DATA_UNAVAILABLE,,VOO,MISSING,,,,,,,,,PRICE_CROSS_CHECK_FAILED,,,,
radar:2026-09-08:1130,2026-09-08T11:30:00-04:00,DATA_UNAVAILABLE,,IBIT,MISSING,,,,,,,,,PRICE_CROSS_CHECK_FAILED,,,,
radar:2026-09-08:1130,2026-09-08T11:30:00-04:00,DATA_UNAVAILABLE,,XLE,MISSING,,,,,,,,,PRICE_CROSS_CHECK_FAILED,,,,
radar:2026-09-08:1130,2026-09-08T11:30:00-04:00,DATA_UNAVAILABLE,,GLTR,MISSING,,,,,,,,,PRICE_CROSS_CHECK_FAILED,,,,
radar:2026-09-08:1130,2026-09-08T11:30:00-04:00,DATA_UNAVAILABLE,,REMX,MISSING,,,,,,,,,PRICE_CROSS_CHECK_FAILED,,,,
radar:2026-09-08:1130,2026-09-08T11:30:00-04:00,DATA_UNAVAILABLE,,ITA,MISSING,,,,,,,,,PRICE_CROSS_CHECK_FAILED,,,,
radar:2026-09-08:1130,2026-09-08T11:30:00-04:00,DATA_UNAVAILABLE,,XAR,MISSING,,,,,,,,,PRICE_CROSS_CHECK_FAILED,,,,
radar:2026-09-08:1140,2026-09-08T11:40:00-04:00,COMPLETED,1,QCOM,OK,0.0,14.0,20.0,15.0,15.0,10.0,74.0,65.33,NO_VERIFIED_CATALYST|RISK_TOO_SMALL,176.49,13557428.0,4.4713226791986695,
radar:2026-09-08:1140,2026-09-08T11:40:00-04:00,COMPLETED,2,AMD,OK,0.0,20.0,13.76,15.0,15.0,10.0,73.76,65.02,NO_VERIFIED_CATALYST|RISK_TOO_SMALL,508.97,12954217.0,2.220168893247679,
radar:2026-09-08:1140,2026-09-08T11:40:00-04:00,COMPLETED,3,INTC,OK,0.0,20.0,12.57,15.0,15.0,10.0,72.57,63.43,NO_VERIFIED_CATALYST|QUALITY_OR_LANE_BLOCKED,104.295,67584957.0,2.0716941963026434,
radar:2026-09-08:1140,2026-09-08T11:40:00-04:00,COMPLETED,4,TSLA,OK,0.0,20.0,12.44,15.0,15.0,10.0,72.44,63.25,NO_VERIFIED_CATALYST|QUALITY_OR_LANE_BLOCKED,366.165,25994258.0,2.0550101549540147,
radar:2026-09-08:1140,2026-09-08T11:40:00-04:00,COMPLETED,5,ORCL,OK,0.0,14.0,17.67,15.0,15.0,10.0,71.67,62.22,NO_VERIFIED_CATALYST|QUALITY_OR_LANE_BLOCKED,164.31,20511261.0,2.708390879732473,
radar:2026-09-08:1140,2026-09-08T11:40:00-04:00,COMPLETED,6,SNDK,OK,0.0,20.0,7.12,15.0,15.0,10.0,67.12,56.15,NO_VERIFIED_CATALYST,1794.54,6153062.0,1.3895137091384793,
radar:2026-09-08:1140,2026-09-08T11:40:00-04:00,COMPLETED,7,AVGO,OK,0.0,18.08,8.93,15.0,15.0,10.0,67.01,56.01,NO_VERIFIED_CATALYST,370.675,12635901.0,1.6163447716727475,
radar:2026-09-08:1140,2026-09-08T11:40:00-04:00,COMPLETED,8,MRVL,OK,0.0,20.0,6.52,15.0,15.0,10.0,66.52,55.36,NO_VERIFIED_CATALYST,230.43,10724332.0,1.3150164579432624,
radar:2026-09-08:1140,2026-09-08T11:40:00-04:00,COMPLETED,9,AMAT,OK,0.0,18.89,3.24,15.0,15.0,10.0,62.12,49.5,NO_VERIFIED_CATALYST,469.35,2244411.0,0.9048819795860136,
radar:2026-09-08:1140,2026-09-08T11:40:00-04:00,COMPLETED,10,ONDS,OK,0.0,19.78,2.19,15.0,15.0,10.0,61.97,49.29,NO_VERIFIED_CATALYST,7.845,18266837.0,0.7735185860581534,
radar:2026-09-08:1140,2026-09-08T11:40:00-04:00,COMPLETED,11,REMX,OK,0.0,10.84,10.58,15.0,15.0,10.0,61.42,48.55,NO_VERIFIED_CATALYST,77.05,342724.0,1.8219212816165562,
radar:2026-09-08:1140,2026-09-08T11:40:00-04:00,COMPLETED,12,UBER,OK,0.0,14.0,10.31,0.0,15.0,10.0,49.31,32.42,NO_VERIFIED_CATALYST|RELATIVE_STRENGTH_NEGATIVE,73.478,9225702.0,1.7889277825405536,
radar:2026-09-08:1140,2026-09-08T11:40:00-04:00,COMPLETED,13,SNPS,OK,0.0,6.15,4.67,12.76,15.0,10.0,48.57,31.43,NO_VERIFIED_CATALYST,398.835,633655.0,1.0836882571133264,
radar:2026-09-08:1140,2026-09-08T11:40:00-04:00,COMPLETED,14,XLE,OK,0.0,5.25,5.66,11.89,15.0,10.0,47.8,30.4,NO_VERIFIED_CATALYST,64.78,10345396.0,1.2080216107762987,
radar:2026-09-08:1140,2026-09-08T11:40:00-04:00,COMPLETED,15,ALAB,OK,0.0,13.06,9.71,0.0,15.0,10.0,47.77,30.36,NO_VERIFIED_CATALYST|RELATIVE_STRENGTH_NEGATIVE,302.245,1936196.0,1.7140147726285584,
radar:2026-09-08:1140,2026-09-08T11:40:00-04:00,COMPLETED,16,ADBE,OK,0.0,14.3,7.54,0.0,15.0,10.0,46.84,29.12,NO_VERIFIED_CATALYST|RELATIVE_STRENGTH_NEGATIVE,257.5,2076848.0,1.4426011487974792,
radar:2026-09-08:1140,2026-09-08T11:40:00-04:00,COMPLETED,17,ABNB,OK,0.0,14.0,7.06,0.0,15.0,10.0,46.06,28.07,NO_VERIFIED_CATALYST|RELATIVE_STRENGTH_NEGATIVE,176.205,2365423.0,1.3819936552531429,
radar:2026-09-08:1140,2026-09-08T11:40:00-04:00,COMPLETED,18,CVX,OK,0.0,5.06,3.8,11.65,15.0,10.0,45.5,27.34,NO_VERIFIED_CATALYST,210.86,2531574.0,0.9745526215292052,
radar:2026-09-08:1140,2026-09-08T11:40:00-04:00,COMPLETED,19,NOW,OK,0.0,15.04,4.93,0.0,15.0,10.0,44.97,26.63,NO_VERIFIED_CATALYST|RELATIVE_STRENGTH_NEGATIVE,134.875,6524002.0,1.116099126839347,
radar:2026-09-08:1140,2026-09-08T11:40:00-04:00,COMPLETED,20,DASH,OK,0.0,14.0,5.25,0.0,15.0,10.0,44.25,25.67,NO_VERIFIED_CATALYST|RELATIVE_STRENGTH_NEGATIVE,200.845,1585817.0,1.1561638890150399,
radar:2026-09-08:1140,2026-09-08T11:40:00-04:00,COMPLETED,21,XAR,OK,0.0,7.31,1.87,9.8,15.0,10.0,43.98,25.3,NO_VERIFIED_CATALYST,254.88,51168.0,0.7332183638169174,
radar:2026-09-08:1140,2026-09-08T11:40:00-04:00,COMPLETED,22,NFLX,OK,0.0,10.78,7.51,0.0,15.0,10.0,43.29,24.39,NO_VERIFIED_CATALYST|RELATIVE_STRENGTH_NEGATIVE,76.735,13447647.0,1.4388024109868005,
radar:2026-09-08:1140,2026-09-08T11:40:00-04:00,COMPLETED,23,MSTR,OK,0.0,14.0,3.99,0.0,15.0,10.0,42.99,23.99,NO_VERIFIED_CATALYST|RELATIVE_STRENGTH_NEGATIVE,137.645,9253582.0,0.9992236947491949,
radar:2026-09-08:1140,2026-09-08T11:40:00-04:00,COMPLETED,24,BA,OK,0.0,3.74,4.63,9.18,15.0,10.0,42.55,23.4,NO_VERIFIED_CATALYST,213.675,1761938.0,1.0787421439214164,
radar:2026-09-08:1140,2026-09-08T11:40:00-04:00,COMPLETED,25,MU,OK,0.0,1.79,8.15,7.46,15.0,10.0,42.4,23.21,NO_VERIFIED_CATALYST,1020.5,14024786.0,1.5188853127917894,
radar:2026-09-08:1140,2026-09-08T11:40:00-04:00,COMPLETED,26,EBAY,OK,0.0,12.82,4.49,0.0,15.0,10.0,42.31,23.07,NO_VERIFIED_CATALYST|RELATIVE_STRENGTH_NEGATIVE,100.57,1465511.0,1.061240628586783,
radar:2026-09-08:1140,2026-09-08T11:40:00-04:00,COMPLETED,27,PYPL,OK,0.0,14.0,3.22,0.0,15.0,10.0,42.22,22.96,NO_VERIFIED_CATALYST|RELATIVE_STRENGTH_NEGATIVE,53.155,3748577.0,0.9025287518300745,
radar:2026-09-08:1140,2026-09-08T11:40:00-04:00,COMPLETED,28,IBIT,OK,0.0,11.5,5.18,0.0,15.0,10.0,41.68,22.24,NO_VERIFIED_CATALYST|RELATIVE_STRENGTH_NEGATIVE,44.5,22688303.0,1.1476800710537047,
radar:2026-09-08:1140,2026-09-08T11:40:00-04:00,COMPLETED,29,GOOGL,OK,0.0,5.2,6.43,4.92,15.0,10.0,41.55,22.07,NO_VERIFIED_CATALYST,338.331,9666328.0,1.3035972689711357,
radar:2026-09-08:1140,2026-09-08T11:40:00-04:00,COMPLETED,30,DELL,OK,0.0,4.94,3.75,7.39,15.0,10.0,41.08,21.45,NO_VERIFIED_CATALYST,526.1,2686871.0,0.9689473634336017,
radar:2026-09-08:1140,2026-09-08T11:40:00-04:00,COMPLETED,31,WDAY,OK,0.0,14.0,0.7,0.0,15.0,10.0,39.7,19.6,NO_VERIFIED_CATALYST|RELATIVE_STRENGTH_NEGATIVE,185.5,976531.0,0.5872946604306356,
radar:2026-09-08:1140,2026-09-08T11:40:00-04:00,COMPLETED,32,GE,OK,0.0,2.76,3.75,8.06,15.0,10.0,39.57,19.42,NO_VERIFIED_CATALYST,338.755,1130479.0,0.968218655503175,
radar:2026-09-08:1140,2026-09-08T11:40:00-04:00,COMPLETED,33,HOOD,OK,0.0,2.56,10.06,1.86,15.0,10.0,39.48,19.3,NO_VERIFIED_CATALYST|RELATIVE_STRENGTH_NEGATIVE,121.44,12172319.0,1.7573786412986154,
radar:2026-09-08:1140,2026-09-08T11:40:00-04:00,COMPLETED,34,NVDA,OK,0.0,7.5,5.68,0.0,15.0,10.0,38.18,17.57,NO_VERIFIED_CATALYST|RELATIVE_STRENGTH_NEGATIVE,226.66,51999101.0,1.2102128318438423,
radar:2026-09-08:1140,2026-09-08T11:40:00-04:00,COMPLETED,35,COIN,OK,0.0,11.41,1.73,0.0,15.0,10.0,38.14,17.52,NO_VERIFIED_CATALYST|RELATIVE_STRENGTH_NEGATIVE,181.405,2371313.0,0.7165087571320378,
radar:2026-09-08:1140,2026-09-08T11:40:00-04:00,COMPLETED,36,QQQ,OK,0.0,1.84,4.69,6.11,15.0,10.0,37.64,16.85,NO_VERIFIED_CATALYST,720.11,11144899.0,1.0859738733481383,
radar:2026-09-08:1140,2026-09-08T11:40:00-04:00,COMPLETED,37,NOC,OK,0.0,1.06,3.81,6.51,15.0,10.0,36.38,15.17,NO_VERIFIED_CATALYST,516.145,220362.0,0.9765153982344802,
radar:2026-09-08:1140,2026-09-08T11:40:00-04:00,COMPLETED,38,TXN,OK,0.0,2.59,0.8,7.87,15.0,10.0,36.26,15.01,NO_VERIFIED_CATALYST,259.61,1077199.0,0.6003357801109133,
radar:2026-09-08:1140,2026-09-08T11:40:00-04:00,COMPLETED,39,CDNS,OK,0.0,2.17,6.14,2.36,15.0,10.0,35.67,14.23,NO_VERIFIED_CATALYST|RELATIVE_STRENGTH_NEGATIVE,291.34,948424.0,1.2675027630211317,
radar:2026-09-08:1140,2026-09-08T11:40:00-04:00,COMPLETED,40,V,OK,0.0,8.63,1.6,0.0,15.0,10.0,35.23,13.64,NO_VERIFIED_CATALYST|RELATIVE_STRENGTH_NEGATIVE,368.13,1543892.0,0.6995547746087398,
radar:2026-09-08:1140,2026-09-08T11:40:00-04:00,COMPLETED,41,AMZN,OK,0.0,4.81,3.72,1.67,15.0,10.0,35.2,13.61,NO_VERIFIED_CATALYST|RELATIVE_STRENGTH_NEGATIVE,257.01,10523106.0,0.9655125417154838,
radar:2026-09-08:1140,2026-09-08T11:40:00-04:00,COMPLETED,42,PLTR,OK,0.0,7.31,2.83,0.0,15.0,10.0,35.14,13.52,NO_VERIFIED_CATALYST|RELATIVE_STRENGTH_NEGATIVE,171.6,9436274.0,0.8538961250503931,
radar:2026-09-08:1140,2026-09-08T11:40:00-04:00,COMPLETED,43,ITA,OK,0.0,1.36,4.23,3.95,15.0,10.0,34.54,12.72,NO_VERIFIED_CATALYST,225.16,194331.0,1.0281447866266542,
radar:2026-09-08:1140,2026-09-08T11:40:00-04:00,COMPLETED,44,MSFT,OK,0.0,6.86,2.0,0.0,15.0,10.0,33.86,11.82,NO_VERIFIED_CATALYST|RELATIVE_STRENGTH_NEGATIVE,492.67,5749767.0,0.7500819509442259,
radar:2026-09-08:1140,2026-09-08T11:40:00-04:00,COMPLETED,45,BAC,OK,0.0,2.11,3.12,3.57,15.0,10.0,33.79,11.73,NO_VERIFIED_CATALYST,62.515,8616655.0,0.8895965347272298,
radar:2026-09-08:1140,2026-09-08T11:40:00-04:00,COMPLETED,46,SPY,OK,0.0,1.67,4.07,3.0,15.0,10.0,33.74,11.66,NO_VERIFIED_CATALYST,767.43,12215594.0,1.0089613812398417,
radar:2026-09-08:1140,2026-09-08T11:40:00-04:00,COMPLETED,47,AAPL,OK,0.0,5.41,3.2,0.0,15.0,10.0,33.61,11.47,NO_VERIFIED_CATALYST|RELATIVE_STRENGTH_NEGATIVE,316.26,11887887.0,0.8993855720367836,
radar:2026-09-08:1140,2026-09-08T11:40:00-04:00,COMPLETED,48,META,OK,0.0,0.08,3.27,5.05,15.0,10.0,33.4,11.2,NO_VERIFIED_CATALYST,616.67,4850207.0,0.909155470196169,
radar:2026-09-08:1140,2026-09-08T11:40:00-04:00,COMPLETED,49,CSCO,OK,0.0,2.09,0.16,6.03,15.0,10.0,33.28,11.04,NO_VERIFIED_CATALYST,109.36,3390150.0,0.5202982494049454,
radar:2026-09-08:1140,2026-09-08T11:40:00-04:00,COMPLETED,50,MS,OK,0.0,2.58,1.23,4.05,15.0,10.0,32.86,10.48,NO_VERIFIED_CATALYST,217.32,824820.0,0.6532216387141777,
radar:2026-09-08:1140,2026-09-08T11:40:00-04:00,COMPLETED,51,VOO,OK,0.0,1.67,3.03,3.01,15.0,10.0,32.7,10.27,NO_VERIFIED_CATALYST,705.481,1936483.0,0.8788372338614723,
radar:2026-09-08:1140,2026-09-08T11:40:00-04:00,COMPLETED,52,DIS,OK,0.0,3.96,2.59,0.99,15.0,10.0,32.54,10.05,NO_VERIFIED_CATALYST|RELATIVE_STRENGTH_NEGATIVE,104.58,2084597.0,0.8238946245255839,
radar:2026-09-08:1140,2026-09-08T11:40:00-04:00,COMPLETED,53,MRNA,OK,0.0,6.4,0.0,0.99,15.0,10.0,32.38,9.84,NO_VERIFIED_CATALYST|RELATIVE_STRENGTH_NEGATIVE,144.54,5022759.0,0.45019772923445206,
radar:2026-09-08:1140,2026-09-08T11:40:00-04:00,COMPLETED,54,PG,OK,0.0,6.29,0.86,0.0,15.0,10.0,32.15,9.53,NO_VERIFIED_CATALYST|RELATIVE_STRENGTH_NEGATIVE,144.465,1793590.0,0.6071348392497022,
radar:2026-09-08:1140,2026-09-08T11:40:00-04:00,COMPLETED,55,LHX,OK,0.0,2.58,1.81,2.58,15.0,10.0,31.97,9.29,NO_VERIFIED_CATALYST|RELATIVE_STRENGTH_NEGATIVE,255.35,383997.0,0.726810016639421,
radar:2026-09-08:1140,2026-09-08T11:40:00-04:00,COMPLETED,56,JPM,OK,0.0,3.75,2.72,0.33,15.0,10.0,31.8,9.07,NO_VERIFIED_CATALYST|RELATIVE_STRENGTH_NEGATIVE,355.76,1527872.0,0.8400065730472321,
radar:2026-09-08:1140,2026-09-08T11:40:00-04:00,COMPLETED,57,WMT,OK,0.0,4.79,1.8,0.0,15.0,10.0,31.59,8.78,NO_VERIFIED_CATALYST|RELATIVE_STRENGTH_NEGATIVE,106.04,6743795.0,0.7244385785290379,
radar:2026-09-08:1140,2026-09-08T11:40:00-04:00,COMPLETED,58,GLTR,OK,0.0,3.01,0.85,2.62,15.0,10.0,31.48,8.64,NO_VERIFIED_CATALYST|RELATIVE_STRENGTH_NEGATIVE,200.66,11965.0,0.6061766431484997,
radar:2026-09-08:1140,2026-09-08T11:40:00-04:00,COMPLETED,59,GS,OK,0.0,1.66,0.6,4.12,15.0,10.0,31.37,8.5,NO_VERIFIED_CATALYST,1036.825,347124.0,0.5746063007387959,
radar:2026-09-08:1140,2026-09-08T11:40:00-04:00,COMPLETED,60,IBKR,OK,0.0,5.39,0.85,0.0,15.0,10.0,31.24,8.32,NO_VERIFIED_CATALYST|RELATIVE_STRENGTH_NEGATIVE,91.55,784639.0,0.6059484305699181,
radar:2026-09-08:1210,2026-09-08T12:10:00-04:00,DATA_UNAVAILABLE,,NVDA,MISSING,,,,,,,,,PRICE_CROSS_CHECK_FAILED,,,,
radar:2026-09-08:1210,2026-09-08T12:10:00-04:00,DATA_UNAVAILABLE,,AVGO,MISSING,,,,,,,,,PRICE_CROSS_CHECK_FAILED,,,,
radar:2026-09-08:1210,2026-09-08T12:10:00-04:00,DATA_UNAVAILABLE,,DELL,MISSING,,,,,,,,,PRICE_CROSS_CHECK_FAILED,,,,
radar:2026-09-08:1210,2026-09-08T12:10:00-04:00,DATA_UNAVAILABLE,,AAPL,MISSING,,,,,,,,,PRICE_CROSS_CHECK_FAILED,,,,
radar:2026-09-08:1210,2026-09-08T12:10:00-04:00,DATA_UNAVAILABLE,,TXN,MISSING,,,,,,,,,PRICE_CROSS_CHECK_FAILED,,,,
radar:2026-09-08:1210,2026-09-08T12:10:00-04:00,DATA_UNAVAILABLE,,CDNS,MISSING,,,,,,,,,PRICE_CROSS_CHECK_FAILED,,,,
radar:2026-09-08:1210,2026-09-08T12:10:00-04:00,DATA_UNAVAILABLE,,SNPS,MISSING,,,,,,,,,PRICE_CROSS_CHECK_FAILED,,,,
radar:2026-09-08:1210,2026-09-08T12:10:00-04:00,DATA_UNAVAILABLE,,ORCL,MISSING,,,,,,,,,PRICE_CROSS_CHECK_FAILED,,,,
radar:2026-09-08:1210,2026-09-08T12:10:00-04:00,DATA_UNAVAILABLE,,NOW,MISSING,,,,,,,,,PRICE_CROSS_CHECK_FAILED,,,,
radar:2026-09-08:1210,2026-09-08T12:10:00-04:00,DATA_UNAVAILABLE,,ADBE,MISSING,,,,,,,,,PRICE_CROSS_CHECK_FAILED,,,,
radar:2026-09-08:1210,2026-09-08T12:10:00-04:00,DATA_UNAVAILABLE,,WDAY,MISSING,,,,,,,,,PRICE_CROSS_CHECK_FAILED,,,,
radar:2026-09-08:1210,2026-09-08T12:10:00-04:00,DATA_UNAVAILABLE,,MSFT,MISSING,,,,,,,,,PRICE_CROSS_CHECK_FAILED,,,,
radar:2026-09-08:1210,2026-09-08T12:10:00-04:00,DATA_UNAVAILABLE,,AMZN,MISSING,,,,,,,,,PRICE_CROSS_CHECK_FAILED,,,,
radar:2026-09-08:1210,2026-09-08T12:10:00-04:00,DATA_UNAVAILABLE,,BA,MISSING,,,,,,,,,PRICE_CROSS_CHECK_FAILED,,,,
radar:2026-09-08:1210,2026-09-08T12:10:00-04:00,DATA_UNAVAILABLE,,AMD,MISSING,,,,,,,,,PRICE_CROSS_CHECK_FAILED,,,,
radar:2026-09-08:1210,2026-09-08T12:10:00-04:00,DATA_UNAVAILABLE,,INTC,MISSING,,,,,,,,,PRICE_CROSS_CHECK_FAILED,,,,
radar:2026-09-08:1210,2026-09-08T12:10:00-04:00,DATA_UNAVAILABLE,,MRVL,MISSING,,,,,,,,,PRICE_CROSS_CHECK_FAILED,,,,
radar:2026-09-08:1210,2026-09-08T12:10:00-04:00,DATA_UNAVAILABLE,,MRNA,MISSING,,,,,,,,,PRICE_CROSS_CHECK_FAILED,,,,
radar:2026-09-08:1210,2026-09-08T12:10:00-04:00,DATA_UNAVAILABLE,,SNDK,MISSING,,,,,,,,,PRICE_CROSS_CHECK_FAILED,,,,
radar:2026-09-08:1210,2026-09-08T12:10:00-04:00,DATA_UNAVAILABLE,,GOOGL,MISSING,,,,,,,,,PRICE_CROSS_CHECK_FAILED,,,,
radar:2026-09-08:1210,2026-09-08T12:10:00-04:00,DATA_UNAVAILABLE,,GS,MISSING,,,,,,,,,PRICE_CROSS_CHECK_FAILED,,,,
radar:2026-09-08:1210,2026-09-08T12:10:00-04:00,DATA_UNAVAILABLE,,ABNB,MISSING,,,,,,,,,PRICE_CROSS_CHECK_FAILED,,,,
radar:2026-09-08:1210,2026-09-08T12:10:00-04:00,DATA_UNAVAILABLE,,DASH,MISSING,,,,,,,,,PRICE_CROSS_CHECK_FAILED,,,,
radar:2026-09-08:1210,2026-09-08T12:10:00-04:00,DATA_UNAVAILABLE,,MU,MISSING,,,,,,,,,PRICE_CROSS_CHECK_FAILED,,,,
radar:2026-09-08:1210,2026-09-08T12:10:00-04:00,DATA_UNAVAILABLE,,GE,MISSING,,,,,,,,,PRICE_CROSS_CHECK_FAILED,,,,
radar:2026-09-08:1210,2026-09-08T12:10:00-04:00,DATA_UNAVAILABLE,,JPM,MISSING,,,,,,,,,PRICE_CROSS_CHECK_FAILED,,,,
radar:2026-09-08:1210,2026-09-08T12:10:00-04:00,DATA_UNAVAILABLE,,BAC,MISSING,,,,,,,,,PRICE_CROSS_CHECK_FAILED,,,,
radar:2026-09-08:1210,2026-09-08T12:10:00-04:00,DATA_UNAVAILABLE,,MS,MISSING,,,,,,,,,PRICE_CROSS_CHECK_FAILED,,,,
radar:2026-09-08:1210,2026-09-08T12:10:00-04:00,DATA_UNAVAILABLE,,WMT,MISSING,,,,,,,,,PRICE_CROSS_CHECK_FAILED,,,,
radar:2026-09-08:1210,2026-09-08T12:10:00-04:00,DATA_UNAVAILABLE,,COIN,MISSING,,,,,,,,,PRICE_CROSS_CHECK_FAILED,,,,
radar:2026-09-08:1210,2026-09-08T12:10:00-04:00,DATA_UNAVAILABLE,,HOOD,MISSING,,,,,,,,,PRICE_CROSS_CHECK_FAILED,,,,
radar:2026-09-08:1210,2026-09-08T12:10:00-04:00,DATA_UNAVAILABLE,,PLTR,MISSING,,,,,,,,,PRICE_CROSS_CHECK_FAILED,,,,
radar:2026-09-08:1210,2026-09-08T12:10:00-04:00,DATA_UNAVAILABLE,,MSTR,MISSING,,,,,,,,,PRICE_CROSS_CHECK_FAILED,,,,
radar:2026-09-08:1210,2026-09-08T12:10:00-04:00,DATA_UNAVAILABLE,,META,MISSING,,,,,,,,,PRICE_CROSS_CHECK_FAILED,,,,
radar:2026-09-08:1210,2026-09-08T12:10:00-04:00,DATA_UNAVAILABLE,,NFLX,MISSING,,,,,,,,,PRICE_CROSS_CHECK_FAILED,,,,
radar:2026-09-08:1210,2026-09-08T12:10:00-04:00,DATA_UNAVAILABLE,,UBER,MISSING,,,,,,,,,PRICE_CROSS_CHECK_FAILED,,,,
radar:2026-09-08:1210,2026-09-08T12:10:00-04:00,DATA_UNAVAILABLE,,PYPL,MISSING,,,,,,,,,PRICE_CROSS_CHECK_FAILED,,,,
radar:2026-09-08:1210,2026-09-08T12:10:00-04:00,DATA_UNAVAILABLE,,V,MISSING,,,,,,,,,PRICE_CROSS_CHECK_FAILED,,,,
radar:2026-09-08:1210,2026-09-08T12:10:00-04:00,DATA_UNAVAILABLE,,EBAY,MISSING,,,,,,,,,PRICE_CROSS_CHECK_FAILED,,,,
radar:2026-09-08:1210,2026-09-08T12:10:00-04:00,DATA_UNAVAILABLE,,DIS,MISSING,,,,,,,,,PRICE_CROSS_CHECK_FAILED,,,,
radar:2026-09-08:1210,2026-09-08T12:10:00-04:00,DATA_UNAVAILABLE,,PG,MISSING,,,,,,,,,PRICE_CROSS_CHECK_FAILED,,,,
radar:2026-09-08:1210,2026-09-08T12:10:00-04:00,DATA_UNAVAILABLE,,CVX,MISSING,,,,,,,,,PRICE_CROSS_CHECK_FAILED,,,,
radar:2026-09-08:1210,2026-09-08T12:10:00-04:00,DATA_UNAVAILABLE,,QCOM,MISSING,,,,,,,,,PRICE_CROSS_CHECK_FAILED,,,,
radar:2026-09-08:1210,2026-09-08T12:10:00-04:00,DATA_UNAVAILABLE,,AMAT,MISSING,,,,,,,,,PRICE_CROSS_CHECK_FAILED,,,,
radar:2026-09-08:1210,2026-09-08T12:10:00-04:00,DATA_UNAVAILABLE,,TSLA,MISSING,,,,,,,,,PRICE_CROSS_CHECK_FAILED,,,,
radar:2026-09-08:1210,2026-09-08T12:10:00-04:00,DATA_UNAVAILABLE,,CSCO,MISSING,,,,,,,,,PRICE_CROSS_CHECK_FAILED,,,,
radar:2026-09-08:1210,2026-09-08T12:10:00-04:00,DATA_UNAVAILABLE,,ALAB,MISSING,,,,,,,,,PRICE_CROSS_CHECK_FAILED,,,,
radar:2026-09-08:1210,2026-09-08T12:10:00-04:00,DATA_UNAVAILABLE,,IBKR,MISSING,,,,,,,,,PRICE_CROSS_CHECK_FAILED,,,,
radar:2026-09-08:1210,2026-09-08T12:10:00-04:00,DATA_UNAVAILABLE,,LHX,MISSING,,,,,,,,,PRICE_CROSS_CHECK_FAILED,,,,
radar:2026-09-08:1210,2026-09-08T12:10:00-04:00,DATA_UNAVAILABLE,,NOC,MISSING,,,,,,,,,PRICE_CROSS_CHECK_FAILED,,,,
radar:2026-09-08:1210,2026-09-08T12:10:00-04:00,DATA_UNAVAILABLE,,ONDS,MISSING,,,,,,,,,PRICE_CROSS_CHECK_FAILED,,,,
radar:2026-09-08:1210,2026-09-08T12:10:00-04:00,DATA_UNAVAILABLE,,SPY,MISSING,,,,,,,,,PRICE_CROSS_CHECK_FAILED,,,,
radar:2026-09-08:1210,2026-09-08T12:10:00-04:00,DATA_UNAVAILABLE,,QQQ,MISSING,,,,,,,,,PRICE_CROSS_CHECK_FAILED,,,,
radar:2026-09-08:1210,2026-09-08T12:10:00-04:00,DATA_UNAVAILABLE,,VOO,MISSING,,,,,,,,,PRICE_CROSS_CHECK_FAILED,,,,
radar:2026-09-08:1210,2026-09-08T12:10:00-04:00,DATA_UNAVAILABLE,,IBIT,MISSING,,,,,,,,,PRICE_CROSS_CHECK_FAILED,,,,
radar:2026-09-08:1210,2026-09-08T12:10:00-04:00,DATA_UNAVAILABLE,,XLE,MISSING,,,,,,,,,PRICE_CROSS_CHECK_FAILED,,,,
radar:2026-09-08:1210,2026-09-08T12:10:00-04:00,DATA_UNAVAILABLE,,GLTR,MISSING,,,,,,,,,PRICE_CROSS_CHECK_FAILED,,,,
radar:2026-09-08:1210,2026-09-08T12:10:00-04:00,DATA_UNAVAILABLE,,REMX,MISSING,,,,,,,,,PRICE_CROSS_CHECK_FAILED,,,,
radar:2026-09-08:1210,2026-09-08T12:10:00-04:00,DATA_UNAVAILABLE,,ITA,MISSING,,,,,,,,,PRICE_CROSS_CHECK_FAILED,,,,
radar:2026-09-08:1210,2026-09-08T12:10:00-04:00,DATA_UNAVAILABLE,,XAR,MISSING,,,,,,,,,PRICE_CROSS_CHECK_FAILED,,,,
radar:2026-09-08:1220,2026-09-08T12:20:00-04:00,DATA_UNAVAILABLE,,NVDA,MISSING,,,,,,,,,PRICE_CROSS_CHECK_FAILED,,,,
radar:2026-09-08:1220,2026-09-08T12:20:00-04:00,DATA_UNAVAILABLE,,AVGO,MISSING,,,,,,,,,PRICE_CROSS_CHECK_FAILED,,,,
radar:2026-09-08:1220,2026-09-08T12:20:00-04:00,DATA_UNAVAILABLE,,DELL,MISSING,,,,,,,,,PRICE_CROSS_CHECK_FAILED,,,,
radar:2026-09-08:1220,2026-09-08T12:20:00-04:00,DATA_UNAVAILABLE,,AAPL,MISSING,,,,,,,,,PRICE_CROSS_CHECK_FAILED,,,,
radar:2026-09-08:1220,2026-09-08T12:20:00-04:00,DATA_UNAVAILABLE,,TXN,MISSING,,,,,,,,,PRICE_CROSS_CHECK_FAILED,,,,
radar:2026-09-08:1220,2026-09-08T12:20:00-04:00,DATA_UNAVAILABLE,,CDNS,MISSING,,,,,,,,,PRICE_CROSS_CHECK_FAILED,,,,
radar:2026-09-08:1220,2026-09-08T12:20:00-04:00,DATA_UNAVAILABLE,,SNPS,MISSING,,,,,,,,,PRICE_CROSS_CHECK_FAILED,,,,
radar:2026-09-08:1220,2026-09-08T12:20:00-04:00,DATA_UNAVAILABLE,,ORCL,MISSING,,,,,,,,,PRICE_CROSS_CHECK_FAILED,,,,
radar:2026-09-08:1220,2026-09-08T12:20:00-04:00,DATA_UNAVAILABLE,,NOW,MISSING,,,,,,,,,PRICE_CROSS_CHECK_FAILED,,,,
radar:2026-09-08:1220,2026-09-08T12:20:00-04:00,DATA_UNAVAILABLE,,ADBE,MISSING,,,,,,,,,PRICE_CROSS_CHECK_FAILED,,,,
radar:2026-09-08:1220,2026-09-08T12:20:00-04:00,DATA_UNAVAILABLE,,WDAY,MISSING,,,,,,,,,PRICE_CROSS_CHECK_FAILED,,,,
radar:2026-09-08:1220,2026-09-08T12:20:00-04:00,DATA_UNAVAILABLE,,MSFT,MISSING,,,,,,,,,PRICE_CROSS_CHECK_FAILED,,,,
radar:2026-09-08:1220,2026-09-08T12:20:00-04:00,DATA_UNAVAILABLE,,AMZN,MISSING,,,,,,,,,PRICE_CROSS_CHECK_FAILED,,,,
radar:2026-09-08:1220,2026-09-08T12:20:00-04:00,DATA_UNAVAILABLE,,BA,MISSING,,,,,,,,,PRICE_CROSS_CHECK_FAILED,,,,
radar:2026-09-08:1220,2026-09-08T12:20:00-04:00,DATA_UNAVAILABLE,,AMD,MISSING,,,,,,,,,PRICE_CROSS_CHECK_FAILED,,,,
radar:2026-09-08:1220,2026-09-08T12:20:00-04:00,DATA_UNAVAILABLE,,INTC,MISSING,,,,,,,,,PRICE_CROSS_CHECK_FAILED,,,,
radar:2026-09-08:1220,2026-09-08T12:20:00-04:00,DATA_UNAVAILABLE,,MRVL,MISSING,,,,,,,,,PRICE_CROSS_CHECK_FAILED,,,,
radar:2026-09-08:1220,2026-09-08T12:20:00-04:00,DATA_UNAVAILABLE,,MRNA,MISSING,,,,,,,,,PRICE_CROSS_CHECK_FAILED,,,,
radar:2026-09-08:1220,2026-09-08T12:20:00-04:00,DATA_UNAVAILABLE,,SNDK,MISSING,,,,,,,,,PRICE_CROSS_CHECK_FAILED,,,,
radar:2026-09-08:1220,2026-09-08T12:20:00-04:00,DATA_UNAVAILABLE,,GOOGL,MISSING,,,,,,,,,PRICE_CROSS_CHECK_FAILED,,,,
radar:2026-09-08:1220,2026-09-08T12:20:00-04:00,DATA_UNAVAILABLE,,GS,MISSING,,,,,,,,,PRICE_CROSS_CHECK_FAILED,,,,
radar:2026-09-08:1220,2026-09-08T12:20:00-04:00,DATA_UNAVAILABLE,,ABNB,MISSING,,,,,,,,,PRICE_CROSS_CHECK_FAILED,,,,
radar:2026-09-08:1220,2026-09-08T12:20:00-04:00,DATA_UNAVAILABLE,,DASH,MISSING,,,,,,,,,PRICE_CROSS_CHECK_FAILED,,,,
radar:2026-09-08:1220,2026-09-08T12:20:00-04:00,DATA_UNAVAILABLE,,MU,MISSING,,,,,,,,,PRICE_CROSS_CHECK_FAILED,,,,
radar:2026-09-08:1220,2026-09-08T12:20:00-04:00,DATA_UNAVAILABLE,,GE,MISSING,,,,,,,,,PRICE_CROSS_CHECK_FAILED,,,,
radar:2026-09-08:1220,2026-09-08T12:20:00-04:00,DATA_UNAVAILABLE,,JPM,MISSING,,,,,,,,,PRICE_CROSS_CHECK_FAILED,,,,
radar:2026-09-08:1220,2026-09-08T12:20:00-04:00,DATA_UNAVAILABLE,,BAC,MISSING,,,,,,,,,PRICE_CROSS_CHECK_FAILED,,,,
radar:2026-09-08:1220,2026-09-08T12:20:00-04:00,DATA_UNAVAILABLE,,MS,MISSING,,,,,,,,,PRICE_CROSS_CHECK_FAILED,,,,
radar:2026-09-08:1220,2026-09-08T12:20:00-04:00,DATA_UNAVAILABLE,,WMT,MISSING,,,,,,,,,PRICE_CROSS_CHECK_FAILED,,,,
radar:2026-09-08:1220,2026-09-08T12:20:00-04:00,DATA_UNAVAILABLE,,COIN,MISSING,,,,,,,,,PRICE_CROSS_CHECK_FAILED,,,,
radar:2026-09-08:1220,2026-09-08T12:20:00-04:00,DATA_UNAVAILABLE,,HOOD,MISSING,,,,,,,,,PRICE_CROSS_CHECK_FAILED,,,,
radar:2026-09-08:1220,2026-09-08T12:20:00-04:00,DATA_UNAVAILABLE,,PLTR,MISSING,,,,,,,,,PRICE_CROSS_CHECK_FAILED,,,,
radar:2026-09-08:1220,2026-09-08T12:20:00-04:00,DATA_UNAVAILABLE,,MSTR,MISSING,,,,,,,,,PRICE_CROSS_CHECK_FAILED,,,,
radar:2026-09-08:1220,2026-09-08T12:20:00-04:00,DATA_UNAVAILABLE,,META,MISSING,,,,,,,,,PRICE_CROSS_CHECK_FAILED,,,,
radar:2026-09-08:1220,2026-09-08T12:20:00-04:00,DATA_UNAVAILABLE,,NFLX,MISSING,,,,,,,,,PRICE_CROSS_CHECK_FAILED,,,,
radar:2026-09-08:1220,2026-09-08T12:20:00-04:00,DATA_UNAVAILABLE,,UBER,MISSING,,,,,,,,,PRICE_CROSS_CHECK_FAILED,,,,
radar:2026-09-08:1220,2026-09-08T12:20:00-04:00,DATA_UNAVAILABLE,,PYPL,MISSING,,,,,,,,,PRICE_CROSS_CHECK_FAILED,,,,
radar:2026-09-08:1220,2026-09-08T12:20:00-04:00,DATA_UNAVAILABLE,,V,MISSING,,,,,,,,,PRICE_CROSS_CHECK_FAILED,,,,
radar:2026-09-08:1220,2026-09-08T12:20:00-04:00,DATA_UNAVAILABLE,,EBAY,MISSING,,,,,,,,,PRICE_CROSS_CHECK_FAILED,,,,
radar:2026-09-08:1220,2026-09-08T12:20:00-04:00,DATA_UNAVAILABLE,,DIS,MISSING,,,,,,,,,PRICE_CROSS_CHECK_FAILED,,,,
radar:2026-09-08:1220,2026-09-08T12:20:00-04:00,DATA_UNAVAILABLE,,PG,MISSING,,,,,,,,,PRICE_CROSS_CHECK_FAILED,,,,
radar:2026-09-08:1220,2026-09-08T12:20:00-04:00,DATA_UNAVAILABLE,,CVX,MISSING,,,,,,,,,PRICE_CROSS_CHECK_FAILED,,,,
radar:2026-09-08:1220,2026-09-08T12:20:00-04:00,DATA_UNAVAILABLE,,QCOM,MISSING,,,,,,,,,PRICE_CROSS_CHECK_FAILED,,,,
radar:2026-09-08:1220,2026-09-08T12:20:00-04:00,DATA_UNAVAILABLE,,AMAT,MISSING,,,,,,,,,PRICE_CROSS_CHECK_FAILED,,,,
radar:2026-09-08:1220,2026-09-08T12:20:00-04:00,DATA_UNAVAILABLE,,TSLA,MISSING,,,,,,,,,PRICE_CROSS_CHECK_FAILED,,,,
radar:2026-09-08:1220,2026-09-08T12:20:00-04:00,DATA_UNAVAILABLE,,CSCO,MISSING,,,,,,,,,PRICE_CROSS_CHECK_FAILED,,,,
radar:2026-09-08:1220,2026-09-08T12:20:00-04:00,DATA_UNAVAILABLE,,ALAB,MISSING,,,,,,,,,PRICE_CROSS_CHECK_FAILED,,,,
radar:2026-09-08:1220,2026-09-08T12:20:00-04:00,DATA_UNAVAILABLE,,IBKR,MISSING,,,,,,,,,PRICE_CROSS_CHECK_FAILED,,,,
radar:2026-09-08:1220,2026-09-08T12:20:00-04:00,DATA_UNAVAILABLE,,LHX,MISSING,,,,,,,,,PRICE_CROSS_CHECK_FAILED,,,,
radar:2026-09-08:1220,2026-09-08T12:20:00-04:00,DATA_UNAVAILABLE,,NOC,MISSING,,,,,,,,,PRICE_CROSS_CHECK_FAILED,,,,
radar:2026-09-08:1220,2026-09-08T12:20:00-04:00,DATA_UNAVAILABLE,,ONDS,MISSING,,,,,,,,,PRICE_CROSS_CHECK_FAILED,,,,
radar:2026-09-08:1220,2026-09-08T12:20:00-04:00,DATA_UNAVAILABLE,,SPY,MISSING,,,,,,,,,PRICE_CROSS_CHECK_FAILED,,,,
radar:2026-09-08:1220,2026-09-08T12:20:00-04:00,DATA_UNAVAILABLE,,QQQ,MISSING,,,,,,,,,PRICE_CROSS_CHECK_FAILED,,,,
radar:2026-09-08:1220,2026-09-08T12:20:00-04:00,DATA_UNAVAILABLE,,VOO,MISSING,,,,,,,,,PRICE_CROSS_CHECK_FAILED,,,,
radar:2026-09-08:1220,2026-09-08T12:20:00-04:00,DATA_UNAVAILABLE,,IBIT,MISSING,,,,,,,,,PRICE_CROSS_CHECK_FAILED,,,,
radar:2026-09-08:1220,2026-09-08T12:20:00-04:00,DATA_UNAVAILABLE,,XLE,MISSING,,,,,,,,,PRICE_CROSS_CHECK_FAILED,,,,
radar:2026-09-08:1220,2026-09-08T12:20:00-04:00,DATA_UNAVAILABLE,,GLTR,MISSING,,,,,,,,,PRICE_CROSS_CHECK_FAILED,,,,
radar:2026-09-08:1220,2026-09-08T12:20:00-04:00,DATA_UNAVAILABLE,,REMX,MISSING,,,,,,,,,PRICE_CROSS_CHECK_FAILED,,,,
radar:2026-09-08:1220,2026-09-08T12:20:00-04:00,DATA_UNAVAILABLE,,ITA,MISSING,,,,,,,,,PRICE_CROSS_CHECK_FAILED,,,,
radar:2026-09-08:1220,2026-09-08T12:20:00-04:00,DATA_UNAVAILABLE,,XAR,MISSING,,,,,,,,,PRICE_CROSS_CHECK_FAILED,,,,
radar:2026-09-08:1230,2026-09-08T12:30:00-04:00,DATA_UNAVAILABLE,,NVDA,MISSING,,,,,,,,,PRICE_CROSS_CHECK_FAILED,,,,
radar:2026-09-08:1230,2026-09-08T12:30:00-04:00,DATA_UNAVAILABLE,,AVGO,MISSING,,,,,,,,,PRICE_CROSS_CHECK_FAILED,,,,
radar:2026-09-08:1230,2026-09-08T12:30:00-04:00,DATA_UNAVAILABLE,,DELL,MISSING,,,,,,,,,PRICE_CROSS_CHECK_FAILED,,,,
radar:2026-09-08:1230,2026-09-08T12:30:00-04:00,DATA_UNAVAILABLE,,AAPL,MISSING,,,,,,,,,PRICE_CROSS_CHECK_FAILED,,,,
radar:2026-09-08:1230,2026-09-08T12:30:00-04:00,DATA_UNAVAILABLE,,TXN,MISSING,,,,,,,,,PRICE_CROSS_CHECK_FAILED,,,,
radar:2026-09-08:1230,2026-09-08T12:30:00-04:00,DATA_UNAVAILABLE,,CDNS,MISSING,,,,,,,,,PRICE_CROSS_CHECK_FAILED,,,,
radar:2026-09-08:1230,2026-09-08T12:30:00-04:00,DATA_UNAVAILABLE,,SNPS,MISSING,,,,,,,,,PRICE_CROSS_CHECK_FAILED,,,,
radar:2026-09-08:1230,2026-09-08T12:30:00-04:00,DATA_UNAVAILABLE,,ORCL,MISSING,,,,,,,,,PRICE_CROSS_CHECK_FAILED,,,,
radar:2026-09-08:1230,2026-09-08T12:30:00-04:00,DATA_UNAVAILABLE,,NOW,MISSING,,,,,,,,,PRICE_CROSS_CHECK_FAILED,,,,
radar:2026-09-08:1230,2026-09-08T12:30:00-04:00,DATA_UNAVAILABLE,,ADBE,MISSING,,,,,,,,,PRICE_CROSS_CHECK_FAILED,,,,
radar:2026-09-08:1230,2026-09-08T12:30:00-04:00,DATA_UNAVAILABLE,,WDAY,MISSING,,,,,,,,,PRICE_CROSS_CHECK_FAILED,,,,
radar:2026-09-08:1230,2026-09-08T12:30:00-04:00,DATA_UNAVAILABLE,,MSFT,MISSING,,,,,,,,,PRICE_CROSS_CHECK_FAILED,,,,
radar:2026-09-08:1230,2026-09-08T12:30:00-04:00,DATA_UNAVAILABLE,,AMZN,MISSING,,,,,,,,,PRICE_CROSS_CHECK_FAILED,,,,
radar:2026-09-08:1230,2026-09-08T12:30:00-04:00,DATA_UNAVAILABLE,,BA,MISSING,,,,,,,,,PRICE_CROSS_CHECK_FAILED,,,,
radar:2026-09-08:1230,2026-09-08T12:30:00-04:00,DATA_UNAVAILABLE,,AMD,MISSING,,,,,,,,,PRICE_CROSS_CHECK_FAILED,,,,
radar:2026-09-08:1230,2026-09-08T12:30:00-04:00,DATA_UNAVAILABLE,,INTC,MISSING,,,,,,,,,PRICE_CROSS_CHECK_FAILED,,,,
radar:2026-09-08:1230,2026-09-08T12:30:00-04:00,DATA_UNAVAILABLE,,MRVL,MISSING,,,,,,,,,PRICE_CROSS_CHECK_FAILED,,,,
radar:2026-09-08:1230,2026-09-08T12:30:00-04:00,DATA_UNAVAILABLE,,MRNA,MISSING,,,,,,,,,PRICE_CROSS_CHECK_FAILED,,,,
radar:2026-09-08:1230,2026-09-08T12:30:00-04:00,DATA_UNAVAILABLE,,SNDK,MISSING,,,,,,,,,PRICE_CROSS_CHECK_FAILED,,,,
radar:2026-09-08:1230,2026-09-08T12:30:00-04:00,DATA_UNAVAILABLE,,GOOGL,MISSING,,,,,,,,,PRICE_CROSS_CHECK_FAILED,,,,
radar:2026-09-08:1230,2026-09-08T12:30:00-04:00,DATA_UNAVAILABLE,,GS,MISSING,,,,,,,,,PRICE_CROSS_CHECK_FAILED,,,,
radar:2026-09-08:1230,2026-09-08T12:30:00-04:00,DATA_UNAVAILABLE,,ABNB,MISSING,,,,,,,,,PRICE_CROSS_CHECK_FAILED,,,,
radar:2026-09-08:1230,2026-09-08T12:30:00-04:00,DATA_UNAVAILABLE,,DASH,MISSING,,,,,,,,,PRICE_CROSS_CHECK_FAILED,,,,
radar:2026-09-08:1230,2026-09-08T12:30:00-04:00,DATA_UNAVAILABLE,,MU,MISSING,,,,,,,,,PRICE_CROSS_CHECK_FAILED,,,,
radar:2026-09-08:1230,2026-09-08T12:30:00-04:00,DATA_UNAVAILABLE,,GE,MISSING,,,,,,,,,PRICE_CROSS_CHECK_FAILED,,,,
radar:2026-09-08:1230,2026-09-08T12:30:00-04:00,DATA_UNAVAILABLE,,JPM,MISSING,,,,,,,,,PRICE_CROSS_CHECK_FAILED,,,,
radar:2026-09-08:1230,2026-09-08T12:30:00-04:00,DATA_UNAVAILABLE,,BAC,MISSING,,,,,,,,,PRICE_CROSS_CHECK_FAILED,,,,
radar:2026-09-08:1230,2026-09-08T12:30:00-04:00,DATA_UNAVAILABLE,,MS,MISSING,,,,,,,,,PRICE_CROSS_CHECK_FAILED,,,,
radar:2026-09-08:1230,2026-09-08T12:30:00-04:00,DATA_UNAVAILABLE,,WMT,MISSING,,,,,,,,,PRICE_CROSS_CHECK_FAILED,,,,
radar:2026-09-08:1230,2026-09-08T12:30:00-04:00,DATA_UNAVAILABLE,,COIN,MISSING,,,,,,,,,PRICE_CROSS_CHECK_FAILED,,,,
radar:2026-09-08:1230,2026-09-08T12:30:00-04:00,DATA_UNAVAILABLE,,HOOD,MISSING,,,,,,,,,PRICE_CROSS_CHECK_FAILED,,,,
radar:2026-09-08:1230,2026-09-08T12:30:00-04:00,DATA_UNAVAILABLE,,PLTR,MISSING,,,,,,,,,PRICE_CROSS_CHECK_FAILED,,,,
radar:2026-09-08:1230,2026-09-08T12:30:00-04:00,DATA_UNAVAILABLE,,MSTR,MISSING,,,,,,,,,PRICE_CROSS_CHECK_FAILED,,,,
radar:2026-09-08:1230,2026-09-08T12:30:00-04:00,DATA_UNAVAILABLE,,META,MISSING,,,,,,,,,PRICE_CROSS_CHECK_FAILED,,,,
radar:2026-09-08:1230,2026-09-08T12:30:00-04:00,DATA_UNAVAILABLE,,NFLX,MISSING,,,,,,,,,PRICE_CROSS_CHECK_FAILED,,,,
radar:2026-09-08:1230,2026-09-08T12:30:00-04:00,DATA_UNAVAILABLE,,UBER,MISSING,,,,,,,,,PRICE_CROSS_CHECK_FAILED,,,,
radar:2026-09-08:1230,2026-09-08T12:30:00-04:00,DATA_UNAVAILABLE,,PYPL,MISSING,,,,,,,,,PRICE_CROSS_CHECK_FAILED,,,,
radar:2026-09-08:1230,2026-09-08T12:30:00-04:00,DATA_UNAVAILABLE,,V,MISSING,,,,,,,,,PRICE_CROSS_CHECK_FAILED,,,,
radar:2026-09-08:1230,2026-09-08T12:30:00-04:00,DATA_UNAVAILABLE,,EBAY,MISSING,,,,,,,,,PRICE_CROSS_CHECK_FAILED,,,,
radar:2026-09-08:1230,2026-09-08T12:30:00-04:00,DATA_UNAVAILABLE,,DIS,MISSING,,,,,,,,,PRICE_CROSS_CHECK_FAILED,,,,
radar:2026-09-08:1230,2026-09-08T12:30:00-04:00,DATA_UNAVAILABLE,,PG,MISSING,,,,,,,,,PRICE_CROSS_CHECK_FAILED,,,,
radar:2026-09-08:1230,2026-09-08T12:30:00-04:00,DATA_UNAVAILABLE,,CVX,MISSING,,,,,,,,,PRICE_CROSS_CHECK_FAILED,,,,
radar:2026-09-08:1230,2026-09-08T12:30:00-04:00,DATA_UNAVAILABLE,,QCOM,MISSING,,,,,,,,,PRICE_CROSS_CHECK_FAILED,,,,
radar:2026-09-08:1230,2026-09-08T12:30:00-04:00,DATA_UNAVAILABLE,,AMAT,MISSING,,,,,,,,,PRICE_CROSS_CHECK_FAILED,,,,
radar:2026-09-08:1230,2026-09-08T12:30:00-04:00,DATA_UNAVAILABLE,,TSLA,MISSING,,,,,,,,,PRICE_CROSS_CHECK_FAILED,,,,
radar:2026-09-08:1230,2026-09-08T12:30:00-04:00,DATA_UNAVAILABLE,,CSCO,MISSING,,,,,,,,,PRICE_CROSS_CHECK_FAILED,,,,
radar:2026-09-08:1230,2026-09-08T12:30:00-04:00,DATA_UNAVAILABLE,,ALAB,MISSING,,,,,,,,,PRICE_CROSS_CHECK_FAILED,,,,
radar:2026-09-08:1230,2026-09-08T12:30:00-04:00,DATA_UNAVAILABLE,,IBKR,MISSING,,,,,,,,,PRICE_CROSS_CHECK_FAILED,,,,
radar:2026-09-08:1230,2026-09-08T12:30:00-04:00,DATA_UNAVAILABLE,,LHX,MISSING,,,,,,,,,PRICE_CROSS_CHECK_FAILED,,,,
radar:2026-09-08:1230,2026-09-08T12:30:00-04:00,DATA_UNAVAILABLE,,NOC,MISSING,,,,,,,,,PRICE_CROSS_CHECK_FAILED,,,,
radar:2026-09-08:1230,2026-09-08T12:30:00-04:00,DATA_UNAVAILABLE,,ONDS,MISSING,,,,,,,,,PRICE_CROSS_CHECK_FAILED,,,,
radar:2026-09-08:1230,2026-09-08T12:30:00-04:00,DATA_UNAVAILABLE,,SPY,MISSING,,,,,,,,,PRICE_CROSS_CHECK_FAILED,,,,
radar:2026-09-08:1230,2026-09-08T12:30:00-04:00,DATA_UNAVAILABLE,,QQQ,MISSING,,,,,,,,,PRICE_CROSS_CHECK_FAILED,,,,
radar:2026-09-08:1230,2026-09-08T12:30:00-04:00,DATA_UNAVAILABLE,,VOO,MISSING,,,,,,,,,PRICE_CROSS_CHECK_FAILED,,,,
radar:2026-09-08:1230,2026-09-08T12:30:00-04:00,DATA_UNAVAILABLE,,IBIT,MISSING,,,,,,,,,PRICE_CROSS_CHECK_FAILED,,,,
radar:2026-09-08:1230,2026-09-08T12:30:00-04:00,DATA_UNAVAILABLE,,XLE,MISSING,,,,,,,,,PRICE_CROSS_CHECK_FAILED,,,,
radar:2026-09-08:1230,2026-09-08T12:30:00-04:00,DATA_UNAVAILABLE,,GLTR,MISSING,,,,,,,,,PRICE_CROSS_CHECK_FAILED,,,,
radar:2026-09-08:1230,2026-09-08T12:30:00-04:00,DATA_UNAVAILABLE,,REMX,MISSING,,,,,,,,,PRICE_CROSS_CHECK_FAILED,,,,
radar:2026-09-08:1230,2026-09-08T12:30:00-04:00,DATA_UNAVAILABLE,,ITA,MISSING,,,,,,,,,PRICE_CROSS_CHECK_FAILED,,,,
radar:2026-09-08:1230,2026-09-08T12:30:00-04:00,DATA_UNAVAILABLE,,XAR,MISSING,,,,,,,,,PRICE_CROSS_CHECK_FAILED,,,,
radar:2026-09-08:1240,2026-09-08T12:40:00-04:00,COMPLETED,1,QCOM,OK,0.0,14.0,20.0,15.0,15.0,10.0,74.0,65.33,NO_VERIFIED_CATALYST|RISK_TOO_SMALL,175.065,16326680.0,3.6842344041021673,
radar:2026-09-08:1240,2026-09-08T12:40:00-04:00,COMPLETED,2,AMD,OK,0.0,20.0,10.83,15.0,15.0,10.0,70.83,61.1,NO_VERIFIED_CATALYST|RISK_TOO_SMALL,508.58,15803814.0,1.8532218953118331,
radar:2026-09-08:1240,2026-09-08T12:40:00-04:00,COMPLETED,3,INTC,OK,0.0,20.0,9.73,15.0,15.0,10.0,69.73,59.65,NO_VERIFIED_CATALYST|QUALITY_OR_LANE_BLOCKED,104.81,81854543.0,1.7167579332923204,
radar:2026-09-08:1240,2026-09-08T12:40:00-04:00,COMPLETED,4,TSLA,OK,0.0,20.0,9.47,15.0,15.0,10.0,69.47,59.29,NO_VERIFIED_CATALYST|QUALITY_OR_LANE_BLOCKED,368.865,31128100.0,1.6837586018656145,
radar:2026-09-08:1240,2026-09-08T12:40:00-04:00,COMPLETED,5,ORCL,OK,0.0,12.02,13.49,15.0,15.0,10.0,65.51,54.02,NO_VERIFIED_CATALYST|QUALITY_OR_LANE_BLOCKED,162.87,24203995.0,2.186737756230975,
radar:2026-09-08:1240,2026-09-08T12:40:00-04:00,COMPLETED,6,SNDK,OK,0.0,18.19,4.81,15.0,15.0,10.0,63.0,50.66,NO_VERIFIED_CATALYST,1791.76,7126497.0,1.1011292992645159,
radar:2026-09-08:1240,2026-09-08T12:40:00-04:00,COMPLETED,7,AMAT,OK,0.0,17.17,1.9,15.0,15.0,10.0,59.07,45.43,NO_VERIFIED_CATALYST,468.725,2674275.0,0.73771103964337,
radar:2026-09-08:1240,2026-09-08T12:40:00-04:00,COMPLETED,8,AVGO,OK,0.0,11.59,6.23,15.0,15.0,10.0,57.81,43.75,NO_VERIFIED_CATALYST,366.78,14607909.0,1.2785170090769427,
radar:2026-09-08:1240,2026-09-08T12:40:00-04:00,COMPLETED,9,MRVL,OK,0.0,11.84,4.32,15.0,15.0,10.0,56.16,41.54,NO_VERIFIED_CATALYST,228.54,12395265.0,1.0399379362355587,
radar:2026-09-08:1240,2026-09-08T12:40:00-04:00,COMPLETED,10,SNPS,OK,0.0,10.68,4.04,15.0,15.0,10.0,54.72,39.63,NO_VERIFIED_CATALYST,400.62,859057.0,1.0052270103145207,
radar:2026-09-08:1240,2026-09-08T12:40:00-04:00,COMPLETED,11,REMX,OK,0.0,4.92,7.84,11.74,15.0,10.0,49.5,32.66,NO_VERIFIED_CATALYST,76.458,406928.0,1.4801077480104703,
radar:2026-09-08:1240,2026-09-08T12:40:00-04:00,COMPLETED,12,ONDS,OK,0.0,6.74,1.7,14.07,15.0,10.0,47.51,30.01,NO_VERIFIED_CATALYST,7.73,24606241.0,0.7129241728745414,
radar:2026-09-08:1240,2026-09-08T12:40:00-04:00,COMPLETED,13,UBER,OK,0.0,13.89,8.39,0.0,15.0,10.0,47.28,29.71,NO_VERIFIED_CATALYST|RELATIVE_STRENGTH_NEGATIVE,73.505,11675783.0,1.5490665233793248,
radar:2026-09-08:1240,2026-09-08T12:40:00-04:00,COMPLETED,14,ALAB,OK,0.0,14.0,7.67,0.0,15.0,10.0,46.67,28.9,NO_VERIFIED_CATALYST|RELATIVE_STRENGTH_NEGATIVE,294.48,2408882.0,1.4590542359442136,
radar:2026-09-08:1240,2026-09-08T12:40:00-04:00,COMPLETED,15,ADBE,OK,0.0,14.77,5.49,0.0,15.0,10.0,45.27,27.02,NO_VERIFIED_CATALYST|RELATIVE_STRENGTH_NEGATIVE,257.715,2496950.0,1.186703092884384,
radar:2026-09-08:1240,2026-09-08T12:40:00-04:00,COMPLETED,16,MSTR,OK,0.0,17.59,2.32,0.0,15.0,10.0,44.91,26.54,NO_VERIFIED_CATALYST|RELATIVE_STRENGTH_NEGATIVE,138.661,10694149.0,0.7901139765286035,
radar:2026-09-08:1240,2026-09-08T12:40:00-04:00,COMPLETED,17,ABNB,OK,0.0,14.0,4.68,0.0,15.0,10.0,43.68,24.91,NO_VERIFIED_CATALYST|RELATIVE_STRENGTH_NEGATIVE,176.17,2714216.0,1.0850064187117638,
radar:2026-09-08:1240,2026-09-08T12:40:00-04:00,COMPLETED,18,DELL,OK,0.0,6.42,2.4,9.12,15.0,10.0,42.94,23.92,NO_VERIFIED_CATALYST,527.38,3243350.0,0.8002724273208502,
radar:2026-09-08:1240,2026-09-08T12:40:00-04:00,COMPLETED,19,DASH,OK,0.0,14.0,3.86,0.0,15.0,10.0,42.86,23.81,NO_VERIFIED_CATALYST|RELATIVE_STRENGTH_NEGATIVE,200.995,1969094.0,0.9822531893902146,
radar:2026-09-08:1240,2026-09-08T12:40:00-04:00,COMPLETED,20,XLE,OK,0.0,3.61,3.89,10.04,15.0,10.0,42.54,23.38,NO_VERIFIED_CATALYST,64.555,12342991.0,0.9861402018598745,
radar:2026-09-08:1240,2026-09-08T12:40:00-04:00,COMPLETED,21,NOW,OK,0.0,14.0,2.98,0.0,15.0,10.0,41.98,22.64,NO_VERIFIED_CATALYST|RELATIVE_STRENGTH_NEGATIVE,134.005,7452270.0,0.8723041353760148,
radar:2026-09-08:1240,2026-09-08T12:40:00-04:00,COMPLETED,22,EBAY,OK,0.0,12.9,3.45,0.0,15.0,10.0,41.35,21.8,LIQUIDITY_WEAK|NO_VERIFIED_CATALYST|RELATIVE_STRENGTH_NEGATIVE,101.88,1878740.0,0.9308552121425874,
radar:2026-09-08:1240,2026-09-08T12:40:00-04:00,COMPLETED,23,NFLX,OK,0.0,10.44,5.64,0.0,15.0,10.0,41.08,21.44,NO_VERIFIED_CATALYST|RELATIVE_STRENGTH_NEGATIVE,76.5,16462771.0,1.2051704121774303,
radar:2026-09-08:1240,2026-09-08T12:40:00-04:00,COMPLETED,24,PYPL,OK,0.0,13.76,2.03,0.0,15.0,10.0,40.79,21.05,NO_VERIFIED_CATALYST|RELATIVE_STRENGTH_NEGATIVE,53.34,4577454.0,0.7540658376007813,
radar:2026-09-08:1240,2026-09-08T12:40:00-04:00,COMPLETED,25,CVX,OK,0.0,3.21,2.7,9.53,15.0,10.0,40.43,20.58,NO_VERIFIED_CATALYST,210.033,3179087.0,0.8373513941826997,
radar:2026-09-08:1240,2026-09-08T12:40:00-04:00,COMPLETED,26,IBIT,OK,0.0,11.36,3.46,0.0,15.0,10.0,39.82,19.75,NO_VERIFIED_CATALYST|RELATIVE_STRENGTH_NEGATIVE,44.7,26937166.0,0.9323122631693553,
radar:2026-09-08:1240,2026-09-08T12:40:00-04:00,COMPLETED,27,MU,OK,0.0,1.51,5.6,7.35,15.0,10.0,39.45,19.27,NO_VERIFIED_CATALYST,1019.875,16186644.0,1.1994336309022529,
radar:2026-09-08:1240,2026-09-08T12:40:00-04:00,COMPLETED,28,WDAY,OK,0.0,14.0,0.01,0.0,15.0,10.0,39.01,18.68,NO_VERIFIED_CATALYST|RELATIVE_STRENGTH_NEGATIVE,185.825,1217077.0,0.5008166286785563,
radar:2026-09-08:1240,2026-09-08T12:40:00-04:00,COMPLETED,29,XAR,OK,0.0,3.88,1.45,8.6,15.0,10.0,38.92,18.57,NO_VERIFIED_CATALYST,254.264,69469.0,0.6811089796796407,
radar:2026-09-08:1240,2026-09-08T12:40:00-04:00,COMPLETED,30,GOOGL,OK,0.0,4.52,4.14,5.05,15.0,10.0,38.72,18.29,NO_VERIFIED_CATALYST,338.26,11032377.0,1.0179856962672764,
radar:2026-09-08:1240,2026-09-08T12:40:00-04:00,COMPLETED,31,NVDA,OK,0.0,8.78,4.27,0.0,15.0,10.0,38.05,17.4,NO_VERIFIED_CATALYST|RELATIVE_STRENGTH_NEGATIVE,226.025,64925008.0,1.0338763411618146,
radar:2026-09-08:1240,2026-09-08T12:40:00-04:00,COMPLETED,32,BA,OK,0.0,1.78,3.37,7.7,15.0,10.0,37.85,17.13,NO_VERIFIED_CATALYST,213.06,2199136.0,0.9212336201928789,
radar:2026-09-08:1240,2026-09-08T12:40:00-04:00,COMPLETED,33,GE,OK,0.0,1.74,2.41,7.65,15.0,10.0,36.8,15.74,NO_VERIFIED_CATALYST,338.38,1367223.0,0.801200054204107,
radar:2026-09-08:1240,2026-09-08T12:40:00-04:00,COMPLETED,34,COIN,OK,0.0,11.09,0.66,0.0,15.0,10.0,36.76,15.67,NO_VERIFIED_CATALYST|RELATIVE_STRENGTH_NEGATIVE,181.595,2819094.0,0.5828178507066248,
radar:2026-09-08:1240,2026-09-08T12:40:00-04:00,COMPLETED,35,HOOD,OK,0.0,3.46,7.28,0.96,15.0,10.0,36.7,15.6,NO_VERIFIED_CATALYST|RELATIVE_STRENGTH_NEGATIVE,121.205,14270281.0,1.409662707484432,
radar:2026-09-08:1240,2026-09-08T12:40:00-04:00,COMPLETED,36,QQQ,OK,0.0,0.43,3.74,5.68,15.0,10.0,34.85,13.13,NO_VERIFIED_CATALYST,719.29,14513529.0,0.9676246697289282,
radar:2026-09-08:1240,2026-09-08T12:40:00-04:00,COMPLETED,37,PLTR,OK,0.0,8.14,1.55,0.0,15.0,10.0,34.69,12.91,NO_VERIFIED_CATALYST|RELATIVE_STRENGTH_NEGATIVE,171.29,11199496.0,0.6934156608719406,
radar:2026-09-08:1240,2026-09-08T12:40:00-04:00,COMPLETED,38,BAC,OK,0.0,2.02,2.03,5.22,15.0,10.0,34.26,12.34,NO_VERIFIED_CATALYST,62.66,10663118.0,0.7532328640169745,
radar:2026-09-08:1240,2026-09-08T12:40:00-04:00,COMPLETED,39,CDNS,OK,0.0,2.28,4.49,2.48,15.0,10.0,34.25,12.33,NO_VERIFIED_CATALYST|RELATIVE_STRENGTH_NEGATIVE,291.27,1160711.0,1.0613561649906462,
radar:2026-09-08:1240,2026-09-08T12:40:00-04:00,COMPLETED,40,NOC,OK,0.0,0.47,2.63,6.01,15.0,10.0,34.11,12.14,NO_VERIFIED_CATALYST,515.495,273524.0,0.8293321405774882,
radar:2026-09-08:1240,2026-09-08T12:40:00-04:00,COMPLETED,41,V,OK,0.0,8.39,0.7,0.0,15.0,10.0,34.09,12.12,NO_VERIFIED_CATALYST|RELATIVE_STRENGTH_NEGATIVE,368.33,1896804.0,0.5880549801880844,
radar:2026-09-08:1240,2026-09-08T12:40:00-04:00,COMPLETED,42,META,OK,0.0,0.7,2.01,6.07,15.0,10.0,33.77,11.69,NO_VERIFIED_CATALYST,617.45,5853285.0,0.7507031185395586,
radar:2026-09-08:1240,2026-09-08T12:40:00-04:00,COMPLETED,43,AMZN,OK,0.0,4.45,2.39,1.88,15.0,10.0,33.72,11.63,NO_VERIFIED_CATALYST|RELATIVE_STRENGTH_NEGATIVE,256.99,12719006.0,0.7984685481369742,
radar:2026-09-08:1240,2026-09-08T12:40:00-04:00,COMPLETED,44,MSFT,OK,0.0,7.59,0.9,0.0,15.0,10.0,33.49,11.32,NO_VERIFIED_CATALYST|RELATIVE_STRENGTH_NEGATIVE,491.57,6856788.0,0.612025980846207,
radar:2026-09-08:1240,2026-09-08T12:40:00-04:00,COMPLETED,45,SPY,OK,0.0,1.87,3.1,3.0,15.0,10.0,32.97,10.63,NO_VERIFIED_CATALYST,767.1,15697542.0,0.8871198041533677,
radar:2026-09-08:1240,2026-09-08T12:40:00-04:00,COMPLETED,46,ITA,OK,0.0,1.65,3.03,3.28,15.0,10.0,32.97,10.62,NO_VERIFIED_CATALYST,224.81,242783.0,0.8788629026624253,
radar:2026-09-08:1240,2026-09-08T12:40:00-04:00,COMPLETED,47,AAPL,OK,0.0,5.74,2.07,0.0,15.0,10.0,32.81,10.41,NO_VERIFIED_CATALYST|RELATIVE_STRENGTH_NEGATIVE,316.035,14654500.0,0.7585826763510473,
radar:2026-09-08:1240,2026-09-08T12:40:00-04:00,COMPLETED,48,MS,OK,0.0,2.26,0.37,4.9,15.0,10.0,32.52,10.03,NO_VERIFIED_CATALYST,217.535,1007508.0,0.5459345127520622,
radar:2026-09-08:1240,2026-09-08T12:40:00-04:00,COMPLETED,49,LHX,OK,0.0,2.98,2.35,1.58,15.0,10.0,31.91,9.21,NO_VERIFIED_CATALYST|RELATIVE_STRENGTH_NEGATIVE,254.815,613177.0,0.7940897606782311,
radar:2026-09-08:1240,2026-09-08T12:40:00-04:00,COMPLETED,50,VOO,OK,0.0,1.91,1.93,2.95,15.0,10.0,31.79,9.06,NO_VERIFIED_CATALYST|RELATIVE_STRENGTH_NEGATIVE,705.105,2387952.0,0.7414997685456096,
radar:2026-09-08:1240,2026-09-08T12:40:00-04:00,COMPLETED,51,GLTR,OK,0.0,3.07,0.6,2.79,15.0,10.0,31.46,8.61,NO_VERIFIED_CATALYST|RELATIVE_STRENGTH_NEGATIVE,200.63,16580.0,0.5747271172814894,
radar:2026-09-08:1240,2026-09-08T12:40:00-04:00,COMPLETED,52,DIS,OK,0.0,3.9,1.42,1.02,15.0,10.0,31.33,8.44,NO_VERIFIED_CATALYST|RELATIVE_STRENGTH_NEGATIVE,104.54,2503138.0,0.6769007907248015,
radar:2026-09-08:1240,2026-09-08T12:40:00-04:00,COMPLETED,53,GS,OK,0.0,1.51,0.0,4.58,15.0,10.0,31.1,8.13,NO_VERIFIED_CATALYST,1037.185,405533.0,0.45930651946548806,
radar:2026-09-08:1240,2026-09-08T12:40:00-04:00,COMPLETED,54,JPM,OK,0.0,4.12,1.67,0.1,15.0,10.0,30.9,7.87,NO_VERIFIED_CATALYST|RELATIVE_STRENGTH_NEGATIVE,355.47,1884172.0,0.7087726084551407,
radar:2026-09-08:1240,2026-09-08T12:40:00-04:00,COMPLETED,55,MRNA,OK,0.0,5.62,0.0,0.0,15.0,10.0,30.62,7.5,NO_VERIFIED_CATALYST|RELATIVE_STRENGTH_NEGATIVE,144.22,5714155.0,0.3504319082433343,
radar:2026-09-08:1240,2026-09-08T12:40:00-04:00,COMPLETED,56,WMT,OK,0.0,4.69,0.92,0.0,15.0,10.0,30.62,7.49,NO_VERIFIED_CATALYST|RELATIVE_STRENGTH_NEGATIVE,106.085,8374499.0,0.6155264388821974,
radar:2026-09-08:1240,2026-09-08T12:40:00-04:00,COMPLETED,57,TXN,OK,0.0,2.56,0.74,2.11,15.0,10.0,30.42,7.22,NO_VERIFIED_CATALYST|RELATIVE_STRENGTH_NEGATIVE,257.02,1554697.0,0.5928361993441339,
radar:2026-09-08:1240,2026-09-08T12:40:00-04:00,COMPLETED,58,PG,OK,0.0,5.08,0.22,0.0,15.0,10.0,30.29,7.06,NO_VERIFIED_CATALYST|RELATIVE_STRENGTH_NEGATIVE,145.12,2275002.0,0.5269075612929793,
radar:2026-09-08:1240,2026-09-08T12:40:00-04:00,COMPLETED,59,CSCO,OK,0.0,1.67,0.0,3.26,15.0,10.0,29.93,6.57,NO_VERIFIED_CATALYST,108.81,4422820.0,0.4644333333201598,
radar:2026-09-08:1240,2026-09-08T12:40:00-04:00,COMPLETED,60,IBKR,OK,0.0,3.8,0.0,0.52,15.0,10.0,29.32,5.76,NO_VERIFIED_CATALYST|RELATIVE_STRENGTH_NEGATIVE,91.865,932744.0,0.49285470357698175,
radar:2026-09-08:1250,2026-09-08T12:50:00-04:00,DATA_UNAVAILABLE,,NVDA,MISSING,,,,,,,,,PRICE_CROSS_CHECK_FAILED,,,,
radar:2026-09-08:1250,2026-09-08T12:50:00-04:00,DATA_UNAVAILABLE,,AVGO,MISSING,,,,,,,,,PRICE_CROSS_CHECK_FAILED,,,,
radar:2026-09-08:1250,2026-09-08T12:50:00-04:00,DATA_UNAVAILABLE,,DELL,MISSING,,,,,,,,,PRICE_CROSS_CHECK_FAILED,,,,
radar:2026-09-08:1250,2026-09-08T12:50:00-04:00,DATA_UNAVAILABLE,,AAPL,MISSING,,,,,,,,,PRICE_CROSS_CHECK_FAILED,,,,
radar:2026-09-08:1250,2026-09-08T12:50:00-04:00,DATA_UNAVAILABLE,,TXN,MISSING,,,,,,,,,PRICE_CROSS_CHECK_FAILED,,,,
radar:2026-09-08:1250,2026-09-08T12:50:00-04:00,DATA_UNAVAILABLE,,CDNS,MISSING,,,,,,,,,PRICE_CROSS_CHECK_FAILED,,,,
radar:2026-09-08:1250,2026-09-08T12:50:00-04:00,DATA_UNAVAILABLE,,SNPS,MISSING,,,,,,,,,PRICE_CROSS_CHECK_FAILED,,,,
radar:2026-09-08:1250,2026-09-08T12:50:00-04:00,DATA_UNAVAILABLE,,ORCL,MISSING,,,,,,,,,PRICE_CROSS_CHECK_FAILED,,,,
radar:2026-09-08:1250,2026-09-08T12:50:00-04:00,DATA_UNAVAILABLE,,NOW,MISSING,,,,,,,,,PRICE_CROSS_CHECK_FAILED,,,,
radar:2026-09-08:1250,2026-09-08T12:50:00-04:00,DATA_UNAVAILABLE,,ADBE,MISSING,,,,,,,,,PRICE_CROSS_CHECK_FAILED,,,,
radar:2026-09-08:1250,2026-09-08T12:50:00-04:00,DATA_UNAVAILABLE,,WDAY,MISSING,,,,,,,,,PRICE_CROSS_CHECK_FAILED,,,,
radar:2026-09-08:1250,2026-09-08T12:50:00-04:00,DATA_UNAVAILABLE,,MSFT,MISSING,,,,,,,,,PRICE_CROSS_CHECK_FAILED,,,,
radar:2026-09-08:1250,2026-09-08T12:50:00-04:00,DATA_UNAVAILABLE,,AMZN,MISSING,,,,,,,,,PRICE_CROSS_CHECK_FAILED,,,,
radar:2026-09-08:1250,2026-09-08T12:50:00-04:00,DATA_UNAVAILABLE,,BA,MISSING,,,,,,,,,PRICE_CROSS_CHECK_FAILED,,,,
radar:2026-09-08:1250,2026-09-08T12:50:00-04:00,DATA_UNAVAILABLE,,AMD,MISSING,,,,,,,,,PRICE_CROSS_CHECK_FAILED,,,,
radar:2026-09-08:1250,2026-09-08T12:50:00-04:00,DATA_UNAVAILABLE,,INTC,MISSING,,,,,,,,,PRICE_CROSS_CHECK_FAILED,,,,
radar:2026-09-08:1250,2026-09-08T12:50:00-04:00,DATA_UNAVAILABLE,,MRVL,MISSING,,,,,,,,,PRICE_CROSS_CHECK_FAILED,,,,
radar:2026-09-08:1250,2026-09-08T12:50:00-04:00,DATA_UNAVAILABLE,,MRNA,MISSING,,,,,,,,,PRICE_CROSS_CHECK_FAILED,,,,
radar:2026-09-08:1250,2026-09-08T12:50:00-04:00,DATA_UNAVAILABLE,,SNDK,MISSING,,,,,,,,,PRICE_CROSS_CHECK_FAILED,,,,
radar:2026-09-08:1250,2026-09-08T12:50:00-04:00,DATA_UNAVAILABLE,,GOOGL,MISSING,,,,,,,,,PRICE_CROSS_CHECK_FAILED,,,,
radar:2026-09-08:1250,2026-09-08T12:50:00-04:00,DATA_UNAVAILABLE,,GS,MISSING,,,,,,,,,PRICE_CROSS_CHECK_FAILED,,,,
radar:2026-09-08:1250,2026-09-08T12:50:00-04:00,DATA_UNAVAILABLE,,ABNB,MISSING,,,,,,,,,PRICE_CROSS_CHECK_FAILED,,,,
radar:2026-09-08:1250,2026-09-08T12:50:00-04:00,DATA_UNAVAILABLE,,DASH,MISSING,,,,,,,,,PRICE_CROSS_CHECK_FAILED,,,,
radar:2026-09-08:1250,2026-09-08T12:50:00-04:00,DATA_UNAVAILABLE,,MU,MISSING,,,,,,,,,PRICE_CROSS_CHECK_FAILED,,,,
radar:2026-09-08:1250,2026-09-08T12:50:00-04:00,DATA_UNAVAILABLE,,GE,MISSING,,,,,,,,,PRICE_CROSS_CHECK_FAILED,,,,
radar:2026-09-08:1250,2026-09-08T12:50:00-04:00,DATA_UNAVAILABLE,,JPM,MISSING,,,,,,,,,PRICE_CROSS_CHECK_FAILED,,,,
radar:2026-09-08:1250,2026-09-08T12:50:00-04:00,DATA_UNAVAILABLE,,BAC,MISSING,,,,,,,,,PRICE_CROSS_CHECK_FAILED,,,,
radar:2026-09-08:1250,2026-09-08T12:50:00-04:00,DATA_UNAVAILABLE,,MS,MISSING,,,,,,,,,PRICE_CROSS_CHECK_FAILED,,,,
radar:2026-09-08:1250,2026-09-08T12:50:00-04:00,DATA_UNAVAILABLE,,WMT,MISSING,,,,,,,,,PRICE_CROSS_CHECK_FAILED,,,,
radar:2026-09-08:1250,2026-09-08T12:50:00-04:00,DATA_UNAVAILABLE,,COIN,MISSING,,,,,,,,,PRICE_CROSS_CHECK_FAILED,,,,
radar:2026-09-08:1250,2026-09-08T12:50:00-04:00,DATA_UNAVAILABLE,,HOOD,MISSING,,,,,,,,,PRICE_CROSS_CHECK_FAILED,,,,
radar:2026-09-08:1250,2026-09-08T12:50:00-04:00,DATA_UNAVAILABLE,,PLTR,MISSING,,,,,,,,,PRICE_CROSS_CHECK_FAILED,,,,
radar:2026-09-08:1250,2026-09-08T12:50:00-04:00,DATA_UNAVAILABLE,,MSTR,MISSING,,,,,,,,,PRICE_CROSS_CHECK_FAILED,,,,
radar:2026-09-08:1250,2026-09-08T12:50:00-04:00,DATA_UNAVAILABLE,,META,MISSING,,,,,,,,,PRICE_CROSS_CHECK_FAILED,,,,
radar:2026-09-08:1250,2026-09-08T12:50:00-04:00,DATA_UNAVAILABLE,,NFLX,MISSING,,,,,,,,,PRICE_CROSS_CHECK_FAILED,,,,
radar:2026-09-08:1250,2026-09-08T12:50:00-04:00,DATA_UNAVAILABLE,,UBER,MISSING,,,,,,,,,PRICE_CROSS_CHECK_FAILED,,,,
radar:2026-09-08:1250,2026-09-08T12:50:00-04:00,DATA_UNAVAILABLE,,PYPL,MISSING,,,,,,,,,PRICE_CROSS_CHECK_FAILED,,,,
radar:2026-09-08:1250,2026-09-08T12:50:00-04:00,DATA_UNAVAILABLE,,V,MISSING,,,,,,,,,PRICE_CROSS_CHECK_FAILED,,,,
radar:2026-09-08:1250,2026-09-08T12:50:00-04:00,DATA_UNAVAILABLE,,EBAY,MISSING,,,,,,,,,PRICE_CROSS_CHECK_FAILED,,,,
radar:2026-09-08:1250,2026-09-08T12:50:00-04:00,DATA_UNAVAILABLE,,DIS,MISSING,,,,,,,,,PRICE_CROSS_CHECK_FAILED,,,,
radar:2026-09-08:1250,2026-09-08T12:50:00-04:00,DATA_UNAVAILABLE,,PG,MISSING,,,,,,,,,PRICE_CROSS_CHECK_FAILED,,,,
radar:2026-09-08:1250,2026-09-08T12:50:00-04:00,DATA_UNAVAILABLE,,CVX,MISSING,,,,,,,,,PRICE_CROSS_CHECK_FAILED,,,,
radar:2026-09-08:1250,2026-09-08T12:50:00-04:00,DATA_UNAVAILABLE,,QCOM,MISSING,,,,,,,,,PRICE_CROSS_CHECK_FAILED,,,,
radar:2026-09-08:1250,2026-09-08T12:50:00-04:00,DATA_UNAVAILABLE,,AMAT,MISSING,,,,,,,,,PRICE_CROSS_CHECK_FAILED,,,,
radar:2026-09-08:1250,2026-09-08T12:50:00-04:00,DATA_UNAVAILABLE,,TSLA,MISSING,,,,,,,,,PRICE_CROSS_CHECK_FAILED,,,,
radar:2026-09-08:1250,2026-09-08T12:50:00-04:00,DATA_UNAVAILABLE,,CSCO,MISSING,,,,,,,,,PRICE_CROSS_CHECK_FAILED,,,,
radar:2026-09-08:1250,2026-09-08T12:50:00-04:00,DATA_UNAVAILABLE,,ALAB,MISSING,,,,,,,,,PRICE_CROSS_CHECK_FAILED,,,,
radar:2026-09-08:1250,2026-09-08T12:50:00-04:00,DATA_UNAVAILABLE,,IBKR,MISSING,,,,,,,,,PRICE_CROSS_CHECK_FAILED,,,,
radar:2026-09-08:1250,2026-09-08T12:50:00-04:00,DATA_UNAVAILABLE,,LHX,MISSING,,,,,,,,,PRICE_CROSS_CHECK_FAILED,,,,
radar:2026-09-08:1250,2026-09-08T12:50:00-04:00,DATA_UNAVAILABLE,,NOC,MISSING,,,,,,,,,PRICE_CROSS_CHECK_FAILED,,,,
radar:2026-09-08:1250,2026-09-08T12:50:00-04:00,DATA_UNAVAILABLE,,ONDS,MISSING,,,,,,,,,PRICE_CROSS_CHECK_FAILED,,,,
radar:2026-09-08:1250,2026-09-08T12:50:00-04:00,DATA_UNAVAILABLE,,SPY,MISSING,,,,,,,,,PRICE_CROSS_CHECK_FAILED,,,,
radar:2026-09-08:1250,2026-09-08T12:50:00-04:00,DATA_UNAVAILABLE,,QQQ,MISSING,,,,,,,,,PRICE_CROSS_CHECK_FAILED,,,,
radar:2026-09-08:1250,2026-09-08T12:50:00-04:00,DATA_UNAVAILABLE,,VOO,MISSING,,,,,,,,,PRICE_CROSS_CHECK_FAILED,,,,
radar:2026-09-08:1250,2026-09-08T12:50:00-04:00,DATA_UNAVAILABLE,,IBIT,MISSING,,,,,,,,,PRICE_CROSS_CHECK_FAILED,,,,
radar:2026-09-08:1250,2026-09-08T12:50:00-04:00,DATA_UNAVAILABLE,,XLE,MISSING,,,,,,,,,PRICE_CROSS_CHECK_FAILED,,,,
radar:2026-09-08:1250,2026-09-08T12:50:00-04:00,DATA_UNAVAILABLE,,GLTR,MISSING,,,,,,,,,PRICE_CROSS_CHECK_FAILED,,,,
radar:2026-09-08:1250,2026-09-08T12:50:00-04:00,DATA_UNAVAILABLE,,REMX,MISSING,,,,,,,,,PRICE_CROSS_CHECK_FAILED,,,,
radar:2026-09-08:1250,2026-09-08T12:50:00-04:00,DATA_UNAVAILABLE,,ITA,MISSING,,,,,,,,,PRICE_CROSS_CHECK_FAILED,,,,
radar:2026-09-08:1250,2026-09-08T12:50:00-04:00,DATA_UNAVAILABLE,,XAR,MISSING,,,,,,,,,PRICE_CROSS_CHECK_FAILED,,,,
radar:2026-09-08:1300,2026-09-08T13:00:00-04:00,COMPLETED,1,QCOM,OK,0.0,14.0,20.0,15.0,15.0,10.0,74.0,65.33,NO_VERIFIED_CATALYST|RISK_TOO_SMALL,174.68,16895941.0,3.440258319147509,
radar:2026-09-08:1300,2026-09-08T13:00:00-04:00,COMPLETED,2,AMD,OK,0.0,20.0,10.02,15.0,15.0,10.0,70.02,60.03,NO_VERIFIED_CATALYST|RISK_TOO_SMALL,510.27,16562500.0,1.7524704376502493,
radar:2026-09-08:1300,2026-09-08T13:00:00-04:00,COMPLETED,3,INTC,OK,0.0,20.0,9.36,15.0,15.0,10.0,69.36,59.14,NO_VERIFIED_CATALYST|QUALITY_OR_LANE_BLOCKED,105.145,88220354.0,1.6695305381867251,
radar:2026-09-08:1300,2026-09-08T13:00:00-04:00,COMPLETED,4,TSLA,OK,0.0,20.0,8.96,15.0,15.0,10.0,68.96,58.62,NO_VERIFIED_CATALYST|QUALITY_OR_LANE_BLOCKED,369.51,33199028.0,1.6203613646455408,
radar:2026-09-08:1300,2026-09-08T13:00:00-04:00,COMPLETED,5,ORCL,OK,0.0,11.9,12.18,15.0,15.0,10.0,64.09,52.12,NO_VERIFIED_CATALYST|SCORE_BELOW_PLAN_THRESHOLD,162.83,24816752.0,2.0230838635495214,
radar:2026-09-08:1300,2026-09-08T13:00:00-04:00,COMPLETED,6,AMAT,OK,0.0,17.87,1.59,15.0,15.0,10.0,59.45,45.94,NO_VERIFIED_CATALYST,469.37,2805464.0,0.6983034934667088,
radar:2026-09-08:1300,2026-09-08T13:00:00-04:00,COMPLETED,7,AVGO,OK,0.0,11.16,5.72,15.0,15.0,10.0,56.87,42.5,NO_VERIFIED_CATALYST,366.45,15379149.0,1.2145350607214516,
radar:2026-09-08:1300,2026-09-08T13:00:00-04:00,COMPLETED,8,MRVL,OK,0.0,13.08,3.76,15.0,15.0,10.0,56.84,42.45,NO_VERIFIED_CATALYST,228.815,12814534.0,0.97009377845504,
radar:2026-09-08:1300,2026-09-08T13:00:00-04:00,COMPLETED,9,SNDK,OK,0.0,11.66,4.28,15.0,15.0,10.0,55.94,41.25,NO_VERIFIED_CATALYST,1781.1,7427960.0,1.035597670302436,
radar:2026-09-08:1300,2026-09-08T13:00:00-04:00,COMPLETED,10,REMX,OK,0.0,6.08,6.94,12.9,15.0,10.0,50.91,34.55,NO_VERIFIED_CATALYST,76.645,416621.0,1.36733903262799,
radar:2026-09-08:1300,2026-09-08T13:00:00-04:00,COMPLETED,11,SNPS,OK,0.0,7.0,3.82,13.39,15.0,10.0,49.21,32.28,NO_VERIFIED_CATALYST,399.29,925713.0,0.9774123620032467,
radar:2026-09-08:1300,2026-09-08T13:00:00-04:00,COMPLETED,12,ONDS,OK,0.0,7.35,1.46,14.53,15.0,10.0,48.34,31.12,NO_VERIFIED_CATALYST,7.74,26103752.0,0.682433437960872,
radar:2026-09-08:1300,2026-09-08T13:00:00-04:00,COMPLETED,13,ALAB,OK,0.0,14.0,7.95,0.0,15.0,10.0,46.95,29.27,NO_VERIFIED_CATALYST|RELATIVE_STRENGTH_NEGATIVE,292.68,2733620.0,1.4940094652981248,
radar:2026-09-08:1300,2026-09-08T13:00:00-04:00,COMPLETED,14,UBER,OK,0.0,14.0,7.64,0.0,15.0,10.0,46.64,28.85,NO_VERIFIED_CATALYST|RELATIVE_STRENGTH_NEGATIVE,73.34,12152696.0,1.454842515989629,
radar:2026-09-08:1300,2026-09-08T13:00:00-04:00,COMPLETED,15,ADBE,OK,0.0,14.89,4.85,0.0,15.0,10.0,44.74,26.31,NO_VERIFIED_CATALYST|RELATIVE_STRENGTH_NEGATIVE,257.77,2579750.0,1.1062904052972349,
radar:2026-09-08:1300,2026-09-08T13:00:00-04:00,COMPLETED,16,ABNB,OK,0.0,14.0,4.25,0.0,15.0,10.0,43.25,24.33,NO_VERIFIED_CATALYST|RELATIVE_STRENGTH_NEGATIVE,175.34,2857664.0,1.0307619091924693,
radar:2026-09-08:1300,2026-09-08T13:00:00-04:00,COMPLETED,17,DASH,OK,0.0,14.0,3.44,0.0,15.0,10.0,42.44,23.26,NO_VERIFIED_CATALYST|RELATIVE_STRENGTH_NEGATIVE,200.28,2066921.0,0.9303367418434397,
radar:2026-09-08:1300,2026-09-08T13:00:00-04:00,COMPLETED,18,XLE,OK,0.0,3.35,4.19,9.39,15.0,10.0,41.93,22.58,NO_VERIFIED_CATALYST,64.52,14200502.0,1.0237201352820573,
radar:2026-09-08:1300,2026-09-08T13:00:00-04:00,COMPLETED,19,NOW,OK,0.0,14.0,2.49,0.0,15.0,10.0,41.49,21.98,NO_VERIFIED_CATALYST|RELATIVE_STRENGTH_NEGATIVE,134.165,7676589.0,0.810787297170366,
radar:2026-09-08:1300,2026-09-08T13:00:00-04:00,COMPLETED,20,NFLX,OK,0.0,10.92,5.24,0.0,15.0,10.0,41.16,21.55,NO_VERIFIED_CATALYST|RELATIVE_STRENGTH_NEGATIVE,76.79,17481910.0,1.1547652338247987,
radar:2026-09-08:1300,2026-09-08T13:00:00-04:00,COMPLETED,21,MSTR,OK,0.0,14.0,1.96,0.0,15.0,10.0,40.96,21.28,NO_VERIFIED_CATALYST|RELATIVE_STRENGTH_NEGATIVE,137.64,11173049.0,0.7448597607885565,
radar:2026-09-08:1300,2026-09-08T13:00:00-04:00,COMPLETED,22,PYPL,OK,0.0,14.0,1.69,0.0,15.0,10.0,40.69,20.91,NO_VERIFIED_CATALYST|RELATIVE_STRENGTH_NEGATIVE,53.28,4780904.0,0.710648095955809,
radar:2026-09-08:1300,2026-09-08T13:00:00-04:00,COMPLETED,23,GOOGL,OK,0.0,5.63,3.67,5.78,15.0,10.0,40.08,20.1,NO_VERIFIED_CATALYST,338.85,11519212.0,0.959079590284928,
radar:2026-09-08:1300,2026-09-08T13:00:00-04:00,COMPLETED,24,EBAY,OK,0.0,11.53,3.34,0.0,15.0,10.0,39.87,19.83,NO_VERIFIED_CATALYST|RELATIVE_STRENGTH_NEGATIVE,102.185,2053463.0,0.9180400569631902,
radar:2026-09-08:1300,2026-09-08T13:00:00-04:00,COMPLETED,25,XAR,OK,0.0,4.4,1.63,8.68,15.0,10.0,39.71,19.61,NO_VERIFIED_CATALYST,254.435,79537.0,0.7036457375926126,
radar:2026-09-08:1300,2026-09-08T13:00:00-04:00,COMPLETED,26,CVX,OK,0.0,3.09,2.44,9.05,15.0,10.0,39.58,19.44,NO_VERIFIED_CATALYST,209.98,3387161.0,0.8050085095515439,
radar:2026-09-08:1300,2026-09-08T13:00:00-04:00,COMPLETED,27,WDAY,OK,0.0,14.0,0.0,0.0,15.0,10.0,39.0,18.67,NO_VERIFIED_CATALYST|RELATIVE_STRENGTH_NEGATIVE,186.22,1277655.0,0.47438787506734104,
radar:2026-09-08:1300,2026-09-08T13:00:00-04:00,COMPLETED,28,IBIT,OK,0.0,10.83,3.03,0.0,15.0,10.0,38.86,18.48,NO_VERIFIED_CATALYST|RELATIVE_STRENGTH_NEGATIVE,44.6,28127044.0,0.8784011245043538,
radar:2026-09-08:1300,2026-09-08T13:00:00-04:00,COMPLETED,29,DELL,OK,0.0,4.16,2.07,7.61,15.0,10.0,38.84,18.46,NO_VERIFIED_CATALYST,526.345,3410768.0,0.7593736317987025,
radar:2026-09-08:1300,2026-09-08T13:00:00-04:00,COMPLETED,30,BA,OK,0.0,2.5,2.96,8.29,15.0,10.0,38.75,18.34,NO_VERIFIED_CATALYST,213.385,2303151.0,0.8705613853485892,
radar:2026-09-08:1300,2026-09-08T13:00:00-04:00,COMPLETED,31,NVDA,OK,0.0,9.32,3.88,0.0,15.0,10.0,38.2,17.59,NO_VERIFIED_CATALYST|RELATIVE_STRENGTH_NEGATIVE,225.76,68524396.0,0.984602871394074,
radar:2026-09-08:1300,2026-09-08T13:00:00-04:00,COMPLETED,32,HOOD,OK,0.0,6.36,6.63,0.0,15.0,10.0,37.99,17.32,NO_VERIFIED_CATALYST|RELATIVE_STRENGTH_NEGATIVE,120.445,14907454.0,1.3287566772827675,
radar:2026-09-08:1300,2026-09-08T13:00:00-04:00,COMPLETED,33,COIN,OK,0.0,11.35,0.49,0.0,15.0,10.0,36.84,15.78,NO_VERIFIED_CATALYST|RELATIVE_STRENGTH_NEGATIVE,180.15,3008523.0,0.5612235933856631,
radar:2026-09-08:1300,2026-09-08T13:00:00-04:00,COMPLETED,34,GE,OK,0.0,1.9,2.05,7.52,15.0,10.0,36.47,15.3,NO_VERIFIED_CATALYST,338.49,1430746.0,0.7565252907601483,
radar:2026-09-08:1300,2026-09-08T13:00:00-04:00,COMPLETED,35,QQQ,OK,0.0,1.56,3.5,6.01,15.0,10.0,36.06,14.75,NO_VERIFIED_CATALYST,720.07,15574571.0,0.9369346414035341,
radar:2026-09-08:1300,2026-09-08T13:00:00-04:00,COMPLETED,36,MU,OK,0.0,0.14,5.07,5.27,15.0,10.0,35.48,13.98,NO_VERIFIED_CATALYST,1016.9,16960764.0,1.1340288787053243,
radar:2026-09-08:1300,2026-09-08T13:00:00-04:00,COMPLETED,37,CDNS,OK,0.0,5.08,4.4,0.0,15.0,10.0,34.48,12.63,NO_VERIFIED_CATALYST|RELATIVE_STRENGTH_NEGATIVE,289.515,1272327.0,1.0497722455079532,
radar:2026-09-08:1300,2026-09-08T13:00:00-04:00,COMPLETED,38,AMZN,OK,0.0,4.55,2.02,2.42,15.0,10.0,33.98,11.98,NO_VERIFIED_CATALYST|RELATIVE_STRENGTH_NEGATIVE,257.36,13282938.0,0.7524161063471106,
radar:2026-09-08:1300,2026-09-08T13:00:00-04:00,COMPLETED,39,NOC,OK,0.0,0.68,2.28,5.96,15.0,10.0,33.92,11.89,NO_VERIFIED_CATALYST,515.73,286763.0,0.7845406831677243,
radar:2026-09-08:1300,2026-09-08T13:00:00-04:00,COMPLETED,40,MS,OK,0.0,3.02,0.16,5.53,15.0,10.0,33.71,11.61,NO_VERIFIED_CATALYST,217.88,1064014.0,0.5202339443190747,
radar:2026-09-08:1300,2026-09-08T13:00:00-04:00,COMPLETED,41,BAC,OK,0.0,1.93,1.68,4.88,15.0,10.0,33.5,11.33,NO_VERIFIED_CATALYST,62.659,11146973.0,0.710495432978705,
radar:2026-09-08:1300,2026-09-08T13:00:00-04:00,COMPLETED,42,V,OK,0.0,7.98,0.49,0.0,15.0,10.0,33.47,11.29,NO_VERIFIED_CATALYST|RELATIVE_STRENGTH_NEGATIVE,368.66,2007910.0,0.5616930038178496,
radar:2026-09-08:1300,2026-09-08T13:00:00-04:00,COMPLETED,43,PLTR,OK,0.0,6.93,1.36,0.0,15.0,10.0,33.29,11.05,NO_VERIFIED_CATALYST|RELATIVE_STRENGTH_NEGATIVE,171.74,11985467.0,0.6695907167109137,
radar:2026-09-08:1300,2026-09-08T13:00:00-04:00,COMPLETED,44,MSFT,OK,0.0,7.46,0.66,0.0,15.0,10.0,33.12,10.82,NO_VERIFIED_CATALYST|RELATIVE_STRENGTH_NEGATIVE,491.71,7225423.0,0.5819312908322174,
radar:2026-09-08:1300,2026-09-08T13:00:00-04:00,COMPLETED,45,SPY,OK,0.0,1.62,2.99,3.0,15.0,10.0,32.61,10.15,NO_VERIFIED_CATALYST,767.513,17137199.0,0.8738758893297853,
radar:2026-09-08:1300,2026-09-08T13:00:00-04:00,COMPLETED,46,LHX,OK,0.0,2.82,2.11,2.62,15.0,10.0,32.54,10.06,NO_VERIFIED_CATALYST|RELATIVE_STRENGTH_NEGATIVE,255.395,653384.0,0.7635043776590892,
radar:2026-09-08:1300,2026-09-08T13:00:00-04:00,COMPLETED,47,META,OK,0.0,0.19,1.96,5.33,15.0,10.0,32.48,9.98,NO_VERIFIED_CATALYST,617.02,6442543.0,0.7455644152528725,
radar:2026-09-08:1300,2026-09-08T13:00:00-04:00,COMPLETED,48,AAPL,OK,0.0,5.63,1.74,0.0,15.0,10.0,32.37,9.83,NO_VERIFIED_CATALYST|RELATIVE_STRENGTH_NEGATIVE,316.11,15361132.0,0.7174876546011361,
radar:2026-09-08:1300,2026-09-08T13:00:00-04:00,COMPLETED,49,ITA,OK,0.0,1.74,2.59,2.85,15.0,10.0,32.18,9.57,NO_VERIFIED_CATALYST|RELATIVE_STRENGTH_NEGATIVE,224.77,252232.0,0.8238769249392128,
radar:2026-09-08:1300,2026-09-08T13:00:00-04:00,COMPLETED,50,GS,OK,0.0,1.73,0.0,5.14,15.0,10.0,31.88,9.17,NO_VERIFIED_CATALYST,1038.71,423830.0,0.43313911020083906,
radar:2026-09-08:1300,2026-09-08T13:00:00-04:00,COMPLETED,51,VOO,OK,0.0,1.69,1.76,2.91,15.0,10.0,31.36,8.49,NO_VERIFIED_CATALYST|RELATIVE_STRENGTH_NEGATIVE,705.44,2570904.0,0.7203284755041078,
radar:2026-09-08:1300,2026-09-08T13:00:00-04:00,COMPLETED,52,DIS,OK,0.0,3.94,1.1,1.01,15.0,10.0,31.05,8.07,NO_VERIFIED_CATALYST|RELATIVE_STRENGTH_NEGATIVE,104.595,2610352.0,0.6369401113011183,
radar:2026-09-08:1300,2026-09-08T13:00:00-04:00,COMPLETED,53,WMT,OK,0.0,5.25,0.72,0.0,15.0,10.0,30.97,7.96,NO_VERIFIED_CATALYST|RELATIVE_STRENGTH_NEGATIVE,105.935,8898008.0,0.5901194993024005,
radar:2026-09-08:1300,2026-09-08T13:00:00-04:00,COMPLETED,54,MRNA,OK,0.0,5.55,0.0,0.0,15.0,10.0,30.55,7.41,NO_VERIFIED_CATALYST|RELATIVE_STRENGTH_NEGATIVE,144.2,5903461.0,0.3266762952655397,
radar:2026-09-08:1300,2026-09-08T13:00:00-04:00,COMPLETED,55,JPM,OK,0.0,3.69,1.35,0.4,15.0,10.0,30.44,7.26,NO_VERIFIED_CATALYST|RELATIVE_STRENGTH_NEGATIVE,355.84,1969607.0,0.6685367028070917,
radar:2026-09-08:1300,2026-09-08T13:00:00-04:00,COMPLETED,56,TXN,OK,0.0,2.47,0.76,1.9,15.0,10.0,30.13,6.85,NO_VERIFIED_CATALYST|RELATIVE_STRENGTH_NEGATIVE,257.07,1727742.0,0.5944661647943068,
radar:2026-09-08:1300,2026-09-08T13:00:00-04:00,COMPLETED,57,GLTR,OK,0.0,2.85,0.72,1.47,15.0,10.0,30.03,6.71,NO_VERIFIED_CATALYST|RELATIVE_STRENGTH_NEGATIVE,200.295,18858.0,0.5898371065338971,
radar:2026-09-08:1300,2026-09-08T13:00:00-04:00,COMPLETED,58,PG,OK,0.0,4.94,0.0,0.0,15.0,10.0,29.94,6.59,NO_VERIFIED_CATALYST|RELATIVE_STRENGTH_NEGATIVE,145.005,2385869.0,0.49860719230980466,
radar:2026-09-08:1300,2026-09-08T13:00:00-04:00,COMPLETED,59,CSCO,OK,0.0,0.9,0.0,3.93,15.0,10.0,29.83,6.44,NO_VERIFIED_CATALYST,108.99,4811717.0,0.4559145898987296,
radar:2026-09-08:1300,2026-09-08T13:00:00-04:00,COMPLETED,60,IBKR,OK,0.0,3.33,0.0,0.81,15.0,10.0,29.14,5.51,NO_VERIFIED_CATALYST|RELATIVE_STRENGTH_NEGATIVE,91.96,972968.0,0.463889235525625,
radar:2026-09-08:1310,2026-09-08T13:10:00-04:00,COMPLETED,1,QCOM,OK,0.0,14.0,20.0,15.0,15.0,10.0,74.0,65.33,NO_VERIFIED_CATALYST|RISK_TOO_SMALL,174.475,17077270.0,3.3281289678866344,
radar:2026-09-08:1310,2026-09-08T13:10:00-04:00,COMPLETED,2,AMD,OK,0.0,20.0,9.87,15.0,15.0,10.0,69.87,59.82,NO_VERIFIED_CATALYST|RISK_TOO_SMALL,509.345,17113691.0,1.7331714582517905,
radar:2026-09-08:1310,2026-09-08T13:10:00-04:00,COMPLETED,3,INTC,OK,0.0,20.0,9.11,15.0,15.0,10.0,69.11,58.82,NO_VERIFIED_CATALYST|QUALITY_OR_LANE_BLOCKED,105.68,90504390.0,1.639337032756289,
radar:2026-09-08:1310,2026-09-08T13:10:00-04:00,COMPLETED,4,TSLA,OK,0.0,20.0,8.72,15.0,15.0,10.0,68.72,58.29,NO_VERIFIED_CATALYST|QUALITY_OR_LANE_BLOCKED,368.91,34026889.0,1.5895777975853802,
radar:2026-09-08:1310,2026-09-08T13:10:00-04:00,COMPLETED,5,ORCL,OK,0.0,11.7,11.77,15.0,15.0,10.0,63.47,51.29,NO_VERIFIED_CATALYST|SCORE_BELOW_PLAN_THRESHOLD,162.76,25261905.0,1.9710973584350429,
radar:2026-09-08:1310,2026-09-08T13:10:00-04:00,COMPLETED,6,MRVL,OK,0.0,17.58,3.57,15.0,15.0,10.0,61.15,48.2,NO_VERIFIED_CATALYST,229.785,13059207.0,0.9462387746151658,
radar:2026-09-08:1310,2026-09-08T13:10:00-04:00,COMPLETED,7,AMAT,OK,0.0,19.21,1.48,15.0,15.0,10.0,60.69,47.59,NO_VERIFIED_CATALYST,470.52,2874605.0,0.6848425318031418,
radar:2026-09-08:1310,2026-09-08T13:10:00-04:00,COMPLETED,8,SNDK,OK,0.0,13.92,4.06,15.0,15.0,10.0,57.97,43.97,NO_VERIFIED_CATALYST,1784.875,7545686.0,1.006916065626331,
radar:2026-09-08:1310,2026-09-08T13:10:00-04:00,COMPLETED,9,AVGO,OK,0.0,11.25,5.46,15.0,15.0,10.0,56.71,42.28,NO_VERIFIED_CATALYST,366.525,15639979.0,1.1821890987689132,
radar:2026-09-08:1310,2026-09-08T13:10:00-04:00,COMPLETED,10,REMX,OK,0.0,6.54,6.56,13.4,15.0,10.0,51.5,35.33,NO_VERIFIED_CATALYST,76.72,420146.0,1.3198005975661404,
radar:2026-09-08:1310,2026-09-08T13:10:00-04:00,COMPLETED,11,SNPS,OK,0.0,7.28,3.56,13.46,15.0,10.0,49.3,32.4,NO_VERIFIED_CATALYST,399.395,935612.0,0.9455190454044443,
radar:2026-09-08:1310,2026-09-08T13:10:00-04:00,COMPLETED,12,ONDS,OK,0.0,7.04,1.32,14.05,15.0,10.0,47.42,29.89,NO_VERIFIED_CATALYST,7.735,26593504.0,0.6654354919559684,
radar:2026-09-08:1310,2026-09-08T13:10:00-04:00,COMPLETED,13,ALAB,OK,0.0,14.0,7.93,0.0,15.0,10.0,46.93,29.24,NO_VERIFIED_CATALYST|RELATIVE_STRENGTH_NEGATIVE,293.37,2850026.0,1.4908606794584331,
radar:2026-09-08:1310,2026-09-08T13:10:00-04:00,COMPLETED,14,UBER,OK,0.0,14.0,7.36,0.0,15.0,10.0,46.36,28.48,NO_VERIFIED_CATALYST|RELATIVE_STRENGTH_NEGATIVE,73.255,12392329.0,1.4199377911280382,
radar:2026-09-08:1310,2026-09-08T13:10:00-04:00,COMPLETED,15,ADBE,OK,0.0,14.98,4.63,0.0,15.0,10.0,44.6,26.14,NO_VERIFIED_CATALYST|RELATIVE_STRENGTH_NEGATIVE,257.815,2627438.0,1.0784425989845083,
radar:2026-09-08:1310,2026-09-08T13:10:00-04:00,COMPLETED,16,DELL,OK,0.0,7.1,1.96,9.22,15.0,10.0,43.28,24.37,NO_VERIFIED_CATALYST,527.835,3495440.0,0.7448661144503107,
radar:2026-09-08:1310,2026-09-08T13:10:00-04:00,COMPLETED,17,ABNB,OK,0.0,14.0,4.06,0.0,15.0,10.0,43.06,24.09,NO_VERIFIED_CATALYST|RELATIVE_STRENGTH_NEGATIVE,175.66,2919630.0,1.0079710245889482,
radar:2026-09-08:1310,2026-09-08T13:10:00-04:00,COMPLETED,18,DASH,OK,0.0,14.0,3.27,0.0,15.0,10.0,42.27,23.03,NO_VERIFIED_CATALYST|RELATIVE_STRENGTH_NEGATIVE,200.335,2110022.0,0.9090260135578142,
radar:2026-09-08:1310,2026-09-08T13:10:00-04:00,COMPLETED,19,NOW,OK,0.0,14.0,2.31,0.0,15.0,10.0,41.31,21.74,NO_VERIFIED_CATALYST|RELATIVE_STRENGTH_NEGATIVE,134.18,7796858.0,0.7881906962206862,
radar:2026-09-08:1310,2026-09-08T13:10:00-04:00,COMPLETED,20,GOOGL,OK,0.0,6.41,3.52,6.2,15.0,10.0,41.13,21.51,NO_VERIFIED_CATALYST,339.14,11799428.0,0.940298764454419,
radar:2026-09-08:1310,2026-09-08T13:10:00-04:00,COMPLETED,21,NFLX,OK,0.0,11.02,5.05,0.0,15.0,10.0,41.07,21.42,NO_VERIFIED_CATALYST|RELATIVE_STRENGTH_NEGATIVE,76.875,17890098.0,1.1310728366405745,
radar:2026-09-08:1310,2026-09-08T13:10:00-04:00,COMPLETED,22,MSTR,OK,0.0,14.0,1.78,0.0,15.0,10.0,40.78,21.03,NO_VERIFIED_CATALYST|RELATIVE_STRENGTH_NEGATIVE,137.48,11314286.0,0.7219431421313262,
radar:2026-09-08:1310,2026-09-08T13:10:00-04:00,COMPLETED,23,XAR,OK,0.0,5.08,1.65,9.03,15.0,10.0,40.75,21.0,NO_VERIFIED_CATALYST,254.62,83335.0,0.7056434714116935,
radar:2026-09-08:1310,2026-09-08T13:10:00-04:00,COMPLETED,24,PYPL,OK,0.0,13.54,1.55,0.0,15.0,10.0,40.1,20.13,NO_VERIFIED_CATALYST|RELATIVE_STRENGTH_NEGATIVE,53.365,4879752.0,0.694249150876708,
radar:2026-09-08:1310,2026-09-08T13:10:00-04:00,COMPLETED,25,XLE,OK,0.0,2.4,4.06,8.09,15.0,10.0,39.55,19.4,NO_VERIFIED_CATALYST,64.39,14605542.0,1.0077858561584159,
radar:2026-09-08:1310,2026-09-08T13:10:00-04:00,COMPLETED,26,EBAY,OK,0.0,10.87,3.47,0.0,15.0,10.0,39.35,19.13,NO_VERIFIED_CATALYST|RELATIVE_STRENGTH_NEGATIVE,102.33,2182688.0,0.9339840140685681,
radar:2026-09-08:1310,2026-09-08T13:10:00-04:00,COMPLETED,27,WDAY,OK,0.0,14.0,0.0,0.0,15.0,10.0,39.0,18.67,NO_VERIFIED_CATALYST|RELATIVE_STRENGTH_NEGATIVE,186.29,1298626.0,0.4615057412032602,
radar:2026-09-08:1310,2026-09-08T13:10:00-04:00,COMPLETED,28,IBIT,OK,0.0,10.55,2.82,0.0,15.0,10.0,38.37,17.82,NO_VERIFIED_CATALYST|RELATIVE_STRENGTH_NEGATIVE,44.53,28518502.0,0.8524492498302333,
radar:2026-09-08:1310,2026-09-08T13:10:00-04:00,COMPLETED,29,HOOD,OK,0.0,6.92,6.35,0.0,15.0,10.0,38.27,17.69,NO_VERIFIED_CATALYST|RELATIVE_STRENGTH_NEGATIVE,120.3,15165625.0,1.2938243726398033,
radar:2026-09-08:1310,2026-09-08T13:10:00-04:00,COMPLETED,30,BA,OK,0.0,2.24,2.82,7.88,15.0,10.0,37.94,17.25,NO_VERIFIED_CATALYST,213.27,2355834.0,0.8523043513297751,
radar:2026-09-08:1310,2026-09-08T13:10:00-04:00,COMPLETED,31,GE,OK,0.0,2.83,1.96,8.03,15.0,10.0,37.82,17.09,NO_VERIFIED_CATALYST,338.824,1472290.0,0.7451218622066694,
radar:2026-09-08:1310,2026-09-08T13:10:00-04:00,COMPLETED,32,NVDA,OK,0.0,8.91,3.73,0.0,15.0,10.0,37.64,16.86,NO_VERIFIED_CATALYST|RELATIVE_STRENGTH_NEGATIVE,225.96,70258683.0,0.9662486928171186,
radar:2026-09-08:1310,2026-09-08T13:10:00-04:00,COMPLETED,33,MU,OK,0.0,1.15,4.88,6.48,15.0,10.0,37.51,16.67,NO_VERIFIED_CATALYST,1019.1,17339507.0,1.1096562953570257,
radar:2026-09-08:1310,2026-09-08T13:10:00-04:00,COMPLETED,34,QQQ,OK,0.0,2.0,3.41,6.19,15.0,10.0,36.59,15.46,NO_VERIFIED_CATALYST,720.391,16084464.0,0.926131870322454,
radar:2026-09-08:1310,2026-09-08T13:10:00-04:00,COMPLETED,35,COIN,OK,0.0,11.12,0.36,0.0,15.0,10.0,36.48,15.31,NO_VERIFIED_CATALYST|RELATIVE_STRENGTH_NEGATIVE,180.24,3053576.0,0.5452106750941207,
radar:2026-09-08:1310,2026-09-08T13:10:00-04:00,COMPLETED,36,CVX,OK,0.0,1.72,2.32,7.21,15.0,10.0,36.25,15.0,NO_VERIFIED_CATALYST,209.37,3471874.0,0.7897717944434135,
radar:2026-09-08:1310,2026-09-08T13:10:00-04:00,COMPLETED,37,NOC,OK,0.0,1.53,2.45,6.96,15.0,10.0,35.95,14.59,NO_VERIFIED_CATALYST,516.67,307924.0,0.8063227748955067,
radar:2026-09-08:1310,2026-09-08T13:10:00-04:00,COMPLETED,38,MS,OK,0.0,4.32,0.1,6.22,15.0,10.0,35.64,14.19,NO_VERIFIED_CATALYST,218.165,1094692.0,0.5122905215641576,
radar:2026-09-08:1310,2026-09-08T13:10:00-04:00,COMPLETED,39,CDNS,OK,0.0,5.6,4.38,0.0,15.0,10.0,34.97,13.3,NO_VERIFIED_CATALYST|RELATIVE_STRENGTH_NEGATIVE,289.19,1325979.0,1.0471430678537066,
radar:2026-09-08:1310,2026-09-08T13:10:00-04:00,COMPLETED,40,BAC,OK,0.0,2.35,1.59,5.23,15.0,10.0,34.16,12.22,NO_VERIFIED_CATALYST,62.705,11443579.0,0.6981347350898726,
radar:2026-09-08:1310,2026-09-08T13:10:00-04:00,COMPLETED,41,META,OK,0.0,1.22,1.82,6.0,15.0,10.0,34.04,12.05,NO_VERIFIED_CATALYST,617.8,6570579.0,0.7277873789889044,
radar:2026-09-08:1310,2026-09-08T13:10:00-04:00,COMPLETED,42,V,OK,0.0,8.47,0.42,0.0,15.0,10.0,33.89,11.86,NO_VERIFIED_CATALYST|RELATIVE_STRENGTH_NEGATIVE,368.26,2063888.0,0.5526038811207236,
radar:2026-09-08:1310,2026-09-08T13:10:00-04:00,COMPLETED,43,AMZN,OK,0.0,4.47,1.92,2.4,15.0,10.0,33.8,11.73,NO_VERIFIED_CATALYST|RELATIVE_STRENGTH_NEGATIVE,257.393,13650242.0,0.7400777061545005,
radar:2026-09-08:1310,2026-09-08T13:10:00-04:00,COMPLETED,44,LHX,OK,0.0,2.92,2.11,3.03,15.0,10.0,33.05,10.74,NO_VERIFIED_CATALYST,255.61,682436.0,0.7632696571326518,
radar:2026-09-08:1310,2026-09-08T13:10:00-04:00,COMPLETED,45,MSFT,OK,0.0,6.92,0.56,0.0,15.0,10.0,32.48,9.97,NO_VERIFIED_CATALYST|RELATIVE_STRENGTH_NEGATIVE,492.295,7400665.0,0.5704954849635434,
radar:2026-09-08:1310,2026-09-08T13:10:00-04:00,COMPLETED,46,SPY,OK,0.0,1.6,2.85,3.0,15.0,10.0,32.44,9.93,NO_VERIFIED_CATALYST,767.63,17537268.0,0.8559430875583991,
radar:2026-09-08:1310,2026-09-08T13:10:00-04:00,COMPLETED,47,PLTR,OK,0.0,6.16,1.23,0.0,15.0,10.0,32.39,9.85,NO_VERIFIED_CATALYST|RELATIVE_STRENGTH_NEGATIVE,172.03,12227298.0,0.6538196867346616,
radar:2026-09-08:1310,2026-09-08T13:10:00-04:00,COMPLETED,48,AAPL,OK,0.0,5.5,1.63,0.0,15.0,10.0,32.14,9.52,NO_VERIFIED_CATALYST|RELATIVE_STRENGTH_NEGATIVE,316.196,15749103.0,0.7040768548262794,
radar:2026-09-08:1310,2026-09-08T13:10:00-04:00,COMPLETED,49,ITA,OK,0.0,1.26,2.51,3.37,15.0,10.0,32.14,9.52,NO_VERIFIED_CATALYST,225.0,260267.0,0.8136812246237346,
radar:2026-09-08:1310,2026-09-08T13:10:00-04:00,COMPLETED,50,GS,OK,0.0,1.66,0.0,5.03,15.0,10.0,31.7,8.93,NO_VERIFIED_CATALYST,1038.68,433149.0,0.42368789377465516,
radar:2026-09-08:1310,2026-09-08T13:10:00-04:00,COMPLETED,51,VOO,OK,0.0,1.55,1.61,3.0,15.0,10.0,31.16,8.21,NO_VERIFIED_CATALYST,705.66,2613735.0,0.7009375233802541,
radar:2026-09-08:1310,2026-09-08T13:10:00-04:00,COMPLETED,52,WMT,OK,0.0,5.38,0.6,0.0,15.0,10.0,30.98,7.97,NO_VERIFIED_CATALYST|RELATIVE_STRENGTH_NEGATIVE,105.905,9055224.0,0.5748035005092912,
radar:2026-09-08:1310,2026-09-08T13:10:00-04:00,COMPLETED,53,DIS,OK,0.0,3.95,0.97,1.01,15.0,10.0,30.92,7.9,NO_VERIFIED_CATALYST|RELATIVE_STRENGTH_NEGATIVE,104.61,2659825.0,0.6211916668940137,
radar:2026-09-08:1310,2026-09-08T13:10:00-04:00,COMPLETED,54,MRNA,OK,0.0,5.45,0.0,0.0,15.0,10.0,30.45,7.27,NO_VERIFIED_CATALYST|RELATIVE_STRENGTH_NEGATIVE,144.1,6015803.0,0.3186233225904637,
radar:2026-09-08:1310,2026-09-08T13:10:00-04:00,COMPLETED,55,TXN,OK,0.0,1.56,0.66,2.99,15.0,10.0,30.21,6.95,NO_VERIFIED_CATALYST|RELATIVE_STRENGTH_NEGATIVE,257.575,1769289.0,0.5826665150680915,
radar:2026-09-08:1310,2026-09-08T13:10:00-04:00,COMPLETED,56,JPM,OK,0.0,3.72,1.25,0.21,15.0,10.0,30.18,6.91,NO_VERIFIED_CATALYST|RELATIVE_STRENGTH_NEGATIVE,355.78,2020214.0,0.6563206750874131,
radar:2026-09-08:1310,2026-09-08T13:10:00-04:00,COMPLETED,57,PG,OK,0.0,5.09,0.0,0.0,15.0,10.0,30.09,6.79,NO_VERIFIED_CATALYST|RELATIVE_STRENGTH_NEGATIVE,145.19,2448279.0,0.4897177944300598,
radar:2026-09-08:1310,2026-09-08T13:10:00-04:00,COMPLETED,58,GLTR,OK,0.0,2.85,0.52,1.38,15.0,10.0,29.74,6.32,LIQUIDITY_WEAK|NO_VERIFIED_CATALYST|RELATIVE_STRENGTH_NEGATIVE,200.295,18858.0,0.5645535249575795,
radar:2026-09-08:1310,2026-09-08T13:10:00-04:00,COMPLETED,59,CSCO,OK,0.0,0.98,0.0,3.73,15.0,10.0,29.71,6.28,NO_VERIFIED_CATALYST,108.97,4947551.0,0.44869034722934587,
radar:2026-09-08:1310,2026-09-08T13:10:00-04:00,COMPLETED,60,IBKR,OK,0.0,3.33,0.0,0.72,15.0,10.0,29.04,5.39,NO_VERIFIED_CATALYST|RELATIVE_STRENGTH_NEGATIVE,91.96,989136.0,0.4513825642116594,
radar:2026-09-08:1320,2026-09-08T13:20:00-04:00,COMPLETED,1,QCOM,OK,0.0,14.0,20.0,15.0,15.0,10.0,74.0,65.33,NO_VERIFIED_CATALYST|RISK_TOO_SMALL,174.73,17231011.0,3.2120873174955413,
radar:2026-09-08:1320,2026-09-08T13:20:00-04:00,COMPLETED,2,AMD,OK,0.0,20.0,9.64,15.0,15.0,10.0,69.64,59.52,NO_VERIFIED_CATALYST|RISK_TOO_SMALL,511.84,17600095.0,1.7049346410257615,
radar:2026-09-08:1320,2026-09-08T13:20:00-04:00,COMPLETED,3,INTC,OK,0.0,20.0,8.88,15.0,15.0,10.0,68.88,58.51,NO_VERIFIED_CATALYST|QUALITY_OR_LANE_BLOCKED,105.94,92938262.0,1.6102304366381976,
radar:2026-09-08:1320,2026-09-08T13:20:00-04:00,COMPLETED,4,TSLA,OK,0.0,20.0,8.39,15.0,15.0,10.0,68.39,57.86,NO_VERIFIED_CATALYST|QUALITY_OR_LANE_BLOCKED,367.73,34669083.0,1.549161798838768,
radar:2026-09-08:1320,2026-09-08T13:20:00-04:00,COMPLETED,5,ORCL,OK,0.0,10.79,11.4,15.0,15.0,10.0,62.18,49.58,NO_VERIFIED_CATALYST|SCORE_BELOW_PLAN_THRESHOLD,162.45,25785691.0,1.924489885742211,
radar:2026-09-08:1320,2026-09-08T13:20:00-04:00,COMPLETED,6,MRVL,OK,0.0,18.46,3.36,15.0,15.0,10.0,61.83,49.1,NO_VERIFIED_CATALYST,229.99,13278251.0,0.9202793754045973,
radar:2026-09-08:1320,2026-09-08T13:20:00-04:00,COMPLETED,7,AMAT,OK,0.0,19.64,1.35,15.0,15.0,10.0,60.99,47.98,NO_VERIFIED_CATALYST,470.94,2933920.0,0.6685835636534064,
radar:2026-09-08:1320,2026-09-08T13:20:00-04:00,COMPLETED,8,AVGO,OK,0.0,12.3,5.23,15.0,15.0,10.0,57.53,43.37,NO_VERIFIED_CATALYST,367.328,15953065.0,1.1534261678139281,
radar:2026-09-08:1320,2026-09-08T13:20:00-04:00,COMPLETED,9,SNDK,OK,0.0,12.05,3.83,15.0,15.0,10.0,55.87,41.16,NO_VERIFIED_CATALYST,1781.82,7663114.0,0.9781257862331643,
radar:2026-09-08:1320,2026-09-08T13:20:00-04:00,COMPLETED,10,REMX,OK,0.0,7.5,6.21,14.24,15.0,10.0,52.96,37.27,NO_VERIFIED_CATALYST,76.82,424826.0,1.2764801229210974,
radar:2026-09-08:1320,2026-09-08T13:20:00-04:00,COMPLETED,11,ONDS,OK,0.0,7.04,1.18,14.1,15.0,10.0,47.32,29.76,NO_VERIFIED_CATALYST,7.735,27043778.0,0.6472806723559142,
radar:2026-09-08:1320,2026-09-08T13:20:00-04:00,COMPLETED,12,ALAB,OK,0.0,14.0,8.0,0.0,15.0,10.0,47.0,29.33,NO_VERIFIED_CATALYST|RELATIVE_STRENGTH_NEGATIVE,292.36,2997305.0,1.4997333787983678,
radar:2026-09-08:1320,2026-09-08T13:20:00-04:00,COMPLETED,13,SNPS,OK,0.0,5.87,3.37,12.59,15.0,10.0,46.83,29.1,NO_VERIFIED_CATALYST,398.795,952497.0,0.9207314861445999,
radar:2026-09-08:1320,2026-09-08T13:20:00-04:00,COMPLETED,14,UBER,OK,0.0,14.0,7.19,0.0,15.0,10.0,46.19,28.25,NO_VERIFIED_CATALYST|RELATIVE_STRENGTH_NEGATIVE,73.18,12756838.0,1.398151729090545,
radar:2026-09-08:1320,2026-09-08T13:20:00-04:00,COMPLETED,15,ADBE,OK,0.0,14.0,4.36,0.0,15.0,10.0,43.36,24.48,NO_VERIFIED_CATALYST|RELATIVE_STRENGTH_NEGATIVE,257.39,2660840.0,1.044667776669809,
radar:2026-09-08:1320,2026-09-08T13:20:00-04:00,COMPLETED,16,ABNB,OK,0.0,14.0,3.9,0.0,15.0,10.0,42.9,23.87,NO_VERIFIED_CATALYST|RELATIVE_STRENGTH_NEGATIVE,175.565,2991284.0,0.9878085003411164,
radar:2026-09-08:1320,2026-09-08T13:20:00-04:00,COMPLETED,17,DELL,OK,0.0,6.43,1.87,8.98,15.0,10.0,42.28,23.04,NO_VERIFIED_CATALYST,527.58,3602614.0,0.7343261244330278,
radar:2026-09-08:1320,2026-09-08T13:20:00-04:00,COMPLETED,18,DASH,OK,0.0,14.0,3.12,0.0,15.0,10.0,42.12,22.83,NO_VERIFIED_CATALYST|RELATIVE_STRENGTH_NEGATIVE,200.1,2159893.0,0.8900541832130376,
radar:2026-09-08:1320,2026-09-08T13:20:00-04:00,COMPLETED,19,XAR,OK,0.0,6.03,1.44,9.62,15.0,10.0,42.09,22.79,NO_VERIFIED_CATALYST,254.85,83984.0,0.6802198857793935,
radar:2026-09-08:1320,2026-09-08T13:20:00-04:00,COMPLETED,20,NOW,OK,0.0,14.0,2.13,0.0,15.0,10.0,41.13,21.51,NO_VERIFIED_CATALYST|RELATIVE_STRENGTH_NEGATIVE,133.945,7928469.0,0.7666477978243211,
radar:2026-09-08:1320,2026-09-08T13:20:00-04:00,COMPLETED,21,MSTR,OK,0.0,14.0,1.59,0.0,15.0,10.0,40.59,20.79,NO_VERIFIED_CATALYST|RELATIVE_STRENGTH_NEGATIVE,137.34,11453874.0,0.6990739590234554,
radar:2026-09-08:1320,2026-09-08T13:20:00-04:00,COMPLETED,22,NFLX,OK,0.0,10.68,4.81,0.0,15.0,10.0,40.49,20.65,NO_VERIFIED_CATALYST|RELATIVE_STRENGTH_NEGATIVE,76.72,18204996.0,1.100939164714706,
radar:2026-09-08:1320,2026-09-08T13:20:00-04:00,COMPLETED,23,GOOGL,OK,0.0,5.57,3.32,5.83,15.0,10.0,39.73,19.64,NO_VERIFIED_CATALYST,338.905,12012065.0,0.9156246269868626,
radar:2026-09-08:1320,2026-09-08T13:20:00-04:00,COMPLETED,24,PYPL,OK,0.0,13.16,1.46,0.0,15.0,10.0,39.62,19.49,NO_VERIFIED_CATALYST|RELATIVE_STRENGTH_NEGATIVE,53.41,5010703.0,0.6818850182613434,
radar:2026-09-08:1320,2026-09-08T13:20:00-04:00,COMPLETED,25,XLE,OK,0.0,2.29,4.01,7.99,15.0,10.0,39.3,19.06,NO_VERIFIED_CATALYST,64.375,15169516.0,1.001191574085539,
radar:2026-09-08:1320,2026-09-08T13:20:00-04:00,COMPLETED,26,EBAY,OK,0.0,10.67,3.36,0.0,15.0,10.0,39.03,18.71,NO_VERIFIED_CATALYST|RELATIVE_STRENGTH_NEGATIVE,102.375,2247171.0,0.9197690348204298,
radar:2026-09-08:1320,2026-09-08T13:20:00-04:00,COMPLETED,27,WDAY,OK,0.0,14.0,0.0,0.0,15.0,10.0,39.0,18.67,NO_VERIFIED_CATALYST|RELATIVE_STRENGTH_NEGATIVE,186.03,1315833.0,0.44728946456501945,
radar:2026-09-08:1320,2026-09-08T13:20:00-04:00,COMPLETED,28,IBIT,OK,0.0,10.39,2.62,0.0,15.0,10.0,38.01,17.34,NO_VERIFIED_CATALYST|RELATIVE_STRENGTH_NEGATIVE,44.497,28925888.0,0.8270340766827172,
radar:2026-09-08:1320,2026-09-08T13:20:00-04:00,COMPLETED,29,MU,OK,0.0,1.14,4.62,6.5,15.0,10.0,37.26,16.35,NO_VERIFIED_CATALYST,1019.07,17604687.0,1.07764303067461,
radar:2026-09-08:1320,2026-09-08T13:20:00-04:00,COMPLETED,30,NVDA,OK,0.0,8.54,3.5,0.0,15.0,10.0,37.04,16.05,NO_VERIFIED_CATALYST|RELATIVE_STRENGTH_NEGATIVE,226.145,71285465.0,0.9377450540198845,
radar:2026-09-08:1320,2026-09-08T13:20:00-04:00,COMPLETED,31,COIN,OK,0.0,11.8,0.23,0.0,15.0,10.0,37.03,16.04,NO_VERIFIED_CATALYST|RELATIVE_STRENGTH_NEGATIVE,179.97,3095874.0,0.5287297829334694,
radar:2026-09-08:1320,2026-09-08T13:20:00-04:00,COMPLETED,32,GE,OK,0.0,2.36,1.81,7.81,15.0,10.0,36.97,15.96,NO_VERIFIED_CATALYST,338.675,1499041.0,0.7256752907556685,
radar:2026-09-08:1320,2026-09-08T13:20:00-04:00,COMPLETED,33,HOOD,OK,0.0,5.79,6.07,0.0,15.0,10.0,36.86,15.81,NO_VERIFIED_CATALYST|RELATIVE_STRENGTH_NEGATIVE,120.595,15426295.0,1.2588428797771554,
radar:2026-09-08:1320,2026-09-08T13:20:00-04:00,COMPLETED,34,QQQ,OK,0.0,2.07,3.27,6.29,15.0,10.0,36.63,15.51,NO_VERIFIED_CATALYST,720.46,16497254.0,0.9086000956515335,
radar:2026-09-08:1320,2026-09-08T13:20:00-04:00,COMPLETED,35,CVX,OK,0.0,1.66,2.15,7.17,15.0,10.0,35.98,14.63,NO_VERIFIED_CATALYST,209.34,3533219.0,0.7687818148557407,
radar:2026-09-08:1320,2026-09-08T13:20:00-04:00,COMPLETED,36,NOC,OK,0.0,1.22,2.31,6.61,15.0,10.0,35.15,13.53,NO_VERIFIED_CATALYST,516.33,314964.0,0.7888985993565889,
radar:2026-09-08:1320,2026-09-08T13:20:00-04:00,COMPLETED,37,CDNS,OK,0.0,5.36,4.49,0.0,15.0,10.0,34.86,13.15,NO_VERIFIED_CATALYST|RELATIVE_STRENGTH_NEGATIVE,289.335,1405567.0,1.0617342047867981,
radar:2026-09-08:1320,2026-09-08T13:20:00-04:00,COMPLETED,38,BAC,OK,0.0,2.65,1.45,5.47,15.0,10.0,34.57,12.76,NO_VERIFIED_CATALYST,62.725,11664489.0,0.6806721363625832,
radar:2026-09-08:1320,2026-09-08T13:20:00-04:00,COMPLETED,39,MS,OK,0.0,3.46,0.0,5.81,15.0,10.0,34.27,12.36,NO_VERIFIED_CATALYST,218.0,1115406.0,0.4992892703860064,
radar:2026-09-08:1320,2026-09-08T13:20:00-04:00,COMPLETED,40,META,OK,0.0,1.3,1.66,6.1,15.0,10.0,34.06,12.08,NO_VERIFIED_CATALYST,617.86,6672927.0,0.7069881475882559,
radar:2026-09-08:1320,2026-09-08T13:20:00-04:00,COMPLETED,41,V,OK,0.0,8.71,0.33,0.0,15.0,10.0,34.04,12.05,NO_VERIFIED_CATALYST|RELATIVE_STRENGTH_NEGATIVE,368.07,2113244.0,0.541218122087211,
radar:2026-09-08:1320,2026-09-08T13:20:00-04:00,COMPLETED,42,BA,OK,0.0,0.36,2.73,5.51,15.0,10.0,33.6,11.47,NO_VERIFIED_CATALYST,212.415,2430520.0,0.8410931578105564,
radar:2026-09-08:1320,2026-09-08T13:20:00-04:00,COMPLETED,43,AMZN,OK,0.0,4.39,1.76,2.23,15.0,10.0,33.38,11.17,NO_VERIFIED_CATALYST|RELATIVE_STRENGTH_NEGATIVE,257.3,13874247.0,0.7195173545772962,
radar:2026-09-08:1320,2026-09-08T13:20:00-04:00,COMPLETED,44,PLTR,OK,0.0,6.53,1.1,0.0,15.0,10.0,32.63,10.18,NO_VERIFIED_CATALYST|RELATIVE_STRENGTH_NEGATIVE,171.89,12469063.0,0.6377584128238019,
radar:2026-09-08:1320,2026-09-08T13:20:00-04:00,COMPLETED,45,MSFT,OK,0.0,6.91,0.45,0.0,15.0,10.0,32.36,9.81,NO_VERIFIED_CATALYST|RELATIVE_STRENGTH_NEGATIVE,492.58,7549123.0,0.5566379961637572,
radar:2026-09-08:1320,2026-09-08T13:20:00-04:00,COMPLETED,46,SPY,OK,0.0,1.59,2.68,3.0,15.0,10.0,32.27,9.69,NO_VERIFIED_CATALYST,767.57,17884346.0,0.8349315920963396,
radar:2026-09-08:1320,2026-09-08T13:20:00-04:00,COMPLETED,47,AAPL,OK,0.0,5.69,1.47,0.0,15.0,10.0,32.16,9.55,NO_VERIFIED_CATALYST|RELATIVE_STRENGTH_NEGATIVE,316.07,15998399.0,0.6841252961395661,
radar:2026-09-08:1320,2026-09-08T13:20:00-04:00,COMPLETED,48,ITA,OK,0.0,1.48,2.39,3.14,15.0,10.0,32.0,9.34,NO_VERIFIED_CATALYST,224.895,266915.0,0.7981840594020476,
radar:2026-09-08:1320,2026-09-08T13:20:00-04:00,COMPLETED,49,GLTR,OK,0.0,3.12,0.44,2.61,15.0,10.0,31.17,8.23,NO_VERIFIED_CATALYST|RELATIVE_STRENGTH_NEGATIVE,200.694,19371.0,0.554697762087866,
radar:2026-09-08:1320,2026-09-08T13:20:00-04:00,COMPLETED,50,LHX,OK,0.0,2.67,1.82,1.6,15.0,10.0,31.1,8.13,NO_VERIFIED_CATALYST|RELATIVE_STRENGTH_NEGATIVE,254.98,680116.0,0.7276020963116988,
radar:2026-09-08:1320,2026-09-08T13:20:00-04:00,COMPLETED,51,WMT,OK,0.0,5.55,0.51,0.0,15.0,10.0,31.06,8.08,NO_VERIFIED_CATALYST|RELATIVE_STRENGTH_NEGATIVE,105.865,9284902.0,0.563757601974035,
radar:2026-09-08:1320,2026-09-08T13:20:00-04:00,COMPLETED,52,GS,OK,0.0,1.47,0.0,4.56,15.0,10.0,31.03,8.04,NO_VERIFIED_CATALYST,1037.78,439129.0,0.410861775130671,
radar:2026-09-08:1320,2026-09-08T13:20:00-04:00,COMPLETED,53,VOO,OK,0.0,1.59,1.44,3.0,15.0,10.0,31.03,8.04,NO_VERIFIED_CATALYST,705.605,2652022.0,0.6802832210545479,
radar:2026-09-08:1320,2026-09-08T13:20:00-04:00,COMPLETED,54,TXN,OK,0.0,0.54,0.6,4.34,15.0,10.0,30.49,7.32,NO_VERIFIED_CATALYST,258.14,1825915.0,0.5751706546946913,
radar:2026-09-08:1320,2026-09-08T13:20:00-04:00,COMPLETED,55,MRNA,OK,0.0,5.47,0.0,0.0,15.0,10.0,30.47,7.3,NO_VERIFIED_CATALYST|RELATIVE_STRENGTH_NEGATIVE,144.13,6084181.0,0.3082342981500221,
radar:2026-09-08:1320,2026-09-08T13:20:00-04:00,COMPLETED,56,JPM,OK,0.0,4.15,1.13,0.0,15.0,10.0,30.28,7.04,NO_VERIFIED_CATALYST|RELATIVE_STRENGTH_NEGATIVE,355.45,2063114.0,0.6411162956029056,
radar:2026-09-08:1320,2026-09-08T13:20:00-04:00,COMPLETED,57,DIS,OK,0.0,3.81,0.83,0.51,15.0,10.0,30.15,6.87,NO_VERIFIED_CATALYST|RELATIVE_STRENGTH_NEGATIVE,104.515,2701316.0,0.6034521362134795,
radar:2026-09-08:1320,2026-09-08T13:20:00-04:00,COMPLETED,58,PG,OK,0.0,5.08,0.0,0.0,15.0,10.0,30.08,6.78,NO_VERIFIED_CATALYST|RELATIVE_STRENGTH_NEGATIVE,145.201,2497421.0,0.47782802432593535,
radar:2026-09-08:1320,2026-09-08T13:20:00-04:00,COMPLETED,59,CSCO,OK,0.0,0.81,0.0,4.0,15.0,10.0,29.81,6.41,NO_VERIFIED_CATALYST,109.01,5065619.0,0.43942407747107676,
radar:2026-09-08:1320,2026-09-08T13:20:00-04:00,COMPLETED,60,IBKR,OK,0.0,3.38,0.0,1.22,15.0,10.0,29.6,6.14,NO_VERIFIED_CATALYST|RELATIVE_STRENGTH_NEGATIVE,92.03,1009691.0,0.44072951610996447,
radar:2026-09-08:1330,2026-09-08T13:30:00-04:00,COMPLETED,1,QCOM,OK,0.0,14.0,20.0,15.0,15.0,10.0,74.0,65.33,NO_VERIFIED_CATALYST|RISK_TOO_SMALL,174.63,17447979.0,3.1170036852973104,
radar:2026-09-08:1330,2026-09-08T13:30:00-04:00,COMPLETED,2,AMD,OK,0.0,20.0,9.31,15.0,15.0,10.0,69.31,59.08,NO_VERIFIED_CATALYST|RISK_TOO_SMALL,510.965,17926552.0,1.6641983651114618,
radar:2026-09-08:1330,2026-09-08T13:30:00-04:00,COMPLETED,3,INTC,OK,0.0,20.0,8.6,15.0,15.0,10.0,68.6,58.14,NO_VERIFIED_CATALYST|QUALITY_OR_LANE_BLOCKED,105.79,94892961.0,1.5755895295937343,
radar:2026-09-08:1330,2026-09-08T13:30:00-04:00,COMPLETED,4,TSLA,OK,0.0,20.0,8.05,15.0,15.0,10.0,68.05,57.41,NO_VERIFIED_CATALYST|QUALITY_OR_LANE_BLOCKED,367.65,35186101.0,1.5067499033885878,
radar:2026-09-08:1330,2026-09-08T13:30:00-04:00,COMPLETED,5,ORCL,OK,0.0,10.77,11.07,15.0,15.0,10.0,61.84,49.12,NO_VERIFIED_CATALYST|SCORE_BELOW_PLAN_THRESHOLD,162.445,26336591.0,1.883701229255576,
radar:2026-09-08:1330,2026-09-08T13:30:00-04:00,COMPLETED,6,AMAT,OK,0.0,18.52,1.22,15.0,15.0,10.0,59.74,46.32,NO_VERIFIED_CATALYST,470.145,2987596.0,0.6524464919166654,
radar:2026-09-08:1330,2026-09-08T13:30:00-04:00,COMPLETED,7,MRVL,OK,0.0,15.88,3.15,15.0,15.0,10.0,59.03,45.37,NO_VERIFIED_CATALYST,229.455,13453445.0,0.8935686543667446,
radar:2026-09-08:1330,2026-09-08T13:30:00-04:00,COMPLETED,8,AVGO,OK,0.0,12.08,5.03,15.0,15.0,10.0,57.11,42.82,NO_VERIFIED_CATALYST,367.16,16291757.0,1.1288316874065614,
radar:2026-09-08:1330,2026-09-08T13:30:00-04:00,COMPLETED,9,SNDK,OK,0.0,12.4,3.58,15.0,15.0,10.0,55.99,41.32,NO_VERIFIED_CATALYST,1782.435,7749591.0,0.9479464559608075,
radar:2026-09-08:1330,2026-09-08T13:30:00-04:00,COMPLETED,10,REMX,OK,0.0,7.78,5.88,14.36,15.0,10.0,53.02,37.36,NO_VERIFIED_CATALYST,76.84,428965.0,1.235208950011882,
radar:2026-09-08:1330,2026-09-08T13:30:00-04:00,COMPLETED,11,DELL,OK,0.0,11.76,1.87,12.41,15.0,10.0,51.04,34.71,NO_VERIFIED_CATALYST,530.61,3753729.0,0.7332461056817914,
radar:2026-09-08:1330,2026-09-08T13:30:00-04:00,COMPLETED,12,ALAB,OK,0.0,14.0,7.99,0.0,15.0,10.0,46.99,29.32,NO_VERIFIED_CATALYST|RELATIVE_STRENGTH_NEGATIVE,291.446,3126317.0,1.4991039013542757,
radar:2026-09-08:1330,2026-09-08T13:30:00-04:00,COMPLETED,13,UBER,OK,0.0,14.0,6.9,0.0,15.0,10.0,45.9,27.87,NO_VERIFIED_CATALYST|RELATIVE_STRENGTH_NEGATIVE,73.208,12974722.0,1.362777416362562,
radar:2026-09-08:1330,2026-09-08T13:30:00-04:00,COMPLETED,14,ONDS,OK,0.0,6.43,1.1,13.27,15.0,10.0,45.8,27.73,NO_VERIFIED_CATALYST,7.725,27781420.0,0.6372286890618186,
radar:2026-09-08:1330,2026-09-08T13:30:00-04:00,COMPLETED,15,SNPS,OK,0.0,5.36,3.3,11.9,15.0,10.0,45.55,27.4,NO_VERIFIED_CATALYST,398.365,984450.0,0.9119659946370489,
radar:2026-09-08:1330,2026-09-08T13:30:00-04:00,COMPLETED,16,ADBE,OK,0.0,14.0,4.13,0.0,15.0,10.0,43.13,24.17,NO_VERIFIED_CATALYST|RELATIVE_STRENGTH_NEGATIVE,257.16,2700062.0,1.0158948949382718,
radar:2026-09-08:1330,2026-09-08T13:30:00-04:00,COMPLETED,17,NOC,OK,0.0,5.75,2.25,9.92,15.0,10.0,42.93,23.9,NO_VERIFIED_CATALYST,519.205,325507.0,0.7813330643089168,
radar:2026-09-08:1330,2026-09-08T13:30:00-04:00,COMPLETED,18,ABNB,OK,0.0,14.0,3.84,0.0,15.0,10.0,42.84,23.78,NO_VERIFIED_CATALYST|RELATIVE_STRENGTH_NEGATIVE,175.145,3096070.0,0.9798091373246771,
radar:2026-09-08:1330,2026-09-08T13:30:00-04:00,COMPLETED,19,DASH,OK,0.0,14.0,2.95,0.0,15.0,10.0,41.95,22.6,NO_VERIFIED_CATALYST|RELATIVE_STRENGTH_NEGATIVE,199.985,2200395.0,0.8689613518519675,
radar:2026-09-08:1330,2026-09-08T13:30:00-04:00,COMPLETED,20,GOOGL,OK,0.0,6.79,3.21,6.55,15.0,10.0,41.55,22.06,NO_VERIFIED_CATALYST,339.335,12332847.0,0.9009044625342132,
radar:2026-09-08:1330,2026-09-08T13:30:00-04:00,COMPLETED,21,NOW,OK,0.0,14.0,2.0,0.0,15.0,10.0,41.0,21.34,NO_VERIFIED_CATALYST|RELATIVE_STRENGTH_NEGATIVE,133.8,8096678.0,0.750289780311388,
radar:2026-09-08:1330,2026-09-08T13:30:00-04:00,COMPLETED,22,MSTR,OK,0.0,14.0,1.49,0.0,15.0,10.0,40.49,20.66,NO_VERIFIED_CATALYST|RELATIVE_STRENGTH_NEGATIVE,137.545,11740548.0,0.686712091998927,
radar:2026-09-08:1330,2026-09-08T13:30:00-04:00,COMPLETED,23,NFLX,OK,0.0,10.66,4.59,0.0,15.0,10.0,40.26,20.34,NO_VERIFIED_CATALYST|RELATIVE_STRENGTH_NEGATIVE,76.725,18533184.0,1.0740843139075698,
radar:2026-09-08:1330,2026-09-08T13:30:00-04:00,COMPLETED,24,XLE,OK,0.0,2.73,3.85,8.51,15.0,10.0,40.09,20.13,NO_VERIFIED_CATALYST,64.435,15509419.0,0.9809719594857919,
radar:2026-09-08:1330,2026-09-08T13:30:00-04:00,COMPLETED,25,XAR,OK,0.0,4.51,1.46,8.78,15.0,10.0,39.74,19.66,NO_VERIFIED_CATALYST,254.511,87856.0,0.6819300019961352,
radar:2026-09-08:1330,2026-09-08T13:30:00-04:00,COMPLETED,26,PYPL,OK,0.0,13.37,1.34,0.0,15.0,10.0,39.72,19.62,NO_VERIFIED_CATALYST|RELATIVE_STRENGTH_NEGATIVE,53.385,5122226.0,0.6680159410663968,
radar:2026-09-08:1330,2026-09-08T13:30:00-04:00,COMPLETED,27,WDAY,OK,0.0,14.0,0.0,0.0,15.0,10.0,39.0,18.67,NO_VERIFIED_CATALYST|RELATIVE_STRENGTH_NEGATIVE,185.59,1353386.0,0.44088485205124395,
radar:2026-09-08:1330,2026-09-08T13:30:00-04:00,COMPLETED,28,EBAY,OK,0.0,9.11,3.33,1.0,15.0,10.0,38.44,17.92,NO_VERIFIED_CATALYST|RELATIVE_STRENGTH_NEGATIVE,102.72,2334550.0,0.915717355818984,
radar:2026-09-08:1330,2026-09-08T13:30:00-04:00,COMPLETED,29,NVDA,OK,0.0,9.57,3.38,0.0,15.0,10.0,37.95,17.27,NO_VERIFIED_CATALYST|RELATIVE_STRENGTH_NEGATIVE,225.635,73171372.0,0.9224452452037013,
radar:2026-09-08:1330,2026-09-08T13:30:00-04:00,COMPLETED,30,IBIT,OK,0.0,10.29,2.54,0.0,15.0,10.0,37.83,17.1,NO_VERIFIED_CATALYST|RELATIVE_STRENGTH_NEGATIVE,44.49,29821394.0,0.8171094771901822,
radar:2026-09-08:1330,2026-09-08T13:30:00-04:00,COMPLETED,31,COIN,OK,0.0,12.11,0.15,0.0,15.0,10.0,37.25,16.34,NO_VERIFIED_CATALYST|RELATIVE_STRENGTH_NEGATIVE,179.85,3166473.0,0.5182530776445575,
radar:2026-09-08:1330,2026-09-08T13:30:00-04:00,COMPLETED,32,HOOD,OK,0.0,6.38,5.84,0.0,15.0,10.0,37.22,16.3,NO_VERIFIED_CATALYST|RELATIVE_STRENGTH_NEGATIVE,120.44,15728650.0,1.2300335208194135,
radar:2026-09-08:1330,2026-09-08T13:30:00-04:00,COMPLETED,33,QQQ,OK,0.0,2.02,3.11,6.24,15.0,10.0,36.37,15.16,NO_VERIFIED_CATALYST,720.44,16837018.0,0.8886728174193086,
radar:2026-09-08:1330,2026-09-08T13:30:00-04:00,COMPLETED,34,CVX,OK,0.0,1.86,2.02,7.4,15.0,10.0,36.28,15.04,NO_VERIFIED_CATALYST,209.433,3606466.0,0.7520210370363609,
radar:2026-09-08:1330,2026-09-08T13:30:00-04:00,COMPLETED,35,MU,OK,0.0,0.78,4.36,6.01,15.0,10.0,36.16,14.88,NO_VERIFIED_CATALYST,1018.3,17821562.0,1.0454613583421501,
radar:2026-09-08:1330,2026-09-08T13:30:00-04:00,COMPLETED,36,CDNS,OK,0.0,5.84,4.42,0.0,15.0,10.0,35.26,13.68,NO_VERIFIED_CATALYST|RELATIVE_STRENGTH_NEGATIVE,289.04,1454465.0,1.0528903236729479,
radar:2026-09-08:1330,2026-09-08T13:30:00-04:00,COMPLETED,37,GE,OK,0.0,1.22,1.66,6.57,15.0,10.0,34.45,12.59,NO_VERIFIED_CATALYST,338.0,1524981.0,0.7074713544966797,
radar:2026-09-08:1330,2026-09-08T13:30:00-04:00,COMPLETED,38,V,OK,0.0,9.11,0.25,0.0,15.0,10.0,34.36,12.47,NO_VERIFIED_CATALYST|RELATIVE_STRENGTH_NEGATIVE,367.75,2163564.0,0.5310165232199068,
radar:2026-09-08:1330,2026-09-08T13:30:00-04:00,COMPLETED,39,META,OK,0.0,1.07,1.48,5.93,15.0,10.0,33.48,11.3,NO_VERIFIED_CATALYST,617.725,6746530.0,0.6850019661824494,
radar:2026-09-08:1330,2026-09-08T13:30:00-04:00,COMPLETED,40,BAC,OK,0.0,1.92,1.33,5.05,15.0,10.0,33.3,11.07,NO_VERIFIED_CATALYST,62.685,11922724.0,0.6667504976342721,
radar:2026-09-08:1330,2026-09-08T13:30:00-04:00,COMPLETED,41,MS,OK,0.0,2.61,0.0,5.32,15.0,10.0,32.93,10.58,NO_VERIFIED_CATALYST,217.837,1134472.0,0.486663350059381,
radar:2026-09-08:1330,2026-09-08T13:30:00-04:00,COMPLETED,42,BA,OK,0.0,1.25,2.69,3.39,15.0,10.0,32.33,9.78,NO_VERIFIED_CATALYST,211.68,2521406.0,0.8361867582550424,
radar:2026-09-08:1330,2026-09-08T13:30:00-04:00,COMPLETED,43,MSFT,OK,0.0,6.88,0.34,0.0,15.0,10.0,32.22,9.63,NO_VERIFIED_CATALYST|RELATIVE_STRENGTH_NEGATIVE,492.33,7676968.0,0.5424774373042845,
radar:2026-09-08:1330,2026-09-08T13:30:00-04:00,COMPLETED,44,AMZN,OK,0.0,4.18,1.61,1.43,15.0,10.0,32.22,9.63,NO_VERIFIED_CATALYST|RELATIVE_STRENGTH_NEGATIVE,256.97,14118766.0,0.701688235071264,
radar:2026-09-08:1330,2026-09-08T13:30:00-04:00,COMPLETED,45,PLTR,OK,0.0,6.13,0.99,0.0,15.0,10.0,32.12,9.5,NO_VERIFIED_CATALYST|RELATIVE_STRENGTH_NEGATIVE,172.04,12729623.0,0.6239553627175333,
radar:2026-09-08:1330,2026-09-08T13:30:00-04:00,COMPLETED,46,SPY,OK,0.0,1.6,2.49,3.0,15.0,10.0,32.09,9.45,NO_VERIFIED_CATALYST,767.62,18138770.0,0.8115238122703369,
radar:2026-09-08:1330,2026-09-08T13:30:00-04:00,COMPLETED,47,ITA,OK,0.0,1.59,2.2,2.95,15.0,10.0,31.74,8.99,NO_VERIFIED_CATALYST|RELATIVE_STRENGTH_NEGATIVE,224.84,270213.0,0.7743760480495034,
radar:2026-09-08:1330,2026-09-08T13:30:00-04:00,COMPLETED,48,AAPL,OK,0.0,5.38,1.35,0.0,15.0,10.0,31.74,8.98,NO_VERIFIED_CATALYST|RELATIVE_STRENGTH_NEGATIVE,316.28,16332333.0,0.6693032815902307,
radar:2026-09-08:1330,2026-09-08T13:30:00-04:00,COMPLETED,49,LHX,OK,0.0,2.72,1.75,2.19,15.0,10.0,31.67,8.89,NO_VERIFIED_CATALYST|RELATIVE_STRENGTH_NEGATIVE,255.25,701552.0,0.719260846364066,
radar:2026-09-08:1330,2026-09-08T13:30:00-04:00,COMPLETED,50,PG,OK,0.0,5.27,0.0,0.83,15.0,10.0,31.1,8.13,NO_VERIFIED_CATALYST|RELATIVE_STRENGTH_NEGATIVE,145.422,2543360.0,0.46634067578357663,
radar:2026-09-08:1330,2026-09-08T13:30:00-04:00,COMPLETED,51,MRNA,OK,0.0,5.89,0.0,0.0,15.0,10.0,30.89,7.85,NO_VERIFIED_CATALYST|RELATIVE_STRENGTH_NEGATIVE,143.714,6176376.0,0.29986664899345156,
radar:2026-09-08:1330,2026-09-08T13:30:00-04:00,COMPLETED,52,VOO,OK,0.0,1.62,1.35,2.92,15.0,10.0,30.89,7.85,NO_VERIFIED_CATALYST|RELATIVE_STRENGTH_NEGATIVE,705.551,2718390.0,0.6682515945854506,
radar:2026-09-08:1330,2026-09-08T13:30:00-04:00,COMPLETED,53,GLTR,OK,0.0,2.85,0.87,2.01,15.0,10.0,30.73,7.65,NO_VERIFIED_CATALYST|RELATIVE_STRENGTH_NEGATIVE,200.505,22182.0,0.6087243526312226,
radar:2026-09-08:1330,2026-09-08T13:30:00-04:00,COMPLETED,54,JPM,OK,0.0,4.65,1.0,0.0,15.0,10.0,30.65,7.53,NO_VERIFIED_CATALYST|RELATIVE_STRENGTH_NEGATIVE,355.065,2097794.0,0.624729525088578,
radar:2026-09-08:1330,2026-09-08T13:30:00-04:00,COMPLETED,55,WMT,OK,0.0,4.85,0.43,0.0,15.0,10.0,30.28,7.05,NO_VERIFIED_CATALYST|RELATIVE_STRENGTH_NEGATIVE,106.14,9524771.0,0.5542238779052098,
radar:2026-09-08:1330,2026-09-08T13:30:00-04:00,COMPLETED,56,TXN,OK,0.0,1.42,0.65,3.18,15.0,10.0,30.25,7.0,NO_VERIFIED_CATALYST,257.655,1925692.0,0.5813244546878079,
radar:2026-09-08:1330,2026-09-08T13:30:00-04:00,COMPLETED,57,DIS,OK,0.0,3.84,0.7,0.62,15.0,10.0,30.16,6.88,NO_VERIFIED_CATALYST|RELATIVE_STRENGTH_NEGATIVE,104.54,2744305.0,0.5875102093680841,
radar:2026-09-08:1330,2026-09-08T13:30:00-04:00,COMPLETED,58,GS,OK,0.0,1.29,0.0,3.79,15.0,10.0,30.08,6.77,NO_VERIFIED_CATALYST,1036.52,450839.0,0.40424131699869165,
radar:2026-09-08:1330,2026-09-08T13:30:00-04:00,COMPLETED,59,CSCO,OK,0.0,0.71,0.0,4.1,15.0,10.0,29.8,6.4,NO_VERIFIED_CATALYST,109.035,5213694.0,0.43342351370976656,
radar:2026-09-08:1330,2026-09-08T13:30:00-04:00,COMPLETED,60,IBKR,OK,0.0,3.38,0.0,0.66,15.0,10.0,29.04,5.38,NO_VERIFIED_CATALYST|RELATIVE_STRENGTH_NEGATIVE,91.95,1025690.0,0.4290573793383744,
radar:2026-09-08:1340,2026-09-08T13:40:00-04:00,COMPLETED,1,QCOM,OK,0.0,14.0,20.0,15.0,15.0,10.0,74.0,65.33,NO_VERIFIED_CATALYST|RISK_TOO_SMALL,174.038,17620627.0,3.02193315326164,
radar:2026-09-08:1340,2026-09-08T13:40:00-04:00,COMPLETED,2,AMD,OK,0.0,20.0,8.98,15.0,15.0,10.0,68.98,58.64,NO_VERIFIED_CATALYST|RISK_TOO_SMALL,510.67,18204465.0,1.6223985722491452,
radar:2026-09-08:1340,2026-09-08T13:40:00-04:00,COMPLETED,3,INTC,OK,0.0,20.0,8.31,15.0,15.0,10.0,68.31,57.75,NO_VERIFIED_CATALYST|QUALITY_OR_LANE_BLOCKED,105.56,96556715.0,1.539085969559857,
radar:2026-09-08:1340,2026-09-08T13:40:00-04:00,COMPLETED,4,TSLA,OK,0.0,19.51,7.74,15.0,15.0,10.0,67.25,56.34,NO_VERIFIED_CATALYST|QUALITY_OR_LANE_BLOCKED,367.125,35702453.0,1.4677070922595647,
radar:2026-09-08:1340,2026-09-08T13:40:00-04:00,COMPLETED,5,ORCL,OK,0.0,11.08,10.68,15.0,15.0,10.0,61.76,49.01,NO_VERIFIED_CATALYST|SCORE_BELOW_PLAN_THRESHOLD,162.55,26716523.0,1.8344408289114296,
radar:2026-09-08:1340,2026-09-08T13:40:00-04:00,COMPLETED,6,AMAT,OK,0.0,18.97,1.11,15.0,15.0,10.0,60.08,46.77,NO_VERIFIED_CATALYST,470.57,3049608.0,0.6393495424426858,
radar:2026-09-08:1340,2026-09-08T13:40:00-04:00,COMPLETED,7,MRVL,OK,0.0,14.4,2.94,15.0,15.0,10.0,57.34,43.12,NO_VERIFIED_CATALYST,229.15,13599626.0,0.8671469334627708,
radar:2026-09-08:1340,2026-09-08T13:40:00-04:00,COMPLETED,8,AVGO,OK,0.0,12.26,4.8,15.0,15.0,10.0,57.07,42.75,NO_VERIFIED_CATALYST,367.3,16542222.0,1.100338787984521,
radar:2026-09-08:1340,2026-09-08T13:40:00-04:00,COMPLETED,9,SNDK,OK,0.0,12.9,3.36,15.0,15.0,10.0,56.26,41.68,NO_VERIFIED_CATALYST,1783.28,7834227.0,0.9199675008529432,
radar:2026-09-08:1340,2026-09-08T13:40:00-04:00,COMPLETED,10,DELL,OK,0.0,13.04,1.83,14.08,15.0,10.0,53.95,38.6,LIQUIDITY_WEAK|NO_VERIFIED_CATALYST,532.05,3884155.0,0.728374463730298,
radar:2026-09-08:1340,2026-09-08T13:40:00-04:00,COMPLETED,11,REMX,OK,0.0,6.66,5.54,13.59,15.0,10.0,50.79,34.39,NO_VERIFIED_CATALYST,76.74,431367.0,1.1924407211198582,
radar:2026-09-08:1340,2026-09-08T13:40:00-04:00,COMPLETED,12,NOC,OK,0.0,9.95,2.61,12.59,15.0,10.0,50.14,33.53,LIQUIDITY_WEAK|NO_VERIFIED_CATALYST,521.47,358572.0,0.8262729847774682,
radar:2026-09-08:1340,2026-09-08T13:40:00-04:00,COMPLETED,13,ONDS,OK,0.0,7.35,0.97,14.47,15.0,10.0,47.79,30.39,NO_VERIFIED_CATALYST,7.74,28222192.0,0.6214453339874076,
radar:2026-09-08:1340,2026-09-08T13:40:00-04:00,COMPLETED,14,ALAB,OK,0.0,14.0,7.75,0.0,15.0,10.0,46.75,29.0,NO_VERIFIED_CATALYST|RELATIVE_STRENGTH_NEGATIVE,292.005,3190027.0,1.4684676735239464,
radar:2026-09-08:1340,2026-09-08T13:40:00-04:00,COMPLETED,15,UBER,OK,0.0,14.0,6.66,0.0,15.0,10.0,45.66,27.54,NO_VERIFIED_CATALYST|RELATIVE_STRENGTH_NEGATIVE,73.27,13212908.0,1.3322833091851831,
radar:2026-09-08:1340,2026-09-08T13:40:00-04:00,COMPLETED,16,SNPS,OK,0.0,5.08,3.12,11.55,15.0,10.0,44.75,26.34,NO_VERIFIED_CATALYST,398.125,1000924.0,0.8901381068444996,
radar:2026-09-08:1340,2026-09-08T13:40:00-04:00,COMPLETED,17,ADBE,OK,0.0,14.0,3.92,0.0,15.0,10.0,42.92,23.9,NO_VERIFIED_CATALYST|RELATIVE_STRENGTH_NEGATIVE,257.36,2742253.0,0.9904986110497531,
radar:2026-09-08:1340,2026-09-08T13:40:00-04:00,COMPLETED,18,ABNB,OK,0.0,14.0,3.73,0.0,15.0,10.0,42.73,23.64,NO_VERIFIED_CATALYST|RELATIVE_STRENGTH_NEGATIVE,175.48,3179284.0,0.9658981801955299,
radar:2026-09-08:1340,2026-09-08T13:40:00-04:00,COMPLETED,19,GOOGL,OK,0.0,7.16,3.1,6.87,15.0,10.0,42.13,22.84,NO_VERIFIED_CATALYST,339.5,12653007.0,0.8873203710822601,
radar:2026-09-08:1340,2026-09-08T13:40:00-04:00,COMPLETED,20,DASH,OK,0.0,14.0,2.88,0.0,15.0,10.0,41.88,22.51,NO_VERIFIED_CATALYST|RELATIVE_STRENGTH_NEGATIVE,200.735,2268848.0,0.8601546127336773,
radar:2026-09-08:1340,2026-09-08T13:40:00-04:00,COMPLETED,21,XLE,OK,0.0,3.42,3.69,9.43,15.0,10.0,41.54,22.05,NO_VERIFIED_CATALYST,64.53,15824374.0,0.9608573412386936,
radar:2026-09-08:1340,2026-09-08T13:40:00-04:00,COMPLETED,22,NOW,OK,0.0,14.0,1.83,0.0,15.0,10.0,40.83,21.11,NO_VERIFIED_CATALYST|RELATIVE_STRENGTH_NEGATIVE,133.925,8195981.0,0.7291122841747144,
radar:2026-09-08:1340,2026-09-08T13:40:00-04:00,COMPLETED,23,XAR,OK,0.0,5.14,1.34,9.18,15.0,10.0,40.66,20.88,NO_VERIFIED_CATALYST,254.67,89618.0,0.6677823383751451,
radar:2026-09-08:1340,2026-09-08T13:40:00-04:00,COMPLETED,24,MSTR,OK,0.0,14.0,1.36,0.0,15.0,10.0,40.36,20.48,NO_VERIFIED_CATALYST|RELATIVE_STRENGTH_NEGATIVE,137.29,11930607.0,0.6699157306265928,
radar:2026-09-08:1340,2026-09-08T13:40:00-04:00,COMPLETED,25,NFLX,OK,0.0,10.55,4.39,0.0,15.0,10.0,39.94,19.92,NO_VERIFIED_CATALYST|RELATIVE_STRENGTH_NEGATIVE,76.679,18851975.0,1.048857531821814,
radar:2026-09-08:1340,2026-09-08T13:40:00-04:00,COMPLETED,26,PYPL,OK,0.0,13.49,1.27,0.0,15.0,10.0,39.76,19.68,NO_VERIFIED_CATALYST|RELATIVE_STRENGTH_NEGATIVE,53.371,5261965.0,0.6587905404318531,
radar:2026-09-08:1340,2026-09-08T13:40:00-04:00,COMPLETED,27,WDAY,OK,0.0,14.0,0.0,0.0,15.0,10.0,39.0,18.67,NO_VERIFIED_CATALYST|RELATIVE_STRENGTH_NEGATIVE,185.925,1389998.0,0.43469934190712206,
radar:2026-09-08:1340,2026-09-08T13:40:00-04:00,COMPLETED,28,CVX,OK,0.0,2.93,1.89,8.79,15.0,10.0,38.62,18.16,NO_VERIFIED_CATALYST,209.91,3680151.0,0.7366905441159881,
radar:2026-09-08:1340,2026-09-08T13:40:00-04:00,COMPLETED,29,EBAY,OK,0.0,8.55,3.26,1.75,15.0,10.0,38.55,18.07,NO_VERIFIED_CATALYST|RELATIVE_STRENGTH_NEGATIVE,102.845,2408998.0,0.9071226574848072,
radar:2026-09-08:1340,2026-09-08T13:40:00-04:00,COMPLETED,30,IBIT,OK,0.0,10.18,2.36,0.0,15.0,10.0,37.53,16.71,NO_VERIFIED_CATALYST|RELATIVE_STRENGTH_NEGATIVE,44.465,30207335.0,0.7945770706808134,
radar:2026-09-08:1340,2026-09-08T13:40:00-04:00,COMPLETED,31,COIN,OK,0.0,12.23,0.17,0.0,15.0,10.0,37.4,16.54,NO_VERIFIED_CATALYST|RELATIVE_STRENGTH_NEGATIVE,179.8,3318371.0,0.5213895822051059,
radar:2026-09-08:1340,2026-09-08T13:40:00-04:00,COMPLETED,32,NVDA,OK,0.0,8.57,3.22,0.0,15.0,10.0,36.79,15.72,NO_VERIFIED_CATALYST|RELATIVE_STRENGTH_NEGATIVE,226.13,74599639.0,0.9028330180309859,
radar:2026-09-08:1340,2026-09-08T13:40:00-04:00,COMPLETED,33,HOOD,OK,0.0,5.69,5.63,0.0,15.0,10.0,36.32,15.09,NO_VERIFIED_CATALYST|RELATIVE_STRENGTH_NEGATIVE,120.62,16027285.0,1.203252486022686,
radar:2026-09-08:1340,2026-09-08T13:40:00-04:00,COMPLETED,34,CDNS,OK,0.0,6.62,4.44,0.0,15.0,10.0,36.06,14.75,NO_VERIFIED_CATALYST|RELATIVE_STRENGTH_NEGATIVE,288.545,1517352.0,1.0544779686028816,
radar:2026-09-08:1340,2026-09-08T13:40:00-04:00,COMPLETED,35,QQQ,OK,0.0,1.57,2.93,6.02,15.0,10.0,35.52,14.03,NO_VERIFIED_CATALYST,720.15,17089320.0,0.8659101124786354,
radar:2026-09-08:1340,2026-09-08T13:40:00-04:00,COMPLETED,36,BAC,OK,0.0,3.33,1.23,5.89,15.0,10.0,35.44,13.92,NO_VERIFIED_CATALYST,62.77,12166372.0,0.6531610202148392,
radar:2026-09-08:1340,2026-09-08T13:40:00-04:00,COMPLETED,37,MS,OK,0.0,3.9,0.0,6.11,15.0,10.0,35.02,13.36,NO_VERIFIED_CATALYST,218.115,1163467.0,0.4791375843437073,
radar:2026-09-08:1340,2026-09-08T13:40:00-04:00,COMPLETED,38,GE,OK,0.0,1.14,1.55,6.48,15.0,10.0,34.17,12.23,NO_VERIFIED_CATALYST,337.94,1558792.0,0.6942308437331974,
radar:2026-09-08:1340,2026-09-08T13:40:00-04:00,COMPLETED,39,MU,OK,0.0,0.35,4.12,4.58,15.0,10.0,34.05,12.07,NO_VERIFIED_CATALYST,1015.827,18034106.0,1.0156127560691581,
radar:2026-09-08:1340,2026-09-08T13:40:00-04:00,COMPLETED,40,LHX,OK,0.0,3.13,1.67,4.18,15.0,10.0,33.98,11.98,NO_VERIFIED_CATALYST,256.09,719907.0,0.7085561281591204,
radar:2026-09-08:1340,2026-09-08T13:40:00-04:00,COMPLETED,41,META,OK,0.0,1.45,1.34,6.17,15.0,10.0,33.96,11.95,NO_VERIFIED_CATALYST,617.95,6849029.0,0.667592849998008,
radar:2026-09-08:1340,2026-09-08T13:40:00-04:00,COMPLETED,42,V,OK,0.0,8.07,0.26,0.0,15.0,10.0,33.33,11.11,NO_VERIFIED_CATALYST|RELATIVE_STRENGTH_NEGATIVE,368.58,2259062.0,0.5322770583886044,
radar:2026-09-08:1340,2026-09-08T13:40:00-04:00,COMPLETED,43,BA,OK,0.0,0.93,2.55,3.83,15.0,10.0,32.31,9.75,NO_VERIFIED_CATALYST,211.827,2573540.0,0.8193373182962096,
radar:2026-09-08:1340,2026-09-08T13:40:00-04:00,COMPLETED,44,AMZN,OK,0.0,4.19,1.46,1.59,15.0,10.0,32.24,9.65,NO_VERIFIED_CATALYST|RELATIVE_STRENGTH_NEGATIVE,257.028,14299125.0,0.6822259372362122,
radar:2026-09-08:1340,2026-09-08T13:40:00-04:00,COMPLETED,45,MSFT,OK,0.0,6.88,0.24,0.0,15.0,10.0,32.12,9.5,NO_VERIFIED_CATALYST|RELATIVE_STRENGTH_NEGATIVE,492.48,7818468.0,0.5303772923123403,
radar:2026-09-08:1340,2026-09-08T13:40:00-04:00,COMPLETED,46,PLTR,OK,0.0,6.1,0.88,0.0,15.0,10.0,31.98,9.31,NO_VERIFIED_CATALYST|RELATIVE_STRENGTH_NEGATIVE,172.05,12960110.0,0.609842907034716,
radar:2026-09-08:1340,2026-09-08T13:40:00-04:00,COMPLETED,47,SPY,OK,0.0,1.59,2.38,3.0,15.0,10.0,31.97,9.29,NO_VERIFIED_CATALYST,767.59,18565823.0,0.7974049896623102,
radar:2026-09-08:1340,2026-09-08T13:40:00-04:00,COMPLETED,48,AAPL,OK,0.0,5.66,1.26,0.0,15.0,10.0,31.92,9.22,NO_VERIFIED_CATALYST|RELATIVE_STRENGTH_NEGATIVE,316.09,16701571.0,0.6570574769825518,
radar:2026-09-08:1340,2026-09-08T13:40:00-04:00,COMPLETED,49,ITA,OK,0.0,1.47,2.15,3.14,15.0,10.0,31.75,9.01,NO_VERIFIED_CATALYST,224.9,279357.0,0.7685578095530929,
radar:2026-09-08:1340,2026-09-08T13:40:00-04:00,COMPLETED,50,MRNA,OK,0.0,6.54,0.0,0.0,15.0,10.0,31.54,8.72,NO_VERIFIED_CATALYST|RELATIVE_STRENGTH_NEGATIVE,143.51,6278571.0,0.2926351961510448,
radar:2026-09-08:1340,2026-09-08T13:40:00-04:00,COMPLETED,51,GS,OK,0.0,1.51,0.0,4.88,15.0,10.0,31.39,8.52,NO_VERIFIED_CATALYST,1038.36,458945.0,0.3950491889657264,
radar:2026-09-08:1340,2026-09-08T13:40:00-04:00,COMPLETED,52,VOO,OK,0.0,1.58,1.21,3.0,15.0,10.0,30.78,7.71,NO_VERIFIED_CATALYST,705.62,2758154.0,0.6509056785294223,
radar:2026-09-08:1340,2026-09-08T13:40:00-04:00,COMPLETED,53,DIS,OK,0.0,3.95,0.61,1.18,15.0,10.0,30.74,7.65,NO_VERIFIED_CATALYST|RELATIVE_STRENGTH_NEGATIVE,104.635,2806234.0,0.5767375558621958,
radar:2026-09-08:1340,2026-09-08T13:40:00-04:00,COMPLETED,54,PG,OK,0.0,5.14,0.0,0.52,15.0,10.0,30.66,7.55,NO_VERIFIED_CATALYST|RELATIVE_STRENGTH_NEGATIVE,145.34,2608941.0,0.45923082146247163,
radar:2026-09-08:1340,2026-09-08T13:40:00-04:00,COMPLETED,55,GLTR,OK,0.0,2.79,0.97,1.9,15.0,10.0,30.65,7.53,NO_VERIFIED_CATALYST|RELATIVE_STRENGTH_NEGATIVE,200.46,23563.0,0.6207573467629327,
radar:2026-09-08:1340,2026-09-08T13:40:00-04:00,COMPLETED,56,TXN,OK,0.0,1.79,0.65,2.73,15.0,10.0,30.16,6.88,NO_VERIFIED_CATALYST|RELATIVE_STRENGTH_NEGATIVE,257.45,2004657.0,0.5809558790406566,
radar:2026-09-08:1340,2026-09-08T13:40:00-04:00,COMPLETED,57,WMT,OK,0.0,4.8,0.35,0.0,15.0,10.0,30.15,6.87,NO_VERIFIED_CATALYST|RELATIVE_STRENGTH_NEGATIVE,106.105,9734368.0,0.543763133572142,
radar:2026-09-08:1340,2026-09-08T13:40:00-04:00,COMPLETED,58,JPM,OK,0.0,4.25,0.89,0.0,15.0,10.0,30.14,6.86,NO_VERIFIED_CATALYST|RELATIVE_STRENGTH_NEGATIVE,355.375,2139525.0,0.611670967382793,
radar:2026-09-08:1340,2026-09-08T13:40:00-04:00,COMPLETED,59,CSCO,OK,0.0,0.64,0.0,4.2,15.0,10.0,29.84,6.46,NO_VERIFIED_CATALYST,109.05,5350798.0,0.427028436087425,
radar:2026-09-08:1340,2026-09-08T13:40:00-04:00,COMPLETED,60,IBKR,OK,0.0,3.38,0.0,1.2,15.0,10.0,29.58,6.11,NO_VERIFIED_CATALYST|RELATIVE_STRENGTH_NEGATIVE,92.03,1044035.0,0.41926211606489483,
radar:2026-09-08:1350,2026-09-08T13:50:00-04:00,COMPLETED,1,QCOM,OK,0.0,14.0,19.64,15.0,15.0,10.0,73.64,64.86,NO_VERIFIED_CATALYST|RISK_TOO_SMALL,173.95,17923000.0,2.95556927548416,
radar:2026-09-08:1350,2026-09-08T13:50:00-04:00,COMPLETED,2,AMD,OK,0.0,20.0,8.71,15.0,15.0,10.0,68.71,58.27,NO_VERIFIED_CATALYST|RISK_TOO_SMALL,508.76,18533427.0,1.5881894621947146,
radar:2026-09-08:1350,2026-09-08T13:50:00-04:00,COMPLETED,3,INTC,OK,0.0,20.0,8.09,15.0,15.0,10.0,68.09,57.45,NO_VERIFIED_CATALYST|QUALITY_OR_LANE_BLOCKED,105.34,98573023.0,1.5107945718491111,
radar:2026-09-08:1350,2026-09-08T13:50:00-04:00,COMPLETED,4,TSLA,OK,0.0,18.44,7.51,15.0,15.0,10.0,65.95,54.6,NO_VERIFIED_CATALYST|QUALITY_OR_LANE_BLOCKED,366.533,36400910.0,1.4388665641231417,
radar:2026-09-08:1350,2026-09-08T13:50:00-04:00,COMPLETED,5,ORCL,OK,0.0,10.14,10.37,15.0,15.0,10.0,60.51,47.35,NO_VERIFIED_CATALYST|SCORE_BELOW_PLAN_THRESHOLD,162.23,27210431.0,1.7964955064628103,
radar:2026-09-08:1350,2026-09-08T13:50:00-04:00,COMPLETED,6,AMAT,OK,0.0,18.12,1.03,15.0,15.0,10.0,59.15,45.54,NO_VERIFIED_CATALYST,470.0,3118681.0,0.6286837543503669,
radar:2026-09-08:1350,2026-09-08T13:50:00-04:00,COMPLETED,7,SNDK,OK,0.0,15.38,3.16,15.0,15.0,10.0,58.53,44.71,NO_VERIFIED_CATALYST,1787.41,7923753.0,0.8946933443391274,
radar:2026-09-08:1350,2026-09-08T13:50:00-04:00,COMPLETED,8,AVGO,OK,0.0,12.36,4.66,15.0,15.0,10.0,57.03,42.7,NO_VERIFIED_CATALYST,367.377,16930573.0,1.0828571723687508,
radar:2026-09-08:1350,2026-09-08T13:50:00-04:00,COMPLETED,9,MRVL,OK,0.0,13.39,2.78,15.0,15.0,10.0,56.17,41.57,NO_VERIFIED_CATALYST,228.945,13824246.0,0.8475671656896692,
radar:2026-09-08:1350,2026-09-08T13:50:00-04:00,COMPLETED,10,DELL,OK,0.0,13.13,1.79,14.18,15.0,10.0,54.1,38.8,NO_VERIFIED_CATALYST,532.145,4015095.0,0.7239705956291566,
radar:2026-09-08:1350,2026-09-08T13:50:00-04:00,COMPLETED,11,REMX,OK,0.0,7.57,5.28,14.26,15.0,10.0,52.1,36.13,NO_VERIFIED_CATALYST,76.825,436218.0,1.159472374904327,
radar:2026-09-08:1350,2026-09-08T13:50:00-04:00,COMPLETED,12,NOC,OK,0.0,6.27,5.09,11.09,15.0,10.0,47.45,29.93,NO_VERIFIED_CATALYST,520.19,512834.0,1.1362945759364165,
radar:2026-09-08:1350,2026-09-08T13:50:00-04:00,COMPLETED,13,ALAB,OK,0.0,14.0,7.62,0.0,15.0,10.0,46.62,28.82,LIQUIDITY_WEAK|NO_VERIFIED_CATALYST|RELATIVE_STRENGTH_NEGATIVE,295.54,3280347.0,1.451967051094004,
radar:2026-09-08:1350,2026-09-08T13:50:00-04:00,COMPLETED,14,UBER,OK,0.0,14.0,6.53,0.0,15.0,10.0,45.53,27.37,NO_VERIFIED_CATALYST|RELATIVE_STRENGTH_NEGATIVE,73.477,13576537.0,1.3162977128671483,
radar:2026-09-08:1350,2026-09-08T13:50:00-04:00,COMPLETED,15,ADBE,OK,0.0,14.34,3.77,0.0,15.0,10.0,43.11,24.14,NO_VERIFIED_CATALYST|RELATIVE_STRENGTH_NEGATIVE,257.54,2795533.0,0.9709076365728052,
radar:2026-09-08:1350,2026-09-08T13:50:00-04:00,COMPLETED,16,XLE,OK,0.0,4.12,3.59,10.31,15.0,10.0,43.01,24.02,NO_VERIFIED_CATALYST,64.625,16247421.0,0.9486013776561296,
radar:2026-09-08:1350,2026-09-08T13:50:00-04:00,COMPLETED,17,SNPS,OK,0.0,4.27,3.09,10.51,15.0,10.0,42.86,23.82,NO_VERIFIED_CATALYST,397.443,1035768.0,0.8856981209003187,
radar:2026-09-08:1350,2026-09-08T13:50:00-04:00,COMPLETED,18,ABNB,OK,0.0,14.0,3.61,0.0,15.0,10.0,42.61,23.48,NO_VERIFIED_CATALYST|RELATIVE_STRENGTH_NEGATIVE,175.8,3256297.0,0.9512462892596891,
radar:2026-09-08:1350,2026-09-08T13:50:00-04:00,COMPLETED,19,ONDS,OK,0.0,4.96,0.87,11.4,15.0,10.0,42.23,22.97,NO_VERIFIED_CATALYST,7.701,28770699.0,0.6091574303517598,
radar:2026-09-08:1350,2026-09-08T13:50:00-04:00,COMPLETED,20,DASH,OK,0.0,14.43,2.77,0.0,15.0,10.0,42.2,22.93,NO_VERIFIED_CATALYST|RELATIVE_STRENGTH_NEGATIVE,201.79,2321143.0,0.8461355873945127,
radar:2026-09-08:1350,2026-09-08T13:50:00-04:00,COMPLETED,21,NOW,OK,0.0,14.0,1.69,0.0,15.0,10.0,40.69,20.92,NO_VERIFIED_CATALYST|RELATIVE_STRENGTH_NEGATIVE,133.65,8319763.0,0.7116580569055447,
radar:2026-09-08:1350,2026-09-08T13:50:00-04:00,COMPLETED,22,MSTR,OK,0.0,14.0,1.21,0.0,15.0,10.0,40.21,20.28,NO_VERIFIED_CATALYST|RELATIVE_STRENGTH_NEGATIVE,137.18,12059579.0,0.651113538551117,
radar:2026-09-08:1350,2026-09-08T13:50:00-04:00,COMPLETED,23,PYPL,OK,0.0,14.0,1.18,0.0,15.0,10.0,40.18,20.25,NO_VERIFIED_CATALYST|RELATIVE_STRENGTH_NEGATIVE,53.305,5382781.0,0.6479970867177807,
radar:2026-09-08:1350,2026-09-08T13:50:00-04:00,COMPLETED,24,CVX,OK,0.0,3.62,1.82,9.68,15.0,10.0,40.12,20.16,NO_VERIFIED_CATALYST,210.22,3778551.0,0.7272968195104924,
radar:2026-09-08:1350,2026-09-08T13:50:00-04:00,COMPLETED,25,NFLX,OK,0.0,10.64,4.24,0.0,15.0,10.0,39.88,19.85,NO_VERIFIED_CATALYST|RELATIVE_STRENGTH_NEGATIVE,76.745,19256531.0,1.0301599041937395,
radar:2026-09-08:1350,2026-09-08T13:50:00-04:00,COMPLETED,26,GOOGL,OK,0.0,5.57,3.05,6.05,15.0,10.0,39.67,19.56,NO_VERIFIED_CATALYST,339.045,13060043.0,0.8806396876011205,
radar:2026-09-08:1350,2026-09-08T13:50:00-04:00,COMPLETED,27,WDAY,OK,0.0,14.0,0.0,0.0,15.0,10.0,39.0,18.67,NO_VERIFIED_CATALYST|RELATIVE_STRENGTH_NEGATIVE,185.995,1429376.0,0.4298215997675044,
radar:2026-09-08:1350,2026-09-08T13:50:00-04:00,COMPLETED,28,EBAY,OK,0.0,7.9,3.23,2.58,15.0,10.0,38.7,18.27,NO_VERIFIED_CATALYST|RELATIVE_STRENGTH_NEGATIVE,102.99,2494745.0,0.9032805922516082,
radar:2026-09-08:1350,2026-09-08T13:50:00-04:00,COMPLETED,29,XAR,OK,0.0,3.96,1.22,8.52,15.0,10.0,38.7,18.26,NO_VERIFIED_CATALYST,254.395,91082.0,0.6525881486770336,
radar:2026-09-08:1350,2026-09-08T13:50:00-04:00,COMPLETED,30,COIN,OK,0.0,12.81,0.07,0.0,15.0,10.0,37.88,17.18,NO_VERIFIED_CATALYST|RELATIVE_STRENGTH_NEGATIVE,179.57,3367744.0,0.5087956905381146,
radar:2026-09-08:1350,2026-09-08T13:50:00-04:00,COMPLETED,31,IBIT,OK,0.0,10.09,2.21,0.0,15.0,10.0,37.3,16.4,NO_VERIFIED_CATALYST|RELATIVE_STRENGTH_NEGATIVE,44.45,30678500.0,0.7759338188072222,
radar:2026-09-08:1350,2026-09-08T13:50:00-04:00,COMPLETED,32,NVDA,OK,0.0,8.84,3.03,0.0,15.0,10.0,36.87,15.83,NO_VERIFIED_CATALYST|RELATIVE_STRENGTH_NEGATIVE,225.995,75534316.0,0.878985987215857,
radar:2026-09-08:1350,2026-09-08T13:50:00-04:00,COMPLETED,33,HOOD,OK,0.0,6.31,5.38,0.0,15.0,10.0,36.69,15.59,NO_VERIFIED_CATALYST|RELATIVE_STRENGTH_NEGATIVE,120.46,16248935.0,1.172974720451451,
radar:2026-09-08:1350,2026-09-08T13:50:00-04:00,COMPLETED,34,CDNS,OK,0.0,7.05,4.47,0.0,15.0,10.0,36.51,15.35,NO_VERIFIED_CATALYST|RELATIVE_STRENGTH_NEGATIVE,288.28,1583525.0,1.0581397667941823,
radar:2026-09-08:1350,2026-09-08T13:50:00-04:00,COMPLETED,35,MS,OK,0.0,4.36,0.0,6.42,15.0,10.0,35.78,14.37,NO_VERIFIED_CATALYST,218.23,1204745.0,0.4770547725221137,
radar:2026-09-08:1350,2026-09-08T13:50:00-04:00,COMPLETED,36,QQQ,OK,0.0,1.25,2.81,5.84,15.0,10.0,34.89,13.19,NO_VERIFIED_CATALYST,719.94,17467587.0,0.8510359135107353,
radar:2026-09-08:1350,2026-09-08T13:50:00-04:00,COMPLETED,37,BAC,OK,0.0,3.02,1.12,5.74,15.0,10.0,34.88,13.17,NO_VERIFIED_CATALYST,62.755,12401780.0,0.6401918388136373,
radar:2026-09-08:1350,2026-09-08T13:50:00-04:00,COMPLETED,38,META,OK,0.0,2.05,1.2,6.51,15.0,10.0,34.76,13.01,NO_VERIFIED_CATALYST,618.3,6941237.0,0.6505586980531889,
radar:2026-09-08:1350,2026-09-08T13:50:00-04:00,COMPLETED,39,MU,OK,0.0,0.04,3.92,4.96,15.0,10.0,33.92,11.9,NO_VERIFIED_CATALYST,1016.5,18275984.0,0.9896491163830723,
radar:2026-09-08:1350,2026-09-08T13:50:00-04:00,COMPLETED,40,V,OK,0.0,7.83,0.22,0.0,15.0,10.0,33.05,10.74,NO_VERIFIED_CATALYST|RELATIVE_STRENGTH_NEGATIVE,368.775,2328065.0,0.5274382753351633,
radar:2026-09-08:1350,2026-09-08T13:50:00-04:00,COMPLETED,41,GE,OK,0.0,0.63,1.47,5.83,15.0,10.0,32.93,10.58,NO_VERIFIED_CATALYST,337.575,1597943.0,0.6842959400868939,
radar:2026-09-08:1350,2026-09-08T13:50:00-04:00,COMPLETED,42,PLTR,OK,0.0,6.79,0.77,0.0,15.0,10.0,32.56,10.08,NO_VERIFIED_CATALYST|RELATIVE_STRENGTH_NEGATIVE,171.795,13181033.0,0.5963835828752942,
radar:2026-09-08:1350,2026-09-08T13:50:00-04:00,COMPLETED,43,BA,OK,0.0,1.35,2.46,3.28,15.0,10.0,32.09,9.46,NO_VERIFIED_CATALYST,211.635,2638360.0,0.8076678774242634,
radar:2026-09-08:1350,2026-09-08T13:50:00-04:00,COMPLETED,44,MRNA,OK,0.0,7.07,0.0,0.0,15.0,10.0,32.07,9.43,NO_VERIFIED_CATALYST|RELATIVE_STRENGTH_NEGATIVE,143.345,6422007.0,0.2878084011446507,
radar:2026-09-08:1350,2026-09-08T13:50:00-04:00,COMPLETED,45,MSFT,OK,0.0,6.9,0.16,0.0,15.0,10.0,32.06,9.42,NO_VERIFIED_CATALYST|RELATIVE_STRENGTH_NEGATIVE,492.565,7977535.0,0.5203540273629532,
radar:2026-09-08:1350,2026-09-08T13:50:00-04:00,COMPLETED,46,SPY,OK,0.0,1.59,2.3,3.0,15.0,10.0,31.9,9.2,NO_VERIFIED_CATALYST,767.6,19080962.0,0.7880104066182735,
radar:2026-09-08:1350,2026-09-08T13:50:00-04:00,COMPLETED,47,LHX,OK,0.0,2.66,1.71,2.46,15.0,10.0,31.83,9.1,NO_VERIFIED_CATALYST|RELATIVE_STRENGTH_NEGATIVE,255.355,754268.0,0.7138229195634022,
radar:2026-09-08:1350,2026-09-08T13:50:00-04:00,COMPLETED,48,AAPL,OK,0.0,5.59,1.16,0.0,15.0,10.0,31.75,9.0,NO_VERIFIED_CATALYST|RELATIVE_STRENGTH_NEGATIVE,316.14,17062440.0,0.645437386374629,
radar:2026-09-08:1350,2026-09-08T13:50:00-04:00,COMPLETED,49,ITA,OK,0.0,1.69,2.06,2.85,15.0,10.0,31.6,8.8,NO_VERIFIED_CATALYST|RELATIVE_STRENGTH_NEGATIVE,224.795,286577.0,0.7580978358522852,
radar:2026-09-08:1350,2026-09-08T13:50:00-04:00,COMPLETED,50,AMZN,OK,0.0,4.05,1.35,1.07,15.0,10.0,31.48,8.64,NO_VERIFIED_CATALYST|RELATIVE_STRENGTH_NEGATIVE,256.81,14582925.0,0.6690065183797204,
radar:2026-09-08:1350,2026-09-08T13:50:00-04:00,COMPLETED,51,GS,OK,0.0,1.49,0.0,4.95,15.0,10.0,31.44,8.59,NO_VERIFIED_CATALYST,1038.49,469814.0,0.38885118704185523,
radar:2026-09-08:1350,2026-09-08T13:50:00-04:00,COMPLETED,52,VOO,OK,0.0,1.6,1.1,2.96,15.0,10.0,30.66,7.54,NO_VERIFIED_CATALYST|RELATIVE_STRENGTH_NEGATIVE,705.585,2807734.0,0.6371217825858325,
radar:2026-09-08:1350,2026-09-08T13:50:00-04:00,COMPLETED,53,DIS,OK,0.0,3.9,0.54,1.03,15.0,10.0,30.46,7.29,NO_VERIFIED_CATALYST|RELATIVE_STRENGTH_NEGATIVE,104.61,2871239.0,0.5674017068938956,
radar:2026-09-08:1350,2026-09-08T13:50:00-04:00,COMPLETED,54,WMT,OK,0.0,5.12,0.28,0.0,15.0,10.0,30.4,7.2,NO_VERIFIED_CATALYST|RELATIVE_STRENGTH_NEGATIVE,105.965,9962321.0,0.5350932512958388,
radar:2026-09-08:1350,2026-09-08T13:50:00-04:00,COMPLETED,55,PG,OK,0.0,5.02,0.0,0.14,15.0,10.0,30.16,6.88,NO_VERIFIED_CATALYST|RELATIVE_STRENGTH_NEGATIVE,145.25,2696840.0,0.4564454629731774,
radar:2026-09-08:1350,2026-09-08T13:50:00-04:00,COMPLETED,56,GLTR,OK,0.0,3.21,0.88,0.89,15.0,10.0,29.98,6.64,NO_VERIFIED_CATALYST|RELATIVE_STRENGTH_NEGATIVE,200.125,24075.0,0.6098521003322339,
radar:2026-09-08:1350,2026-09-08T13:50:00-04:00,COMPLETED,57,TXN,OK,0.0,2.4,0.6,1.93,15.0,10.0,29.93,6.58,NO_VERIFIED_CATALYST|RELATIVE_STRENGTH_NEGATIVE,257.11,2064351.0,0.5752459387473216,
radar:2026-09-08:1350,2026-09-08T13:50:00-04:00,COMPLETED,58,JPM,OK,0.0,3.9,0.86,0.0,15.0,10.0,29.77,6.36,NO_VERIFIED_CATALYST|RELATIVE_STRENGTH_NEGATIVE,355.643,2211239.0,0.6078593908763211,
radar:2026-09-08:1350,2026-09-08T13:50:00-04:00,COMPLETED,59,CSCO,OK,0.0,1.2,0.0,3.48,15.0,10.0,29.68,6.23,NO_VERIFIED_CATALYST,108.92,5541921.0,0.4252707505029789,
radar:2026-09-08:1350,2026-09-08T13:50:00-04:00,COMPLETED,60,IBKR,OK,0.0,3.39,0.0,1.26,15.0,10.0,29.65,6.2,NO_VERIFIED_CATALYST|RELATIVE_STRENGTH_NEGATIVE,92.04,1065281.0,0.4113407050384323,
radar:2026-09-08:1400,2026-09-08T14:00:00-04:00,COMPLETED,1,QCOM,OK,0.0,13.07,18.99,15.0,15.0,10.0,72.06,62.75,NO_VERIFIED_CATALYST|RISK_TOO_SMALL,173.465,18100785.0,2.874342745648082,
radar:2026-09-08:1400,2026-09-08T14:00:00-04:00,COMPLETED,2,AMD,OK,0.0,20.0,8.46,15.0,15.0,10.0,68.46,57.95,NO_VERIFIED_CATALYST|RISK_TOO_SMALL,507.97,18877498.0,1.5577641916420686,
radar:2026-09-08:1400,2026-09-08T14:00:00-04:00,COMPLETED,3,INTC,OK,0.0,20.0,7.81,15.0,15.0,10.0,67.81,57.08,NO_VERIFIED_CATALYST|QUALITY_OR_LANE_BLOCKED,105.11,100026229.0,1.476290896213432,
radar:2026-09-08:1400,2026-09-08T14:00:00-04:00,COMPLETED,4,TSLA,OK,0.0,17.82,7.24,15.0,15.0,10.0,65.06,53.41,NO_VERIFIED_CATALYST|QUALITY_OR_LANE_BLOCKED,366.19,36909259.0,1.404928787142047,
radar:2026-09-08:1400,2026-09-08T14:00:00-04:00,COMPLETED,5,ORCL,OK,0.0,10.79,9.99,15.0,15.0,10.0,60.77,47.7,NO_VERIFIED_CATALYST|SCORE_BELOW_PLAN_THRESHOLD,162.45,27502910.0,1.7485580996523027,
radar:2026-09-08:1400,2026-09-08T14:00:00-04:00,COMPLETED,6,AMAT,OK,0.0,18.99,0.93,15.0,15.0,10.0,59.93,46.57,NO_VERIFIED_CATALYST,470.745,3177392.0,0.6167977581639368,
radar:2026-09-08:1400,2026-09-08T14:00:00-04:00,COMPLETED,7,SNDK,OK,0.0,16.73,3.02,15.0,15.0,10.0,59.75,46.33,NO_VERIFIED_CATALYST,1789.765,8070507.0,0.8775155096841135,
radar:2026-09-08:1400,2026-09-08T14:00:00-04:00,COMPLETED,8,AVGO,OK,0.0,14.36,4.49,15.0,15.0,10.0,58.86,45.14,NO_VERIFIED_CATALYST,368.44,17236291.0,1.0615832162505474,
radar:2026-09-08:1400,2026-09-08T14:00:00-04:00,COMPLETED,9,MRVL,OK,0.0,11.28,2.6,15.0,15.0,10.0,53.88,38.51,NO_VERIFIED_CATALYST,228.5,13975544.0,0.8251104694192293,
radar:2026-09-08:1400,2026-09-08T14:00:00-04:00,COMPLETED,10,NOC,OK,0.0,7.85,5.76,12.13,15.0,10.0,50.73,34.31,NO_VERIFIED_CATALYST,521.095,571734.0,1.2198848789961485,
radar:2026-09-08:1400,2026-09-08T14:00:00-04:00,COMPLETED,11,REMX,OK,0.0,6.88,5.01,13.84,15.0,10.0,50.73,34.31,NO_VERIFIED_CATALYST,76.775,440051.0,1.1263426801247185,
radar:2026-09-08:1400,2026-09-08T14:00:00-04:00,COMPLETED,12,DELL,OK,0.0,10.11,1.67,11.44,15.0,10.0,48.22,30.96,NO_VERIFIED_CATALYST,529.76,4080105.0,0.708446643303925,
radar:2026-09-08:1400,2026-09-08T14:00:00-04:00,COMPLETED,13,ALAB,OK,0.0,14.0,7.54,0.0,15.0,10.0,46.54,28.72,LIQUIDITY_WEAK|NO_VERIFIED_CATALYST|RELATIVE_STRENGTH_NEGATIVE,296.92,3383652.0,1.4422261657676778,
radar:2026-09-08:1400,2026-09-08T14:00:00-04:00,COMPLETED,14,UBER,OK,0.0,14.0,6.35,0.0,15.0,10.0,45.35,27.14,NO_VERIFIED_CATALYST|RELATIVE_STRENGTH_NEGATIVE,73.46,13862401.0,1.2942384023701905,
radar:2026-09-08:1400,2026-09-08T14:00:00-04:00,COMPLETED,15,XLE,OK,0.0,4.3,3.46,10.53,15.0,10.0,43.29,24.39,NO_VERIFIED_CATALYST,64.65,16592094.0,0.9328487238884479,
radar:2026-09-08:1400,2026-09-08T14:00:00-04:00,COMPLETED,16,ADBE,OK,0.0,14.0,3.6,0.0,15.0,10.0,42.6,23.47,NO_VERIFIED_CATALYST|RELATIVE_STRENGTH_NEGATIVE,257.37,2840193.0,0.9498867979555251,
radar:2026-09-08:1400,2026-09-08T14:00:00-04:00,COMPLETED,17,ABNB,OK,0.0,14.0,3.46,0.0,15.0,10.0,42.46,23.28,NO_VERIFIED_CATALYST|RELATIVE_STRENGTH_NEGATIVE,175.725,3313271.0,0.9320444634793522,
radar:2026-09-08:1400,2026-09-08T14:00:00-04:00,COMPLETED,18,DASH,OK,0.0,14.76,2.68,0.0,15.0,10.0,42.44,23.25,NO_VERIFIED_CATALYST|RELATIVE_STRENGTH_NEGATIVE,201.905,2378142.0,0.8348079041300286,
radar:2026-09-08:1400,2026-09-08T14:00:00-04:00,COMPLETED,19,NOW,OK,0.0,14.0,1.58,0.0,15.0,10.0,40.58,20.77,NO_VERIFIED_CATALYST|RELATIVE_STRENGTH_NEGATIVE,133.71,8461232.0,0.6969549772851643,
radar:2026-09-08:1400,2026-09-08T14:00:00-04:00,COMPLETED,20,PYPL,OK,0.0,14.0,1.09,0.0,15.0,10.0,40.09,20.12,NO_VERIFIED_CATALYST|RELATIVE_STRENGTH_NEGATIVE,53.3,5484446.0,0.6357843194380259,
radar:2026-09-08:1400,2026-09-08T14:00:00-04:00,COMPLETED,21,MSTR,OK,0.0,14.0,1.07,0.0,15.0,10.0,40.07,20.1,NO_VERIFIED_CATALYST|RELATIVE_STRENGTH_NEGATIVE,137.26,12199592.0,0.6342793764070991,
radar:2026-09-08:1400,2026-09-08T14:00:00-04:00,COMPLETED,22,XAR,OK,0.0,4.72,1.19,8.96,15.0,10.0,39.88,19.84,NO_VERIFIED_CATALYST,254.59,94051.0,0.6489044417352061,
radar:2026-09-08:1400,2026-09-08T14:00:00-04:00,COMPLETED,23,NFLX,OK,0.0,10.61,4.1,0.0,15.0,10.0,39.71,19.61,NO_VERIFIED_CATALYST|RELATIVE_STRENGTH_NEGATIVE,76.745,19658812.0,1.0127320721799964,
radar:2026-09-08:1400,2026-09-08T14:00:00-04:00,COMPLETED,24,CVX,OK,0.0,3.41,1.69,9.39,15.0,10.0,39.49,19.31,NO_VERIFIED_CATALYST,210.125,3834383.0,0.7107102774655419,
radar:2026-09-08:1400,2026-09-08T14:00:00-04:00,COMPLETED,25,ONDS,OK,0.0,3.67,0.82,9.73,15.0,10.0,39.22,18.96,NO_VERIFIED_CATALYST,7.68,29531680.0,0.6021129828110022,
radar:2026-09-08:1400,2026-09-08T14:00:00-04:00,COMPLETED,26,EBAY,OK,0.0,6.36,3.15,4.54,15.0,10.0,39.05,18.73,NO_VERIFIED_CATALYST,103.33,2564083.0,0.8940036723445479,
radar:2026-09-08:1400,2026-09-08T14:00:00-04:00,COMPLETED,27,WDAY,OK,0.0,14.0,0.0,0.0,15.0,10.0,39.0,18.67,NO_VERIFIED_CATALYST|RELATIVE_STRENGTH_NEGATIVE,185.505,1456079.0,0.42163571794253824,
radar:2026-09-08:1400,2026-09-08T14:00:00-04:00,COMPLETED,28,SNPS,OK,0.0,2.44,2.92,8.14,15.0,10.0,38.5,18.0,NO_VERIFIED_CATALYST,395.9,1050784.0,0.8652615204638409,
radar:2026-09-08:1400,2026-09-08T14:00:00-04:00,COMPLETED,29,GOOGL,OK,0.0,4.81,2.93,5.68,15.0,10.0,38.42,17.89,NO_VERIFIED_CATALYST,338.84,13340986.0,0.8662680175079966,
radar:2026-09-08:1400,2026-09-08T14:00:00-04:00,COMPLETED,30,COIN,OK,0.0,12.59,0.0,0.0,15.0,10.0,37.59,16.78,NO_VERIFIED_CATALYST|RELATIVE_STRENGTH_NEGATIVE,179.66,3413212.0,0.4965675346659456,
radar:2026-09-08:1400,2026-09-08T14:00:00-04:00,COMPLETED,31,CDNS,OK,0.0,7.81,4.56,0.0,15.0,10.0,37.37,16.49,NO_VERIFIED_CATALYST|RELATIVE_STRENGTH_NEGATIVE,287.8,1662227.0,1.069594471909606,
radar:2026-09-08:1400,2026-09-08T14:00:00-04:00,COMPLETED,32,NVDA,OK,0.0,9.31,2.88,0.0,15.0,10.0,37.19,16.25,NO_VERIFIED_CATALYST|RELATIVE_STRENGTH_NEGATIVE,225.765,76723927.0,0.8597638476695246,
radar:2026-09-08:1400,2026-09-08T14:00:00-04:00,COMPLETED,33,IBIT,OK,0.0,10.05,2.08,0.0,15.0,10.0,37.14,16.18,NO_VERIFIED_CATALYST|RELATIVE_STRENGTH_NEGATIVE,44.45,31221975.0,0.7604341924011668,
radar:2026-09-08:1400,2026-09-08T14:00:00-04:00,COMPLETED,34,MS,OK,0.0,4.34,0.0,6.44,15.0,10.0,35.77,14.36,NO_VERIFIED_CATALYST,218.24,1229747.0,0.4689208994819443,
radar:2026-09-08:1400,2026-09-08T14:00:00-04:00,COMPLETED,35,HOOD,OK,0.0,5.22,5.18,0.0,15.0,10.0,35.4,13.87,NO_VERIFIED_CATALYST|RELATIVE_STRENGTH_NEGATIVE,120.745,16513859.0,1.1479501481114054,
radar:2026-09-08:1400,2026-09-08T14:00:00-04:00,COMPLETED,36,BAC,OK,0.0,2.98,1.02,5.72,15.0,10.0,34.72,12.95,NO_VERIFIED_CATALYST,62.755,12611331.0,0.626899235370823,
radar:2026-09-08:1400,2026-09-08T14:00:00-04:00,COMPLETED,37,QQQ,OK,0.0,0.96,2.69,5.67,15.0,10.0,34.32,12.43,NO_VERIFIED_CATALYST,719.755,17831220.0,0.836578571416798,
radar:2026-09-08:1400,2026-09-08T14:00:00-04:00,COMPLETED,38,MRNA,OK,0.0,8.96,0.0,0.0,15.0,10.0,33.96,11.95,NO_VERIFIED_CATALYST|RELATIVE_STRENGTH_NEGATIVE,142.754,6535177.0,0.28203353577119,
radar:2026-09-08:1400,2026-09-08T14:00:00-04:00,COMPLETED,39,MU,OK,0.0,0.04,3.7,5.05,15.0,10.0,33.79,11.72,NO_VERIFIED_CATALYST,1016.67,18463034.0,0.962751594840827,
radar:2026-09-08:1400,2026-09-08T14:00:00-04:00,COMPLETED,40,LHX,OK,0.0,2.91,1.59,3.65,15.0,10.0,33.14,10.85,NO_VERIFIED_CATALYST,255.87,766860.0,0.6988622717871913,
radar:2026-09-08:1400,2026-09-08T14:00:00-04:00,COMPLETED,41,V,OK,0.0,7.7,0.18,0.0,15.0,10.0,32.88,10.51,NO_VERIFIED_CATALYST|RELATIVE_STRENGTH_NEGATIVE,368.88,2395566.0,0.5226312650354553,
radar:2026-09-08:1400,2026-09-08T14:00:00-04:00,COMPLETED,42,PLTR,OK,0.0,6.8,0.65,0.0,15.0,10.0,32.45,9.94,NO_VERIFIED_CATALYST|RELATIVE_STRENGTH_NEGATIVE,171.79,13353617.0,0.5818162590339995,
radar:2026-09-08:1400,2026-09-08T14:00:00-04:00,COMPLETED,43,GS,OK,0.0,2.08,0.0,5.35,15.0,10.0,32.43,9.91,NO_VERIFIED_CATALYST,1039.22,485128.0,0.38665579316723564,
radar:2026-09-08:1400,2026-09-08T14:00:00-04:00,COMPLETED,44,GE,OK,0.0,0.32,1.35,5.41,15.0,10.0,32.08,9.44,NO_VERIFIED_CATALYST,337.35,1622576.0,0.6691114055868603,
radar:2026-09-08:1400,2026-09-08T14:00:00-04:00,COMPLETED,45,MSFT,OK,0.0,6.88,0.07,0.0,15.0,10.0,31.95,9.26,NO_VERIFIED_CATALYST|RELATIVE_STRENGTH_NEGATIVE,492.51,8098000.0,0.5086495675351245,
radar:2026-09-08:1400,2026-09-08T14:00:00-04:00,COMPLETED,46,AMZN,OK,0.0,4.15,1.25,1.56,15.0,10.0,31.95,9.26,NO_VERIFIED_CATALYST|RELATIVE_STRENGTH_NEGATIVE,257.025,14847348.0,0.6559115826941921,
radar:2026-09-08:1400,2026-09-08T14:00:00-04:00,COMPLETED,47,META,OK,0.0,0.36,1.1,5.47,15.0,10.0,31.93,9.24,NO_VERIFIED_CATALYST,617.25,7062768.0,0.6374340528980359,
radar:2026-09-08:1400,2026-09-08T14:00:00-04:00,COMPLETED,48,BA,OK,0.0,1.54,2.33,3.02,15.0,10.0,31.89,9.19,NO_VERIFIED_CATALYST,211.55,2683013.0,0.7909194188797171,
radar:2026-09-08:1400,2026-09-08T14:00:00-04:00,COMPLETED,49,AAPL,OK,0.0,5.75,1.07,0.0,15.0,10.0,31.81,9.08,NO_VERIFIED_CATALYST|RELATIVE_STRENGTH_NEGATIVE,316.03,17387959.0,0.63339159112525,
radar:2026-09-08:1400,2026-09-08T14:00:00-04:00,COMPLETED,50,SPY,OK,0.0,1.59,2.16,3.0,15.0,10.0,31.75,9.01,NO_VERIFIED_CATALYST,767.62,19360127.0,0.7699288500010064,
radar:2026-09-08:1400,2026-09-08T14:00:00-04:00,COMPLETED,51,ITA,OK,0.0,1.26,2.02,3.38,15.0,10.0,31.66,8.88,NO_VERIFIED_CATALYST,225.0,295260.0,0.7521409693678601,
radar:2026-09-08:1400,2026-09-08T14:00:00-04:00,COMPLETED,52,VOO,OK,0.0,1.56,1.05,3.0,15.0,10.0,30.61,7.48,NO_VERIFIED_CATALYST,705.65,2890365.0,0.6315822080167925,
radar:2026-09-08:1400,2026-09-08T14:00:00-04:00,COMPLETED,53,DIS,OK,0.0,3.86,0.42,0.9,15.0,10.0,30.18,6.91,NO_VERIFIED_CATALYST|RELATIVE_STRENGTH_NEGATIVE,104.59,2905639.0,0.5529344573571541,
radar:2026-09-08:1400,2026-09-08T14:00:00-04:00,COMPLETED,54,GLTR,OK,0.0,3.21,0.99,0.88,15.0,10.0,30.08,6.77,NO_VERIFIED_CATALYST|RELATIVE_STRENGTH_NEGATIVE,200.125,25587.0,0.6241490336024117,
radar:2026-09-08:1400,2026-09-08T14:00:00-04:00,COMPLETED,55,PG,OK,0.0,4.96,0.0,0.0,15.0,10.0,29.96,6.61,NO_VERIFIED_CATALYST|RELATIVE_STRENGTH_NEGATIVE,145.2,2732349.0,0.445328601881968,
radar:2026-09-08:1400,2026-09-08T14:00:00-04:00,COMPLETED,56,WMT,OK,0.0,4.75,0.2,0.0,15.0,10.0,29.95,6.6,NO_VERIFIED_CATALYST|RELATIVE_STRENGTH_NEGATIVE,106.06,10153891.0,0.5251847957357274,
radar:2026-09-08:1400,2026-09-08T14:00:00-04:00,COMPLETED,57,TXN,OK,0.0,2.17,0.54,2.22,15.0,10.0,29.92,6.56,NO_VERIFIED_CATALYST|RELATIVE_STRENGTH_NEGATIVE,257.24,2114353.0,0.5673593557026634,
radar:2026-09-08:1400,2026-09-08T14:00:00-04:00,COMPLETED,58,JPM,OK,0.0,3.8,0.76,0.12,15.0,10.0,29.68,6.24,NO_VERIFIED_CATALYST|RELATIVE_STRENGTH_NEGATIVE,355.72,2248768.0,0.5952820716020631,
radar:2026-09-08:1400,2026-09-08T14:00:00-04:00,COMPLETED,59,CSCO,OK,0.0,1.67,0.0,2.86,15.0,10.0,29.53,6.03,NO_VERIFIED_CATALYST|RELATIVE_STRENGTH_NEGATIVE,108.81,5731973.0,0.4235649589286382,
radar:2026-09-08:1400,2026-09-08T14:00:00-04:00,COMPLETED,60,IBKR,OK,0.0,3.38,0.0,0.66,15.0,10.0,29.04,5.38,NO_VERIFIED_CATALYST|RELATIVE_STRENGTH_NEGATIVE,91.95,1085946.0,0.4037908208317173,
radar:2026-09-08:1410,2026-09-08T14:10:00-04:00,COMPLETED,1,QCOM,OK,0.0,14.0,18.4,15.0,15.0,10.0,72.4,63.2,NO_VERIFIED_CATALYST|RISK_TOO_SMALL,174.16,18283718.0,2.7996995955061887,
radar:2026-09-08:1410,2026-09-08T14:10:00-04:00,COMPLETED,2,AMD,OK,0.0,20.0,8.21,15.0,15.0,10.0,68.21,57.62,NO_VERIFIED_CATALYST|RISK_TOO_SMALL,508.005,19186982.0,1.5267563265385702,
radar:2026-09-08:1410,2026-09-08T14:10:00-04:00,COMPLETED,3,INTC,OK,0.0,20.0,7.63,15.0,15.0,10.0,67.63,56.84,NO_VERIFIED_CATALYST|QUALITY_OR_LANE_BLOCKED,104.92,102123256.0,1.4534111079582008,
radar:2026-09-08:1410,2026-09-08T14:10:00-04:00,COMPLETED,4,TSLA,OK,0.0,17.94,6.97,15.0,15.0,10.0,64.92,53.22,NO_VERIFIED_CATALYST|SCORE_BELOW_PLAN_THRESHOLD,366.293,37371089.0,1.3717043475752722,
radar:2026-09-08:1410,2026-09-08T14:10:00-04:00,COMPLETED,5,SNDK,OK,0.0,19.31,2.87,15.0,15.0,10.0,62.18,49.58,NO_VERIFIED_CATALYST|SCORE_BELOW_PLAN_THRESHOLD,1795.68,8195795.0,0.8593119397667784,
radar:2026-09-08:1410,2026-09-08T14:10:00-04:00,COMPLETED,6,ORCL,OK,0.0,11.4,9.65,15.0,15.0,10.0,61.06,48.08,NO_VERIFIED_CATALYST,162.66,27839146.0,1.7067232504143328,
radar:2026-09-08:1410,2026-09-08T14:10:00-04:00,COMPLETED,7,AMAT,OK,0.0,19.73,0.86,15.0,15.0,10.0,60.59,47.46,NO_VERIFIED_CATALYST,471.4,3245543.0,0.6075263691534363,
radar:2026-09-08:1410,2026-09-08T14:10:00-04:00,COMPLETED,8,AVGO,OK,0.0,15.08,4.33,15.0,15.0,10.0,59.41,45.88,NO_VERIFIED_CATALYST,368.74,17522924.0,1.0406928719970665,
radar:2026-09-08:1410,2026-09-08T14:10:00-04:00,COMPLETED,9,MRVL,OK,0.0,12.73,2.43,15.0,15.0,10.0,55.17,40.22,NO_VERIFIED_CATALYST,228.81,14128799.0,0.8043672858393237,
radar:2026-09-08:1410,2026-09-08T14:10:00-04:00,COMPLETED,10,REMX,OK,0.0,8.76,4.73,14.75,15.0,10.0,53.24,37.65,NO_VERIFIED_CATALYST,76.91,442288.0,1.0916375392235027,
radar:2026-09-08:1410,2026-09-08T14:10:00-04:00,COMPLETED,11,NOC,OK,0.0,6.94,5.55,11.46,15.0,10.0,48.96,31.95,NO_VERIFIED_CATALYST,520.665,580451.0,1.1942525264704849,
radar:2026-09-08:1410,2026-09-08T14:10:00-04:00,COMPLETED,12,DELL,OK,0.0,10.22,1.56,11.39,15.0,10.0,48.18,30.91,NO_VERIFIED_CATALYST,529.865,4154624.0,0.6956220011710619,
radar:2026-09-08:1410,2026-09-08T14:10:00-04:00,COMPLETED,13,ALAB,OK,0.0,14.0,7.34,0.0,15.0,10.0,46.34,28.45,NO_VERIFIED_CATALYST|RELATIVE_STRENGTH_NEGATIVE,297.435,3447304.0,1.4168799015171027,
radar:2026-09-08:1410,2026-09-08T14:10:00-04:00,COMPLETED,14,UBER,OK,0.0,14.0,6.21,0.0,15.0,10.0,45.21,26.95,NO_VERIFIED_CATALYST|RELATIVE_STRENGTH_NEGATIVE,73.485,14181146.0,1.2767119672114104,
radar:2026-09-08:1410,2026-09-08T14:10:00-04:00,COMPLETED,15,DASH,OK,0.0,16.86,2.74,0.0,15.0,10.0,44.6,26.14,NO_VERIFIED_CATALYST|RELATIVE_STRENGTH_NEGATIVE,202.635,2488480.0,0.8423424753798587,
radar:2026-09-08:1410,2026-09-08T14:10:00-04:00,COMPLETED,16,XLE,OK,0.0,4.59,3.32,10.74,15.0,10.0,43.65,24.86,NO_VERIFIED_CATALYST,64.69,16870753.0,0.9146401589999877,
radar:2026-09-08:1410,2026-09-08T14:10:00-04:00,COMPLETED,17,ADBE,OK,0.0,14.87,3.43,0.0,15.0,10.0,43.29,24.39,NO_VERIFIED_CATALYST|RELATIVE_STRENGTH_NEGATIVE,257.77,2878340.0,0.9282647709253106,
radar:2026-09-08:1410,2026-09-08T14:10:00-04:00,COMPLETED,18,ABNB,OK,0.0,14.0,3.3,0.0,15.0,10.0,42.3,23.07,NO_VERIFIED_CATALYST|RELATIVE_STRENGTH_NEGATIVE,175.68,3364925.0,0.9127689059111777,
radar:2026-09-08:1410,2026-09-08T14:10:00-04:00,COMPLETED,19,MSTR,OK,0.0,15.34,0.97,0.0,15.0,10.0,41.31,21.75,NO_VERIFIED_CATALYST|RELATIVE_STRENGTH_NEGATIVE,138.02,12393400.0,0.621343168217835,
radar:2026-09-08:1410,2026-09-08T14:10:00-04:00,COMPLETED,20,NOW,OK,0.0,14.0,1.46,0.0,15.0,10.0,40.46,20.61,NO_VERIFIED_CATALYST|RELATIVE_STRENGTH_NEGATIVE,133.86,8592485.0,0.682489037652257,
radar:2026-09-08:1410,2026-09-08T14:10:00-04:00,COMPLETED,21,CVX,OK,0.0,3.83,1.62,9.76,15.0,10.0,40.2,20.26,NO_VERIFIED_CATALYST,210.31,3927023.0,0.7018855907512501,
radar:2026-09-08:1410,2026-09-08T14:10:00-04:00,COMPLETED,22,PYPL,OK,0.0,13.88,0.99,0.0,15.0,10.0,39.88,19.84,NO_VERIFIED_CATALYST|RELATIVE_STRENGTH_NEGATIVE,53.325,5585298.0,0.6243515208974759,
radar:2026-09-08:1410,2026-09-08T14:10:00-04:00,COMPLETED,23,NFLX,OK,0.0,10.78,3.95,0.0,15.0,10.0,39.73,19.63,NO_VERIFIED_CATALYST|RELATIVE_STRENGTH_NEGATIVE,76.855,20004164.0,0.9937187338993544,
radar:2026-09-08:1410,2026-09-08T14:10:00-04:00,COMPLETED,24,XAR,OK,0.0,4.65,1.11,8.78,15.0,10.0,39.54,19.39,NO_VERIFIED_CATALYST,254.58,96096.0,0.6393349060877981,
radar:2026-09-08:1410,2026-09-08T14:10:00-04:00,COMPLETED,25,SNPS,OK,0.0,2.78,2.81,8.42,15.0,10.0,39.01,18.68,NO_VERIFIED_CATALYST,396.19,1071809.0,0.8510539959973539,
radar:2026-09-08:1410,2026-09-08T14:10:00-04:00,COMPLETED,26,WDAY,OK,0.0,14.0,0.0,0.0,15.0,10.0,39.0,18.67,NO_VERIFIED_CATALYST|RELATIVE_STRENGTH_NEGATIVE,185.91,1477343.0,0.41251483460944194,
radar:2026-09-08:1410,2026-09-08T14:10:00-04:00,COMPLETED,27,EBAY,OK,0.0,7.76,3.13,2.58,15.0,10.0,38.47,17.96,NO_VERIFIED_CATALYST|RELATIVE_STRENGTH_NEGATIVE,103.02,2652668.0,0.8918583823090234,
radar:2026-09-08:1410,2026-09-08T14:10:00-04:00,COMPLETED,28,ONDS,OK,0.0,3.37,0.75,9.17,15.0,10.0,38.29,17.72,NO_VERIFIED_CATALYST,7.675,30224249.0,0.5942252921885793,
radar:2026-09-08:1410,2026-09-08T14:10:00-04:00,COMPLETED,29,IBIT,OK,0.0,10.34,1.94,0.0,15.0,10.0,37.29,16.39,NO_VERIFIED_CATALYST|RELATIVE_STRENGTH_NEGATIVE,44.55,31636165.0,0.7430035235325652,
radar:2026-09-08:1410,2026-09-08T14:10:00-04:00,COMPLETED,30,CDNS,OK,0.0,7.59,4.61,0.0,15.0,10.0,37.2,16.26,NO_VERIFIED_CATALYST|RELATIVE_STRENGTH_NEGATIVE,287.94,1733730.0,1.0757616501206926,
radar:2026-09-08:1410,2026-09-08T14:10:00-04:00,COMPLETED,31,NVDA,OK,0.0,8.94,2.7,0.0,15.0,10.0,36.65,15.53,NO_VERIFIED_CATALYST|RELATIVE_STRENGTH_NEGATIVE,225.945,77533860.0,0.83780999730613,
radar:2026-09-08:1410,2026-09-08T14:10:00-04:00,COMPLETED,32,COIN,OK,0.0,10.76,0.0,0.0,15.0,10.0,35.76,14.35,NO_VERIFIED_CATALYST|RELATIVE_STRENGTH_NEGATIVE,180.86,3478041.0,0.48792776541034366,
radar:2026-09-08:1410,2026-09-08T14:10:00-04:00,COMPLETED,33,GOOGL,OK,0.0,3.43,2.83,4.36,15.0,10.0,35.62,14.16,NO_VERIFIED_CATALYST,338.19,13636864.0,0.853856007038724,
radar:2026-09-08:1410,2026-09-08T14:10:00-04:00,COMPLETED,34,MU,OK,0.0,0.97,3.54,6.08,15.0,10.0,35.6,14.13,NO_VERIFIED_CATALYST,1018.7,18755571.0,0.9430771977325104,
radar:2026-09-08:1410,2026-09-08T14:10:00-04:00,COMPLETED,35,MS,OK,0.0,4.26,0.0,6.29,15.0,10.0,35.55,14.06,NO_VERIFIED_CATALYST,218.245,1271002.0,0.46734309263742757,
radar:2026-09-08:1410,2026-09-08T14:10:00-04:00,COMPLETED,36,QQQ,OK,0.0,1.58,2.59,5.86,15.0,10.0,35.03,13.37,NO_VERIFIED_CATALYST,720.18,18207771.0,0.8237363613466198,
radar:2026-09-08:1410,2026-09-08T14:10:00-04:00,COMPLETED,37,BAC,OK,0.0,3.26,0.95,5.75,15.0,10.0,34.96,13.28,NO_VERIFIED_CATALYST,62.775,12914159.0,0.6190257592033358,
radar:2026-09-08:1410,2026-09-08T14:10:00-04:00,COMPLETED,38,HOOD,OK,0.0,3.99,5.03,0.0,15.0,10.0,34.02,12.03,NO_VERIFIED_CATALYST|RELATIVE_STRENGTH_NEGATIVE,121.065,16838797.0,1.1287331866528523,
radar:2026-09-08:1410,2026-09-08T14:10:00-04:00,COMPLETED,39,V,OK,0.0,7.86,0.12,0.0,15.0,10.0,32.97,10.63,NO_VERIFIED_CATALYST|RELATIVE_STRENGTH_NEGATIVE,368.755,2446575.0,0.5146969045733278,
radar:2026-09-08:1410,2026-09-08T14:10:00-04:00,COMPLETED,40,GS,OK,0.0,2.51,0.0,5.45,15.0,10.0,32.96,10.61,NO_VERIFIED_CATALYST,1039.675,496165.0,0.38132921738375425,
radar:2026-09-08:1410,2026-09-08T14:10:00-04:00,COMPLETED,41,PLTR,OK,0.0,7.05,0.54,0.0,15.0,10.0,32.6,10.13,NO_VERIFIED_CATALYST|RELATIVE_STRENGTH_NEGATIVE,171.695,13517786.0,0.5679345389528406,
radar:2026-09-08:1410,2026-09-08T14:10:00-04:00,COMPLETED,42,AMZN,OK,0.0,4.19,1.14,1.69,15.0,10.0,32.02,9.37,NO_VERIFIED_CATALYST|RELATIVE_STRENGTH_NEGATIVE,257.155,15093653.0,0.6429786467763092,
radar:2026-09-08:1410,2026-09-08T14:10:00-04:00,COMPLETED,43,LHX,OK,0.0,2.72,1.51,2.77,15.0,10.0,31.99,9.32,NO_VERIFIED_CATALYST|RELATIVE_STRENGTH_NEGATIVE,255.565,783366.0,0.6884081530710311,
radar:2026-09-08:1410,2026-09-08T14:10:00-04:00,COMPLETED,44,MSFT,OK,0.0,6.86,0.0,0.0,15.0,10.0,31.86,9.15,NO_VERIFIED_CATALYST|RELATIVE_STRENGTH_NEGATIVE,492.45,8224655.0,0.49815486200240916,
radar:2026-09-08:1410,2026-09-08T14:10:00-04:00,COMPLETED,45,SPY,OK,0.0,1.63,2.08,3.0,15.0,10.0,31.71,8.95,NO_VERIFIED_CATALYST,767.83,19816650.0,0.759938429613733,
radar:2026-09-08:1410,2026-09-08T14:10:00-04:00,COMPLETED,46,BA,OK,0.0,1.35,2.24,3.1,15.0,10.0,31.7,8.93,NO_VERIFIED_CATALYST,211.635,2745501.0,0.7804351915639859,
radar:2026-09-08:1410,2026-09-08T14:10:00-04:00,COMPLETED,47,AAPL,OK,0.0,5.7,0.96,0.0,15.0,10.0,31.66,8.89,NO_VERIFIED_CATALYST|RELATIVE_STRENGTH_NEGATIVE,316.06,17658299.0,0.6202665040397186,
radar:2026-09-08:1410,2026-09-08T14:10:00-04:00,COMPLETED,48,MRNA,OK,0.0,6.6,0.0,0.0,15.0,10.0,31.6,8.81,NO_VERIFIED_CATALYST|RELATIVE_STRENGTH_NEGATIVE,143.49,6613536.0,0.2752218412603055,
radar:2026-09-08:1410,2026-09-08T14:10:00-04:00,COMPLETED,49,ITA,OK,0.0,1.87,1.86,2.43,15.0,10.0,31.17,8.22,NO_VERIFIED_CATALYST|RELATIVE_STRENGTH_NEGATIVE,224.705,298428.0,0.7330607638434721,
radar:2026-09-08:1410,2026-09-08T14:10:00-04:00,COMPLETED,50,GE,OK,0.0,0.54,1.32,4.14,15.0,10.0,31.0,8.0,NO_VERIFIED_CATALYST,336.73,1671089.0,0.6645057481110662,
radar:2026-09-08:1410,2026-09-08T14:10:00-04:00,COMPLETED,51,META,OK,0.0,0.11,1.08,4.69,15.0,10.0,30.89,7.85,NO_VERIFIED_CATALYST,616.62,7301844.0,0.635475258958465,
radar:2026-09-08:1410,2026-09-08T14:10:00-04:00,COMPLETED,52,VOO,OK,0.0,1.54,0.94,3.0,15.0,10.0,30.48,7.3,NO_VERIFIED_CATALYST|RELATIVE_STRENGTH_NEGATIVE,705.84,2929481.0,0.6172678531239366,
radar:2026-09-08:1410,2026-09-08T14:10:00-04:00,COMPLETED,53,WMT,OK,0.0,4.97,0.12,0.0,15.0,10.0,30.08,6.78,NO_VERIFIED_CATALYST|RELATIVE_STRENGTH_NEGATIVE,106.0,10318228.0,0.514624602306089,
radar:2026-09-08:1410,2026-09-08T14:10:00-04:00,COMPLETED,54,PG,OK,0.0,4.92,0.0,0.0,15.0,10.0,29.92,6.57,NO_VERIFIED_CATALYST|RELATIVE_STRENGTH_NEGATIVE,145.19,2785593.0,0.43779203681851075,
radar:2026-09-08:1410,2026-09-08T14:10:00-04:00,COMPLETED,55,TXN,OK,0.0,1.72,0.56,2.63,15.0,10.0,29.91,6.54,NO_VERIFIED_CATALYST|RELATIVE_STRENGTH_NEGATIVE,257.49,2202485.0,0.5699010542801047,
radar:2026-09-08:1410,2026-09-08T14:10:00-04:00,COMPLETED,56,GLTR,OK,0.0,3.21,0.85,0.71,15.0,10.0,29.78,6.37,LIQUIDITY_WEAK|NO_VERIFIED_CATALYST|RELATIVE_STRENGTH_NEGATIVE,200.125,25798.0,0.6068212046848974,
radar:2026-09-08:1410,2026-09-08T14:10:00-04:00,COMPLETED,57,JPM,OK,0.0,3.74,0.67,0.03,15.0,10.0,29.44,5.92,NO_VERIFIED_CATALYST|RELATIVE_STRENGTH_NEGATIVE,355.765,2285296.0,0.5833462177278009,
radar:2026-09-08:1410,2026-09-08T14:10:00-04:00,COMPLETED,58,DIS,OK,0.0,3.99,0.35,0.0,15.0,10.0,29.34,5.79,NO_VERIFIED_CATALYST|RELATIVE_STRENGTH_NEGATIVE,104.41,2965952.0,0.5442543309276979,
radar:2026-09-08:1410,2026-09-08T14:10:00-04:00,COMPLETED,59,CSCO,OK,0.0,1.75,0.0,2.59,15.0,10.0,29.34,5.78,NO_VERIFIED_CATALYST|RELATIVE_STRENGTH_NEGATIVE,108.79,5899716.0,0.42039038156770375,
radar:2026-09-08:1410,2026-09-08T14:10:00-04:00,COMPLETED,60,IBKR,OK,0.0,3.58,0.0,0.24,15.0,10.0,28.82,5.09,NO_VERIFIED_CATALYST|RELATIVE_STRENGTH_NEGATIVE,91.91,1103103.0,0.39552146207102346,
radar:2026-09-08:1420,2026-09-08T14:20:00-04:00,DATA_UNAVAILABLE,,NVDA,MISSING,,,,,,,,,PRICE_CROSS_CHECK_FAILED,,,,
radar:2026-09-08:1420,2026-09-08T14:20:00-04:00,DATA_UNAVAILABLE,,AVGO,MISSING,,,,,,,,,PRICE_CROSS_CHECK_FAILED,,,,
radar:2026-09-08:1420,2026-09-08T14:20:00-04:00,DATA_UNAVAILABLE,,DELL,MISSING,,,,,,,,,PRICE_CROSS_CHECK_FAILED,,,,
radar:2026-09-08:1420,2026-09-08T14:20:00-04:00,DATA_UNAVAILABLE,,AAPL,MISSING,,,,,,,,,PRICE_CROSS_CHECK_FAILED,,,,
radar:2026-09-08:1420,2026-09-08T14:20:00-04:00,DATA_UNAVAILABLE,,TXN,MISSING,,,,,,,,,PRICE_CROSS_CHECK_FAILED,,,,
radar:2026-09-08:1420,2026-09-08T14:20:00-04:00,DATA_UNAVAILABLE,,CDNS,MISSING,,,,,,,,,PRICE_CROSS_CHECK_FAILED,,,,
radar:2026-09-08:1420,2026-09-08T14:20:00-04:00,DATA_UNAVAILABLE,,SNPS,MISSING,,,,,,,,,PRICE_CROSS_CHECK_FAILED,,,,
radar:2026-09-08:1420,2026-09-08T14:20:00-04:00,DATA_UNAVAILABLE,,ORCL,MISSING,,,,,,,,,PRICE_CROSS_CHECK_FAILED,,,,
radar:2026-09-08:1420,2026-09-08T14:20:00-04:00,DATA_UNAVAILABLE,,NOW,MISSING,,,,,,,,,PRICE_CROSS_CHECK_FAILED,,,,
radar:2026-09-08:1420,2026-09-08T14:20:00-04:00,DATA_UNAVAILABLE,,ADBE,MISSING,,,,,,,,,PRICE_CROSS_CHECK_FAILED,,,,
radar:2026-09-08:1420,2026-09-08T14:20:00-04:00,DATA_UNAVAILABLE,,WDAY,MISSING,,,,,,,,,PRICE_CROSS_CHECK_FAILED,,,,
radar:2026-09-08:1420,2026-09-08T14:20:00-04:00,DATA_UNAVAILABLE,,MSFT,MISSING,,,,,,,,,PRICE_CROSS_CHECK_FAILED,,,,
radar:2026-09-08:1420,2026-09-08T14:20:00-04:00,DATA_UNAVAILABLE,,AMZN,MISSING,,,,,,,,,PRICE_CROSS_CHECK_FAILED,,,,
radar:2026-09-08:1420,2026-09-08T14:20:00-04:00,DATA_UNAVAILABLE,,BA,MISSING,,,,,,,,,PRICE_CROSS_CHECK_FAILED,,,,
radar:2026-09-08:1420,2026-09-08T14:20:00-04:00,DATA_UNAVAILABLE,,AMD,MISSING,,,,,,,,,PRICE_CROSS_CHECK_FAILED,,,,
radar:2026-09-08:1420,2026-09-08T14:20:00-04:00,DATA_UNAVAILABLE,,INTC,MISSING,,,,,,,,,PRICE_CROSS_CHECK_FAILED,,,,
radar:2026-09-08:1420,2026-09-08T14:20:00-04:00,DATA_UNAVAILABLE,,MRVL,MISSING,,,,,,,,,PRICE_CROSS_CHECK_FAILED,,,,
radar:2026-09-08:1420,2026-09-08T14:20:00-04:00,DATA_UNAVAILABLE,,MRNA,MISSING,,,,,,,,,PRICE_CROSS_CHECK_FAILED,,,,
radar:2026-09-08:1420,2026-09-08T14:20:00-04:00,DATA_UNAVAILABLE,,SNDK,MISSING,,,,,,,,,PRICE_CROSS_CHECK_FAILED,,,,
radar:2026-09-08:1420,2026-09-08T14:20:00-04:00,DATA_UNAVAILABLE,,GOOGL,MISSING,,,,,,,,,PRICE_CROSS_CHECK_FAILED,,,,
radar:2026-09-08:1420,2026-09-08T14:20:00-04:00,DATA_UNAVAILABLE,,GS,MISSING,,,,,,,,,PRICE_CROSS_CHECK_FAILED,,,,
radar:2026-09-08:1420,2026-09-08T14:20:00-04:00,DATA_UNAVAILABLE,,ABNB,MISSING,,,,,,,,,PRICE_CROSS_CHECK_FAILED,,,,
radar:2026-09-08:1420,2026-09-08T14:20:00-04:00,DATA_UNAVAILABLE,,DASH,MISSING,,,,,,,,,PRICE_CROSS_CHECK_FAILED,,,,
radar:2026-09-08:1420,2026-09-08T14:20:00-04:00,DATA_UNAVAILABLE,,MU,MISSING,,,,,,,,,PRICE_CROSS_CHECK_FAILED,,,,
radar:2026-09-08:1420,2026-09-08T14:20:00-04:00,DATA_UNAVAILABLE,,GE,MISSING,,,,,,,,,PRICE_CROSS_CHECK_FAILED,,,,
radar:2026-09-08:1420,2026-09-08T14:20:00-04:00,DATA_UNAVAILABLE,,JPM,MISSING,,,,,,,,,PRICE_CROSS_CHECK_FAILED,,,,
radar:2026-09-08:1420,2026-09-08T14:20:00-04:00,DATA_UNAVAILABLE,,BAC,MISSING,,,,,,,,,PRICE_CROSS_CHECK_FAILED,,,,
radar:2026-09-08:1420,2026-09-08T14:20:00-04:00,DATA_UNAVAILABLE,,MS,MISSING,,,,,,,,,PRICE_CROSS_CHECK_FAILED,,,,
radar:2026-09-08:1420,2026-09-08T14:20:00-04:00,DATA_UNAVAILABLE,,WMT,MISSING,,,,,,,,,PRICE_CROSS_CHECK_FAILED,,,,
radar:2026-09-08:1420,2026-09-08T14:20:00-04:00,DATA_UNAVAILABLE,,COIN,MISSING,,,,,,,,,PRICE_CROSS_CHECK_FAILED,,,,
radar:2026-09-08:1420,2026-09-08T14:20:00-04:00,DATA_UNAVAILABLE,,HOOD,MISSING,,,,,,,,,PRICE_CROSS_CHECK_FAILED,,,,
radar:2026-09-08:1420,2026-09-08T14:20:00-04:00,DATA_UNAVAILABLE,,PLTR,MISSING,,,,,,,,,PRICE_CROSS_CHECK_FAILED,,,,
radar:2026-09-08:1420,2026-09-08T14:20:00-04:00,DATA_UNAVAILABLE,,MSTR,MISSING,,,,,,,,,PRICE_CROSS_CHECK_FAILED,,,,
radar:2026-09-08:1420,2026-09-08T14:20:00-04:00,DATA_UNAVAILABLE,,META,MISSING,,,,,,,,,PRICE_CROSS_CHECK_FAILED,,,,
radar:2026-09-08:1420,2026-09-08T14:20:00-04:00,DATA_UNAVAILABLE,,NFLX,MISSING,,,,,,,,,PRICE_CROSS_CHECK_FAILED,,,,
radar:2026-09-08:1420,2026-09-08T14:20:00-04:00,DATA_UNAVAILABLE,,UBER,MISSING,,,,,,,,,PRICE_CROSS_CHECK_FAILED,,,,
radar:2026-09-08:1420,2026-09-08T14:20:00-04:00,DATA_UNAVAILABLE,,PYPL,MISSING,,,,,,,,,PRICE_CROSS_CHECK_FAILED,,,,
radar:2026-09-08:1420,2026-09-08T14:20:00-04:00,DATA_UNAVAILABLE,,V,MISSING,,,,,,,,,PRICE_CROSS_CHECK_FAILED,,,,
radar:2026-09-08:1420,2026-09-08T14:20:00-04:00,DATA_UNAVAILABLE,,EBAY,MISSING,,,,,,,,,PRICE_CROSS_CHECK_FAILED,,,,
radar:2026-09-08:1420,2026-09-08T14:20:00-04:00,DATA_UNAVAILABLE,,DIS,MISSING,,,,,,,,,PRICE_CROSS_CHECK_FAILED,,,,
radar:2026-09-08:1420,2026-09-08T14:20:00-04:00,DATA_UNAVAILABLE,,PG,MISSING,,,,,,,,,PRICE_CROSS_CHECK_FAILED,,,,
radar:2026-09-08:1420,2026-09-08T14:20:00-04:00,DATA_UNAVAILABLE,,CVX,MISSING,,,,,,,,,PRICE_CROSS_CHECK_FAILED,,,,
radar:2026-09-08:1420,2026-09-08T14:20:00-04:00,DATA_UNAVAILABLE,,QCOM,MISSING,,,,,,,,,PRICE_CROSS_CHECK_FAILED,,,,
radar:2026-09-08:1420,2026-09-08T14:20:00-04:00,DATA_UNAVAILABLE,,AMAT,MISSING,,,,,,,,,PRICE_CROSS_CHECK_FAILED,,,,
radar:2026-09-08:1420,2026-09-08T14:20:00-04:00,DATA_UNAVAILABLE,,TSLA,MISSING,,,,,,,,,PRICE_CROSS_CHECK_FAILED,,,,
radar:2026-09-08:1420,2026-09-08T14:20:00-04:00,DATA_UNAVAILABLE,,CSCO,MISSING,,,,,,,,,PRICE_CROSS_CHECK_FAILED,,,,
radar:2026-09-08:1420,2026-09-08T14:20:00-04:00,DATA_UNAVAILABLE,,ALAB,MISSING,,,,,,,,,PRICE_CROSS_CHECK_FAILED,,,,
radar:2026-09-08:1420,2026-09-08T14:20:00-04:00,DATA_UNAVAILABLE,,IBKR,MISSING,,,,,,,,,PRICE_CROSS_CHECK_FAILED,,,,
radar:2026-09-08:1420,2026-09-08T14:20:00-04:00,DATA_UNAVAILABLE,,LHX,MISSING,,,,,,,,,PRICE_CROSS_CHECK_FAILED,,,,
radar:2026-09-08:1420,2026-09-08T14:20:00-04:00,DATA_UNAVAILABLE,,NOC,MISSING,,,,,,,,,PRICE_CROSS_CHECK_FAILED,,,,
radar:2026-09-08:1420,2026-09-08T14:20:00-04:00,DATA_UNAVAILABLE,,ONDS,MISSING,,,,,,,,,PRICE_CROSS_CHECK_FAILED,,,,
radar:2026-09-08:1420,2026-09-08T14:20:00-04:00,DATA_UNAVAILABLE,,SPY,MISSING,,,,,,,,,PRICE_CROSS_CHECK_FAILED,,,,
radar:2026-09-08:1420,2026-09-08T14:20:00-04:00,DATA_UNAVAILABLE,,QQQ,MISSING,,,,,,,,,PRICE_CROSS_CHECK_FAILED,,,,
radar:2026-09-08:1420,2026-09-08T14:20:00-04:00,DATA_UNAVAILABLE,,VOO,MISSING,,,,,,,,,PRICE_CROSS_CHECK_FAILED,,,,
radar:2026-09-08:1420,2026-09-08T14:20:00-04:00,DATA_UNAVAILABLE,,IBIT,MISSING,,,,,,,,,PRICE_CROSS_CHECK_FAILED,,,,
radar:2026-09-08:1420,2026-09-08T14:20:00-04:00,DATA_UNAVAILABLE,,XLE,MISSING,,,,,,,,,PRICE_CROSS_CHECK_FAILED,,,,
radar:2026-09-08:1420,2026-09-08T14:20:00-04:00,DATA_UNAVAILABLE,,GLTR,MISSING,,,,,,,,,PRICE_CROSS_CHECK_FAILED,,,,
radar:2026-09-08:1420,2026-09-08T14:20:00-04:00,DATA_UNAVAILABLE,,REMX,MISSING,,,,,,,,,PRICE_CROSS_CHECK_FAILED,,,,
radar:2026-09-08:1420,2026-09-08T14:20:00-04:00,DATA_UNAVAILABLE,,ITA,MISSING,,,,,,,,,PRICE_CROSS_CHECK_FAILED,,,,
radar:2026-09-08:1420,2026-09-08T14:20:00-04:00,DATA_UNAVAILABLE,,XAR,MISSING,,,,,,,,,PRICE_CROSS_CHECK_FAILED,,,,
radar:2026-09-08:1430,2026-09-08T14:30:00-04:00,COMPLETED,1,QCOM,OK,0.0,14.0,18.53,15.0,15.0,10.0,72.53,63.37,NO_VERIFIED_CATALYST|RISK_TOO_SMALL,175.25,19704689.0,2.8161285991143914,
radar:2026-09-08:1430,2026-09-08T14:30:00-04:00,COMPLETED,2,AMD,OK,0.0,20.0,7.72,15.0,15.0,10.0,67.72,56.96,NO_VERIFIED_CATALYST|RISK_TOO_SMALL,507.68,19721442.0,1.4646629806257758,
radar:2026-09-08:1430,2026-09-08T14:30:00-04:00,COMPLETED,3,INTC,OK,0.0,20.0,7.21,15.0,15.0,10.0,67.21,56.28,NO_VERIFIED_CATALYST|QUALITY_OR_LANE_BLOCKED,104.92,105495853.0,1.4013131199151223,
radar:2026-09-08:1430,2026-09-08T14:30:00-04:00,COMPLETED,4,TSLA,OK,0.0,16.52,6.46,15.0,15.0,10.0,62.98,50.64,NO_VERIFIED_CATALYST|SCORE_BELOW_PLAN_THRESHOLD,365.475,38160627.0,1.3073029509825056,
radar:2026-09-08:1430,2026-09-08T14:30:00-04:00,COMPLETED,5,SNDK,OK,0.0,19.31,2.58,15.0,15.0,10.0,61.89,49.18,NO_VERIFIED_CATALYST|SCORE_BELOW_PLAN_THRESHOLD,1796.08,8407482.0,0.8227382402958988,
radar:2026-09-08:1430,2026-09-08T14:30:00-04:00,COMPLETED,6,AVGO,OK,0.0,15.94,4.04,15.0,15.0,10.0,59.98,46.64,NO_VERIFIED_CATALYST,369.3,18127652.0,1.0048321823861561,
radar:2026-09-08:1430,2026-09-08T14:30:00-04:00,COMPLETED,7,ORCL,OK,0.0,10.37,8.99,15.0,15.0,10.0,59.35,45.8,NO_VERIFIED_CATALYST,162.307,28370738.0,1.6233561378608228,
radar:2026-09-08:1430,2026-09-08T14:30:00-04:00,COMPLETED,8,AMAT,OK,0.0,18.15,0.69,15.0,15.0,10.0,58.83,45.11,NO_VERIFIED_CATALYST,470.29,3353129.0,0.5858197446501959,
radar:2026-09-08:1430,2026-09-08T14:30:00-04:00,COMPLETED,9,DELL,OK,0.0,14.29,1.47,15.0,15.0,10.0,55.75,41.01,NO_VERIFIED_CATALYST,533.45,4371430.0,0.6831264330087506,
radar:2026-09-08:1430,2026-09-08T14:30:00-04:00,COMPLETED,10,REMX,OK,0.0,9.46,4.55,15.0,15.0,10.0,54.01,38.68,NO_VERIFIED_CATALYST,76.965,464022.0,1.0689265274163262,
radar:2026-09-08:1430,2026-09-08T14:30:00-04:00,COMPLETED,11,MRVL,OK,0.0,11.71,2.15,15.0,15.0,10.0,53.86,38.48,NO_VERIFIED_CATALYST,228.6,14468433.0,0.7687880570002145,
radar:2026-09-08:1430,2026-09-08T14:30:00-04:00,COMPLETED,12,NOC,OK,0.0,5.12,5.77,10.67,15.0,10.0,46.57,28.75,NO_VERIFIED_CATALYST,519.845,636190.0,1.2216686276554456,
radar:2026-09-08:1430,2026-09-08T14:30:00-04:00,COMPLETED,13,XLE,OK,0.0,6.0,3.13,12.35,15.0,10.0,46.48,28.64,NO_VERIFIED_CATALYST,64.845,17610423.0,0.8910899893110459,
radar:2026-09-08:1430,2026-09-08T14:30:00-04:00,COMPLETED,14,ALAB,OK,0.0,14.0,7.0,0.0,15.0,10.0,46.0,28.0,NO_VERIFIED_CATALYST|RELATIVE_STRENGTH_NEGATIVE,296.64,3583640.0,1.3747186043194781,
radar:2026-09-08:1430,2026-09-08T14:30:00-04:00,COMPLETED,15,UBER,OK,0.0,14.0,5.81,0.0,15.0,10.0,44.81,26.41,NO_VERIFIED_CATALYST|RELATIVE_STRENGTH_NEGATIVE,73.285,14589610.0,1.2259175484292604,
radar:2026-09-08:1430,2026-09-08T14:30:00-04:00,COMPLETED,16,XAR,OK,0.0,6.43,1.1,10.01,15.0,10.0,42.53,23.38,NO_VERIFIED_CATALYST,255.03,102636.0,0.6373218411413877,
radar:2026-09-08:1430,2026-09-08T14:30:00-04:00,COMPLETED,17,ADBE,OK,0.0,14.0,3.2,0.0,15.0,10.0,42.2,22.93,NO_VERIFIED_CATALYST|RELATIVE_STRENGTH_NEGATIVE,257.205,2989482.0,0.8998325446407811,
radar:2026-09-08:1430,2026-09-08T14:30:00-04:00,COMPLETED,18,ABNB,OK,0.0,14.0,3.03,0.0,15.0,10.0,42.03,22.71,NO_VERIFIED_CATALYST|RELATIVE_STRENGTH_NEGATIVE,175.33,3470955.0,0.878760261859018,
radar:2026-09-08:1430,2026-09-08T14:30:00-04:00,COMPLETED,19,CVX,OK,0.0,4.54,1.46,10.84,15.0,10.0,41.84,22.46,NO_VERIFIED_CATALYST,210.63,4090558.0,0.682372340689702,
radar:2026-09-08:1430,2026-09-08T14:30:00-04:00,COMPLETED,20,DASH,OK,0.0,14.16,2.65,0.0,15.0,10.0,41.82,22.42,NO_VERIFIED_CATALYST|RELATIVE_STRENGTH_NEGATIVE,201.752,2632521.0,0.8316917018917456,
radar:2026-09-08:1430,2026-09-08T14:30:00-04:00,COMPLETED,21,ONDS,OK,0.0,4.59,0.62,10.91,15.0,10.0,41.12,21.5,NO_VERIFIED_CATALYST,7.695,31496536.0,0.5779554787386132,
radar:2026-09-08:1430,2026-09-08T14:30:00-04:00,COMPLETED,22,SNPS,OK,0.0,3.53,2.66,9.54,15.0,10.0,40.74,20.98,NO_VERIFIED_CATALYST,396.82,1124125.0,0.8330868900290743,
radar:2026-09-08:1430,2026-09-08T14:30:00-04:00,COMPLETED,23,NOW,OK,0.0,14.0,1.3,0.0,15.0,10.0,40.3,20.4,NO_VERIFIED_CATALYST|RELATIVE_STRENGTH_NEGATIVE,133.37,8934508.0,0.6623438641578203,
radar:2026-09-08:1430,2026-09-08T14:30:00-04:00,COMPLETED,24,PYPL,OK,0.0,14.0,0.85,0.0,15.0,10.0,39.85,19.81,NO_VERIFIED_CATALYST|RELATIVE_STRENGTH_NEGATIVE,53.25,5815577.0,0.6067525535449569,
radar:2026-09-08:1430,2026-09-08T14:30:00-04:00,COMPLETED,25,MSTR,OK,0.0,14.0,0.77,0.0,15.0,10.0,39.77,19.69,NO_VERIFIED_CATALYST|RELATIVE_STRENGTH_NEGATIVE,137.53,12735286.0,0.5959169537459068,
radar:2026-09-08:1430,2026-09-08T14:30:00-04:00,COMPLETED,26,CDNS,OK,0.0,9.09,5.09,0.0,15.0,10.0,39.18,18.91,NO_VERIFIED_CATALYST|RELATIVE_STRENGTH_NEGATIVE,287.0,1962934.0,1.1367795948762478,
radar:2026-09-08:1430,2026-09-08T14:30:00-04:00,COMPLETED,27,NFLX,OK,0.0,10.53,3.64,0.0,15.0,10.0,39.17,18.89,NO_VERIFIED_CATALYST|RELATIVE_STRENGTH_NEGATIVE,76.755,20588889.0,0.9545791874427693,
radar:2026-09-08:1430,2026-09-08T14:30:00-04:00,COMPLETED,28,WDAY,OK,0.0,14.0,0.0,0.0,15.0,10.0,39.0,18.67,NO_VERIFIED_CATALYST|RELATIVE_STRENGTH_NEGATIVE,185.785,1523189.0,0.3969611499697977,
radar:2026-09-08:1430,2026-09-08T14:30:00-04:00,COMPLETED,29,EBAY,OK,0.0,7.8,2.97,2.69,15.0,10.0,38.46,17.94,NO_VERIFIED_CATALYST|RELATIVE_STRENGTH_NEGATIVE,103.012,2775551.0,0.8709599599323955,
radar:2026-09-08:1430,2026-09-08T14:30:00-04:00,COMPLETED,30,IBIT,OK,0.0,10.22,1.77,0.0,15.0,10.0,37.0,15.99,NO_VERIFIED_CATALYST|RELATIVE_STRENGTH_NEGATIVE,44.555,32926242.0,0.7217473288158613,
radar:2026-09-08:1430,2026-09-08T14:30:00-04:00,COMPLETED,31,NVDA,OK,0.0,8.7,2.4,0.0,15.0,10.0,36.1,14.8,NO_VERIFIED_CATALYST|RELATIVE_STRENGTH_NEGATIVE,226.065,79278469.0,0.7995495170368372,
radar:2026-09-08:1430,2026-09-08T14:30:00-04:00,COMPLETED,32,HOOD,OK,0.0,6.08,4.83,0.0,15.0,10.0,35.91,14.54,NO_VERIFIED_CATALYST|RELATIVE_STRENGTH_NEGATIVE,120.52,17646374.0,1.1040066526793477,
radar:2026-09-08:1430,2026-09-08T14:30:00-04:00,COMPLETED,33,COIN,OK,0.0,10.63,0.0,0.0,15.0,10.0,35.63,14.17,NO_VERIFIED_CATALYST|RELATIVE_STRENGTH_NEGATIVE,180.75,3583935.0,0.4692636750922923,
radar:2026-09-08:1430,2026-09-08T14:30:00-04:00,COMPLETED,34,MRNA,OK,0.0,10.61,0.0,0.0,15.0,10.0,35.61,14.15,NO_VERIFIED_CATALYST|RELATIVE_STRENGTH_NEGATIVE,142.24,6877543.0,0.2671274180941269,
radar:2026-09-08:1430,2026-09-08T14:30:00-04:00,COMPLETED,35,BAC,OK,0.0,3.59,0.79,6.15,15.0,10.0,35.53,14.04,NO_VERIFIED_CATALYST,62.8,13378992.0,0.5985521076683532,
radar:2026-09-08:1430,2026-09-08T14:30:00-04:00,COMPLETED,36,GOOGL,OK,0.0,3.3,2.58,4.35,15.0,10.0,35.23,13.64,NO_VERIFIED_CATALYST,338.09,14079399.0,0.8227923090937687,
radar:2026-09-08:1430,2026-09-08T14:30:00-04:00,COMPLETED,37,MS,OK,0.0,3.46,0.0,6.1,15.0,10.0,34.56,12.75,NO_VERIFIED_CATALYST,218.12,1358362.0,0.4661665378983456,
radar:2026-09-08:1430,2026-09-08T14:30:00-04:00,COMPLETED,38,QQQ,OK,0.0,0.91,2.3,5.65,15.0,10.0,33.86,11.82,NO_VERIFIED_CATALYST,719.74,18639177.0,0.7870352152375851,
radar:2026-09-08:1430,2026-09-08T14:30:00-04:00,COMPLETED,39,PLTR,OK,0.0,8.38,0.35,0.0,15.0,10.0,33.73,11.64,NO_VERIFIED_CATALYST|RELATIVE_STRENGTH_NEGATIVE,171.2,13881467.0,0.5443322395139303,
radar:2026-09-08:1430,2026-09-08T14:30:00-04:00,COMPLETED,40,MU,OK,0.0,0.04,3.23,5.06,15.0,10.0,33.33,11.11,NO_VERIFIED_CATALYST,1016.685,19261874.0,0.9039646959410281,
radar:2026-09-08:1430,2026-09-08T14:30:00-04:00,COMPLETED,41,V,OK,0.0,7.46,0.04,0.0,15.0,10.0,32.5,10.0,NO_VERIFIED_CATALYST|RELATIVE_STRENGTH_NEGATIVE,369.075,2573894.0,0.5053818702948475,
radar:2026-09-08:1430,2026-09-08T14:30:00-04:00,COMPLETED,42,MSFT,OK,0.0,7.22,0.0,0.0,15.0,10.0,32.22,9.63,NO_VERIFIED_CATALYST|RELATIVE_STRENGTH_NEGATIVE,491.97,8545887.0,0.4831030816277954,
radar:2026-09-08:1430,2026-09-08T14:30:00-04:00,COMPLETED,43,GE,OK,0.0,0.33,1.17,5.43,15.0,10.0,31.93,9.25,NO_VERIFIED_CATALYST,337.36,1742345.0,0.6466500165612858,
radar:2026-09-08:1430,2026-09-08T14:30:00-04:00,COMPLETED,44,LHX,OK,0.0,2.6,1.5,2.77,15.0,10.0,31.87,9.16,NO_VERIFIED_CATALYST|RELATIVE_STRENGTH_NEGATIVE,255.495,838808.0,0.6879863614158115,
radar:2026-09-08:1430,2026-09-08T14:30:00-04:00,COMPLETED,45,AMZN,OK,0.0,4.11,0.97,1.71,15.0,10.0,31.78,9.05,NO_VERIFIED_CATALYST|RELATIVE_STRENGTH_NEGATIVE,257.09,15619306.0,0.6210118684367488,
radar:2026-09-08:1430,2026-09-08T14:30:00-04:00,COMPLETED,46,BA,OK,0.0,1.11,2.05,3.57,15.0,10.0,31.74,8.98,NO_VERIFIED_CATALYST,211.745,2852069.0,0.7566782390467722,
radar:2026-09-08:1430,2026-09-08T14:30:00-04:00,COMPLETED,47,SPY,OK,0.0,1.59,1.88,3.0,15.0,10.0,31.47,8.62,NO_VERIFIED_CATALYST,767.62,20524665.0,0.7346157300973114,
radar:2026-09-08:1430,2026-09-08T14:30:00-04:00,COMPLETED,48,ITA,OK,0.0,1.41,1.77,3.19,15.0,10.0,31.37,8.49,NO_VERIFIED_CATALYST,224.93,314456.0,0.72093526605909,
radar:2026-09-08:1430,2026-09-08T14:30:00-04:00,COMPLETED,49,GS,OK,0.0,1.3,0.0,4.79,15.0,10.0,31.09,8.12,NO_VERIFIED_CATALYST,1038.24,517544.0,0.37124209329667895,
radar:2026-09-08:1430,2026-09-08T14:30:00-04:00,COMPLETED,50,AAPL,OK,0.0,5.21,0.86,0.0,15.0,10.0,31.07,8.09,NO_VERIFIED_CATALYST|RELATIVE_STRENGTH_NEGATIVE,316.395,18511727.0,0.6068933482884463,
radar:2026-09-08:1430,2026-09-08T14:30:00-04:00,COMPLETED,51,META,OK,0.0,0.13,0.99,4.84,15.0,10.0,30.95,7.94,NO_VERIFIED_CATALYST,616.6,7678114.0,0.6236725512946251,
radar:2026-09-08:1430,2026-09-08T14:30:00-04:00,COMPLETED,52,GLTR,OK,0.0,2.81,0.85,1.94,15.0,10.0,30.6,7.46,NO_VERIFIED_CATALYST|RELATIVE_STRENGTH_NEGATIVE,200.48,27626.0,0.6064970536671642,
radar:2026-09-08:1430,2026-09-08T14:30:00-04:00,COMPLETED,53,VOO,OK,0.0,1.57,0.77,2.98,15.0,10.0,30.32,7.1,NO_VERIFIED_CATALYST|RELATIVE_STRENGTH_NEGATIVE,705.625,3032788.0,0.5964320946723501,
radar:2026-09-08:1430,2026-09-08T14:30:00-04:00,COMPLETED,54,WMT,OK,0.0,5.21,0.0,0.0,15.0,10.0,30.21,6.94,NO_VERIFIED_CATALYST|RELATIVE_STRENGTH_NEGATIVE,105.945,10672272.0,0.49679622565427706,
radar:2026-09-08:1430,2026-09-08T14:30:00-04:00,COMPLETED,55,TXN,OK,0.0,1.46,0.5,3.12,15.0,10.0,30.09,6.78,NO_VERIFIED_CATALYST,257.63,2329586.0,0.5626019418150802,
radar:2026-09-08:1430,2026-09-08T14:30:00-04:00,COMPLETED,56,PG,OK,0.0,4.74,0.0,0.0,15.0,10.0,29.74,6.32,NO_VERIFIED_CATALYST|RELATIVE_STRENGTH_NEGATIVE,145.02,2897034.0,0.42495189040923176,
radar:2026-09-08:1430,2026-09-08T14:30:00-04:00,COMPLETED,57,CSCO,OK,0.0,1.75,0.0,2.75,15.0,10.0,29.5,6.0,NO_VERIFIED_CATALYST|RELATIVE_STRENGTH_NEGATIVE,108.79,6200959.0,0.41239795468967966,
radar:2026-09-08:1430,2026-09-08T14:30:00-04:00,COMPLETED,58,JPM,OK,0.0,3.89,0.54,0.0,15.0,10.0,29.43,5.9,NO_VERIFIED_CATALYST|RELATIVE_STRENGTH_NEGATIVE,355.65,2380184.0,0.5670618578247467,
radar:2026-09-08:1430,2026-09-08T14:30:00-04:00,COMPLETED,59,IBKR,OK,0.0,4.27,0.0,0.0,15.0,10.0,29.27,5.69,NO_VERIFIED_CATALYST|RELATIVE_STRENGTH_NEGATIVE,91.773,1153518.0,0.386024032058052,
radar:2026-09-08:1430,2026-09-08T14:30:00-04:00,COMPLETED,60,DIS,OK,0.0,3.86,0.31,0.03,15.0,10.0,29.21,5.61,NO_VERIFIED_CATALYST|RELATIVE_STRENGTH_NEGATIVE,104.438,3144477.0,0.5385452204364286,
radar:2026-09-08:1440,2026-09-08T14:40:00-04:00,COMPLETED,1,QCOM,OK,0.0,14.0,18.05,15.0,15.0,10.0,72.05,62.73,NO_VERIFIED_CATALYST|RISK_TOO_SMALL,175.209,19925557.0,2.755835805854608,
radar:2026-09-08:1440,2026-09-08T14:40:00-04:00,COMPLETED,2,AMD,OK,0.0,20.0,7.48,15.0,15.0,10.0,67.48,56.64,NO_VERIFIED_CATALYST|RISK_TOO_SMALL,507.74,19964129.0,1.4348594929431602,
radar:2026-09-08:1440,2026-09-08T14:40:00-04:00,COMPLETED,3,INTC,OK,0.0,20.0,7.09,15.0,15.0,10.0,67.09,56.13,NO_VERIFIED_CATALYST|QUALITY_OR_LANE_BLOCKED,104.925,107884079.0,1.3868105223216483,
radar:2026-09-08:1440,2026-09-08T14:40:00-04:00,COMPLETED,4,TSLA,OK,0.0,17.57,6.25,15.0,15.0,10.0,63.82,51.76,NO_VERIFIED_CATALYST|SCORE_BELOW_PLAN_THRESHOLD,366.13,38642183.0,1.2810980268735006,
radar:2026-09-08:1440,2026-09-08T14:40:00-04:00,COMPLETED,5,SNDK,OK,0.0,20.0,2.49,15.0,15.0,10.0,62.49,49.98,NO_VERIFIED_CATALYST|SCORE_BELOW_PLAN_THRESHOLD,1799.02,8560111.0,0.8106532034442651,
radar:2026-09-08:1440,2026-09-08T14:40:00-04:00,COMPLETED,6,AVGO,OK,0.0,15.72,3.89,15.0,15.0,10.0,59.6,46.14,NO_VERIFIED_CATALYST,369.18,18378813.0,0.9858921515023663,
radar:2026-09-08:1440,2026-09-08T14:40:00-04:00,COMPLETED,7,AMAT,OK,0.0,18.54,0.6,15.0,15.0,10.0,59.15,45.53,NO_VERIFIED_CATALYST,470.65,3403646.0,0.5754639171767425,
radar:2026-09-08:1440,2026-09-08T14:40:00-04:00,COMPLETED,8,DELL,OK,0.0,16.92,1.52,15.0,15.0,10.0,58.44,44.58,LIQUIDITY_WEAK|NO_VERIFIED_CATALYST,536.4,4562443.0,0.6899775867496841,
radar:2026-09-08:1440,2026-09-08T14:40:00-04:00,COMPLETED,9,ORCL,OK,0.0,8.59,8.76,15.0,15.0,10.0,57.36,43.14,NO_VERIFIED_CATALYST,161.704,28813313.0,1.595498282310131,
radar:2026-09-08:1440,2026-09-08T14:40:00-04:00,COMPLETED,10,MRVL,OK,0.0,12.6,1.99,15.0,15.0,10.0,54.59,39.45,NO_VERIFIED_CATALYST,228.79,14565480.0,0.7489794489971768,
radar:2026-09-08:1440,2026-09-08T14:40:00-04:00,COMPLETED,11,REMX,OK,0.0,8.67,4.45,15.0,15.0,10.0,53.12,37.49,NO_VERIFIED_CATALYST,76.91,473874.0,1.056409101111673,
radar:2026-09-08:1440,2026-09-08T14:40:00-04:00,COMPLETED,12,ALAB,OK,0.0,14.0,6.92,0.0,15.0,10.0,45.92,27.89,LIQUIDITY_WEAK|NO_VERIFIED_CATALYST|RELATIVE_STRENGTH_NEGATIVE,295.19,3676333.0,1.3647850197926852,
radar:2026-09-08:1440,2026-09-08T14:40:00-04:00,COMPLETED,13,XLE,OK,0.0,5.06,3.07,11.88,15.0,10.0,45.01,26.68,NO_VERIFIED_CATALYST,64.755,18041051.0,0.8834329244631945,
radar:2026-09-08:1440,2026-09-08T14:40:00-04:00,COMPLETED,14,UBER,OK,0.0,14.0,5.64,0.0,15.0,10.0,44.64,26.18,NO_VERIFIED_CATALYST|RELATIVE_STRENGTH_NEGATIVE,73.188,14812644.0,1.2045092348895274,
radar:2026-09-08:1440,2026-09-08T14:40:00-04:00,COMPLETED,15,NOC,OK,0.0,3.68,5.65,10.1,15.0,10.0,44.43,25.9,NO_VERIFIED_CATALYST,519.04,649122.0,1.2062932042043863,
radar:2026-09-08:1440,2026-09-08T14:40:00-04:00,COMPLETED,16,ADBE,OK,0.0,14.0,3.5,0.0,15.0,10.0,42.5,23.34,NO_VERIFIED_CATALYST|RELATIVE_STRENGTH_NEGATIVE,256.17,3220054.0,0.9379698487653263,
radar:2026-09-08:1440,2026-09-08T14:40:00-04:00,COMPLETED,17,ABNB,OK,0.0,14.0,2.93,0.0,15.0,10.0,41.93,22.57,NO_VERIFIED_CATALYST|RELATIVE_STRENGTH_NEGATIVE,175.375,3533850.0,0.8658237754035141,
radar:2026-09-08:1440,2026-09-08T14:40:00-04:00,COMPLETED,18,DASH,OK,0.0,14.0,2.61,0.0,15.0,10.0,41.61,22.14,NO_VERIFIED_CATALYST|RELATIVE_STRENGTH_NEGATIVE,201.06,2701032.0,0.8258101628099801,
radar:2026-09-08:1440,2026-09-08T14:40:00-04:00,COMPLETED,19,XAR,OK,0.0,5.49,1.05,9.88,15.0,10.0,41.42,21.89,NO_VERIFIED_CATALYST,254.82,105083.0,0.6314682461153911,
radar:2026-09-08:1440,2026-09-08T14:40:00-04:00,COMPLETED,20,SNPS,OK,0.0,3.31,2.68,9.62,15.0,10.0,40.61,20.81,NO_VERIFIED_CATALYST,396.63,1164489.0,0.8351626312709787,
radar:2026-09-08:1440,2026-09-08T14:40:00-04:00,COMPLETED,21,CVX,OK,0.0,3.83,1.39,10.29,15.0,10.0,40.51,20.68,NO_VERIFIED_CATALYST,210.31,4177260.0,0.6743577251232855,
radar:2026-09-08:1440,2026-09-08T14:40:00-04:00,COMPLETED,22,NOW,OK,0.0,14.0,1.35,0.0,15.0,10.0,40.35,20.46,NO_VERIFIED_CATALYST|RELATIVE_STRENGTH_NEGATIVE,132.74,9314616.0,0.6682482046890226,
radar:2026-09-08:1440,2026-09-08T14:40:00-04:00,COMPLETED,23,PYPL,OK,0.0,14.0,0.78,0.0,15.0,10.0,39.78,19.71,NO_VERIFIED_CATALYST|RELATIVE_STRENGTH_NEGATIVE,53.245,5920516.0,0.5977758026462178,
radar:2026-09-08:1440,2026-09-08T14:40:00-04:00,COMPLETED,24,MSTR,OK,0.0,14.0,0.7,0.0,15.0,10.0,39.7,19.6,NO_VERIFIED_CATALYST|RELATIVE_STRENGTH_NEGATIVE,137.015,12970483.0,0.5873448393536937,
radar:2026-09-08:1440,2026-09-08T14:40:00-04:00,COMPLETED,25,ONDS,OK,0.0,3.67,0.53,10.09,15.0,10.0,39.3,19.06,NO_VERIFIED_CATALYST,7.68,31882871.0,0.5661727776910175,
radar:2026-09-08:1440,2026-09-08T14:40:00-04:00,COMPLETED,26,HOOD,OK,0.0,9.4,4.8,0.0,15.0,10.0,39.2,18.93,LIQUIDITY_WEAK|NO_VERIFIED_CATALYST|RELATIVE_STRENGTH_NEGATIVE,119.65,18166507.0,1.0998858405102243,
radar:2026-09-08:1440,2026-09-08T14:40:00-04:00,COMPLETED,27,WDAY,OK,0.0,14.0,0.0,0.0,15.0,10.0,39.0,18.67,NO_VERIFIED_CATALYST|RELATIVE_STRENGTH_NEGATIVE,185.12,1566118.0,0.3949832337872501,
radar:2026-09-08:1440,2026-09-08T14:40:00-04:00,COMPLETED,28,NFLX,OK,0.0,10.42,3.51,0.0,15.0,10.0,38.93,18.58,NO_VERIFIED_CATALYST|RELATIVE_STRENGTH_NEGATIVE,76.705,20931145.0,0.9391436037725801,
radar:2026-09-08:1440,2026-09-08T14:40:00-04:00,COMPLETED,29,EBAY,OK,0.0,8.39,3.0,2.29,15.0,10.0,38.68,18.24,NO_VERIFIED_CATALYST|RELATIVE_STRENGTH_NEGATIVE,102.88,2880360.0,0.8746931370353284,
radar:2026-09-08:1440,2026-09-08T14:40:00-04:00,COMPLETED,30,CDNS,OK,0.0,8.35,5.21,0.0,15.0,10.0,38.55,18.07,NO_VERIFIED_CATALYST|RELATIVE_STRENGTH_NEGATIVE,287.465,2053676.0,1.1509659333109585,
radar:2026-09-08:1440,2026-09-08T14:40:00-04:00,COMPLETED,31,IBIT,OK,0.0,9.94,1.67,0.0,15.0,10.0,36.61,15.48,NO_VERIFIED_CATALYST|RELATIVE_STRENGTH_NEGATIVE,44.48,33408099.0,0.7086874680272062,
radar:2026-09-08:1440,2026-09-08T14:40:00-04:00,COMPLETED,32,COIN,OK,0.0,11.58,0.0,0.0,15.0,10.0,36.58,15.43,NO_VERIFIED_CATALYST|RELATIVE_STRENGTH_NEGATIVE,180.06,3634626.0,0.4605497083948655,
radar:2026-09-08:1440,2026-09-08T14:40:00-04:00,COMPLETED,33,MRNA,OK,0.0,11.08,0.0,0.0,15.0,10.0,36.08,14.77,NO_VERIFIED_CATALYST|RELATIVE_STRENGTH_NEGATIVE,142.095,6982036.0,0.2624382937757492,
radar:2026-09-08:1440,2026-09-08T14:40:00-04:00,COMPLETED,34,NVDA,OK,0.0,8.63,2.31,0.0,15.0,10.0,35.94,14.59,NO_VERIFIED_CATALYST|RELATIVE_STRENGTH_NEGATIVE,226.1,80869923.0,0.7892909258916095,
radar:2026-09-08:1440,2026-09-08T14:40:00-04:00,COMPLETED,35,GOOGL,OK,0.0,3.16,2.46,4.26,15.0,10.0,34.88,13.17,NO_VERIFIED_CATALYST,337.835,14281346.0,0.8076723541311847,
radar:2026-09-08:1440,2026-09-08T14:40:00-04:00,COMPLETED,36,PLTR,OK,0.0,9.26,0.32,0.0,15.0,10.0,34.58,12.77,NO_VERIFIED_CATALYST|RELATIVE_STRENGTH_NEGATIVE,170.87,14213814.0,0.5393855281351484,
radar:2026-09-08:1440,2026-09-08T14:40:00-04:00,COMPLETED,37,QQQ,OK,0.0,0.51,2.37,5.8,15.0,10.0,33.68,11.57,NO_VERIFIED_CATALYST,719.48,19474930.0,0.7957988504922394,
radar:2026-09-08:1440,2026-09-08T14:40:00-04:00,COMPLETED,38,MU,OK,0.0,0.1,3.1,5.24,15.0,10.0,33.44,11.26,NO_VERIFIED_CATALYST,1016.374,19551011.0,0.8879369354513674,
radar:2026-09-08:1440,2026-09-08T14:40:00-04:00,COMPLETED,39,BAC,OK,0.0,1.67,0.75,5.46,15.0,10.0,32.88,10.51,NO_VERIFIED_CATALYST,62.69,13714692.0,0.5937786785359664,
radar:2026-09-08:1440,2026-09-08T14:40:00-04:00,COMPLETED,40,MSFT,OK,0.0,7.74,0.0,0.0,15.0,10.0,32.74,10.32,NO_VERIFIED_CATALYST|RELATIVE_STRENGTH_NEGATIVE,491.415,8696296.0,0.47574797140030733,
radar:2026-09-08:1440,2026-09-08T14:40:00-04:00,COMPLETED,41,V,OK,0.0,7.66,0.01,0.0,15.0,10.0,32.67,10.22,NO_VERIFIED_CATALYST|RELATIVE_STRENGTH_NEGATIVE,368.917,2639399.0,0.5015266533350929,
radar:2026-09-08:1440,2026-09-08T14:40:00-04:00,COMPLETED,42,LHX,OK,0.0,2.58,1.53,3.17,15.0,10.0,32.27,9.7,NO_VERIFIED_CATALYST,255.51,870285.0,0.6907783742874156,
radar:2026-09-08:1440,2026-09-08T14:40:00-04:00,COMPLETED,43,BA,OK,0.0,1.32,1.98,3.67,15.0,10.0,31.97,9.29,NO_VERIFIED_CATALYST,211.65,2909600.0,0.7470410620702331,
radar:2026-09-08:1440,2026-09-08T14:40:00-04:00,COMPLETED,44,AAPL,OK,0.0,6.07,0.87,0.0,15.0,10.0,31.94,9.25,NO_VERIFIED_CATALYST|RELATIVE_STRENGTH_NEGATIVE,315.81,19179702.0,0.6085093635689011,
radar:2026-09-08:1440,2026-09-08T14:40:00-04:00,COMPLETED,45,GE,OK,0.0,0.16,1.14,5.57,15.0,10.0,31.87,9.16,NO_VERIFIED_CATALYST,337.235,1787797.0,0.6421157365992711,
radar:2026-09-08:1440,2026-09-08T14:40:00-04:00,COMPLETED,46,MS,OK,0.0,1.47,0.0,5.4,15.0,10.0,31.87,9.15,NO_VERIFIED_CATALYST,217.73,1409975.0,0.46827066738163403,
radar:2026-09-08:1440,2026-09-08T14:40:00-04:00,COMPLETED,47,SPY,OK,0.0,1.84,1.8,3.0,15.0,10.0,31.64,8.85,NO_VERIFIED_CATALYST,767.15,20927830.0,0.7248836674340495,
radar:2026-09-08:1440,2026-09-08T14:40:00-04:00,COMPLETED,48,ITA,OK,0.0,1.64,1.7,3.25,15.0,10.0,31.6,8.8,NO_VERIFIED_CATALYST,224.815,321123.0,0.7124719434295578,
radar:2026-09-08:1440,2026-09-08T14:40:00-04:00,COMPLETED,49,AMZN,OK,0.0,3.99,0.89,1.65,15.0,10.0,31.53,8.71,NO_VERIFIED_CATALYST|RELATIVE_STRENGTH_NEGATIVE,256.91,15892380.0,0.611486787314413,
radar:2026-09-08:1440,2026-09-08T14:40:00-04:00,COMPLETED,50,IBKR,OK,0.0,6.15,0.0,0.0,15.0,10.0,31.15,8.2,NO_VERIFIED_CATALYST|RELATIVE_STRENGTH_NEGATIVE,91.4,1185850.0,0.38404285926954007,
radar:2026-09-08:1440,2026-09-08T14:40:00-04:00,COMPLETED,51,META,OK,0.0,0.93,0.96,4.17,15.0,10.0,31.06,8.09,NO_VERIFIED_CATALYST,615.535,7892311.0,0.6203920654728283,
radar:2026-09-08:1440,2026-09-08T14:40:00-04:00,COMPLETED,52,VOO,OK,0.0,1.83,0.69,3.02,15.0,10.0,30.54,7.38,NO_VERIFIED_CATALYST,705.24,3081225.0,0.5864113059283098,
radar:2026-09-08:1440,2026-09-08T14:40:00-04:00,COMPLETED,53,TXN,OK,0.0,1.52,0.48,3.42,15.0,10.0,30.42,7.22,NO_VERIFIED_CATALYST,257.6,2397642.0,0.5603595610590832,
radar:2026-09-08:1440,2026-09-08T14:40:00-04:00,COMPLETED,54,GLTR,OK,0.0,3.01,0.79,1.5,15.0,10.0,30.3,7.06,NO_VERIFIED_CATALYST|RELATIVE_STRENGTH_NEGATIVE,200.21,28168.0,0.5984483441864834,
radar:2026-09-08:1440,2026-09-08T14:40:00-04:00,COMPLETED,55,GS,OK,0.0,1.07,0.0,4.21,15.0,10.0,30.28,7.04,NO_VERIFIED_CATALYST,1036.61,530756.0,0.3684383399267364,
radar:2026-09-08:1440,2026-09-08T14:40:00-04:00,COMPLETED,56,WMT,OK,0.0,5.21,0.0,0.0,15.0,10.0,30.21,6.94,NO_VERIFIED_CATALYST|RELATIVE_STRENGTH_NEGATIVE,105.945,10842103.0,0.4884216435732249,
radar:2026-09-08:1440,2026-09-08T14:40:00-04:00,COMPLETED,57,CSCO,OK,0.0,0.9,0.0,4.21,15.0,10.0,30.11,6.82,NO_VERIFIED_CATALYST,108.99,6544800.0,0.42122485764389966,
radar:2026-09-08:1440,2026-09-08T14:40:00-04:00,COMPLETED,58,JPM,OK,0.0,4.46,0.49,0.0,15.0,10.0,29.95,6.61,NO_VERIFIED_CATALYST|RELATIVE_STRENGTH_NEGATIVE,355.21,2434674.0,0.5613331524959216,
radar:2026-09-08:1440,2026-09-08T14:40:00-04:00,COMPLETED,59,PG,OK,0.0,4.78,0.0,0.0,15.0,10.0,29.78,6.37,NO_VERIFIED_CATALYST|RELATIVE_STRENGTH_NEGATIVE,145.07,2969047.0,0.42146665030111774,
radar:2026-09-08:1440,2026-09-08T14:40:00-04:00,COMPLETED,60,DIS,OK,0.0,4.08,0.26,0.13,15.0,10.0,29.46,5.95,NO_VERIFIED_CATALYST|RELATIVE_STRENGTH_NEGATIVE,104.39,3211474.0,0.5322775306669594,
radar:2026-09-08:1450,2026-09-08T14:50:00-04:00,DATA_UNAVAILABLE,,NVDA,MISSING,,,,,,,,,PRICE_CROSS_CHECK_FAILED,,,,
radar:2026-09-08:1450,2026-09-08T14:50:00-04:00,DATA_UNAVAILABLE,,AVGO,MISSING,,,,,,,,,PRICE_CROSS_CHECK_FAILED,,,,
radar:2026-09-08:1450,2026-09-08T14:50:00-04:00,DATA_UNAVAILABLE,,DELL,MISSING,,,,,,,,,PRICE_CROSS_CHECK_FAILED,,,,
radar:2026-09-08:1450,2026-09-08T14:50:00-04:00,DATA_UNAVAILABLE,,AAPL,MISSING,,,,,,,,,PRICE_CROSS_CHECK_FAILED,,,,
radar:2026-09-08:1450,2026-09-08T14:50:00-04:00,DATA_UNAVAILABLE,,TXN,MISSING,,,,,,,,,PRICE_CROSS_CHECK_FAILED,,,,
radar:2026-09-08:1450,2026-09-08T14:50:00-04:00,DATA_UNAVAILABLE,,CDNS,MISSING,,,,,,,,,PRICE_CROSS_CHECK_FAILED,,,,
radar:2026-09-08:1450,2026-09-08T14:50:00-04:00,DATA_UNAVAILABLE,,SNPS,MISSING,,,,,,,,,PRICE_CROSS_CHECK_FAILED,,,,
radar:2026-09-08:1450,2026-09-08T14:50:00-04:00,DATA_UNAVAILABLE,,ORCL,MISSING,,,,,,,,,PRICE_CROSS_CHECK_FAILED,,,,
radar:2026-09-08:1450,2026-09-08T14:50:00-04:00,DATA_UNAVAILABLE,,NOW,MISSING,,,,,,,,,PRICE_CROSS_CHECK_FAILED,,,,
radar:2026-09-08:1450,2026-09-08T14:50:00-04:00,DATA_UNAVAILABLE,,ADBE,MISSING,,,,,,,,,PRICE_CROSS_CHECK_FAILED,,,,
radar:2026-09-08:1450,2026-09-08T14:50:00-04:00,DATA_UNAVAILABLE,,WDAY,MISSING,,,,,,,,,PRICE_CROSS_CHECK_FAILED,,,,
radar:2026-09-08:1450,2026-09-08T14:50:00-04:00,DATA_UNAVAILABLE,,MSFT,MISSING,,,,,,,,,PRICE_CROSS_CHECK_FAILED,,,,
radar:2026-09-08:1450,2026-09-08T14:50:00-04:00,DATA_UNAVAILABLE,,AMZN,MISSING,,,,,,,,,PRICE_CROSS_CHECK_FAILED,,,,
radar:2026-09-08:1450,2026-09-08T14:50:00-04:00,DATA_UNAVAILABLE,,BA,MISSING,,,,,,,,,PRICE_CROSS_CHECK_FAILED,,,,
radar:2026-09-08:1450,2026-09-08T14:50:00-04:00,DATA_UNAVAILABLE,,AMD,MISSING,,,,,,,,,PRICE_CROSS_CHECK_FAILED,,,,
radar:2026-09-08:1450,2026-09-08T14:50:00-04:00,DATA_UNAVAILABLE,,INTC,MISSING,,,,,,,,,PRICE_CROSS_CHECK_FAILED,,,,
radar:2026-09-08:1450,2026-09-08T14:50:00-04:00,DATA_UNAVAILABLE,,MRVL,MISSING,,,,,,,,,PRICE_CROSS_CHECK_FAILED,,,,
radar:2026-09-08:1450,2026-09-08T14:50:00-04:00,DATA_UNAVAILABLE,,MRNA,MISSING,,,,,,,,,PRICE_CROSS_CHECK_FAILED,,,,
radar:2026-09-08:1450,2026-09-08T14:50:00-04:00,DATA_UNAVAILABLE,,SNDK,MISSING,,,,,,,,,PRICE_CROSS_CHECK_FAILED,,,,
radar:2026-09-08:1450,2026-09-08T14:50:00-04:00,DATA_UNAVAILABLE,,GOOGL,MISSING,,,,,,,,,PRICE_CROSS_CHECK_FAILED,,,,
radar:2026-09-08:1450,2026-09-08T14:50:00-04:00,DATA_UNAVAILABLE,,GS,MISSING,,,,,,,,,PRICE_CROSS_CHECK_FAILED,,,,
radar:2026-09-08:1450,2026-09-08T14:50:00-04:00,DATA_UNAVAILABLE,,ABNB,MISSING,,,,,,,,,PRICE_CROSS_CHECK_FAILED,,,,
radar:2026-09-08:1450,2026-09-08T14:50:00-04:00,DATA_UNAVAILABLE,,DASH,MISSING,,,,,,,,,PRICE_CROSS_CHECK_FAILED,,,,
radar:2026-09-08:1450,2026-09-08T14:50:00-04:00,DATA_UNAVAILABLE,,MU,MISSING,,,,,,,,,PRICE_CROSS_CHECK_FAILED,,,,
radar:2026-09-08:1450,2026-09-08T14:50:00-04:00,DATA_UNAVAILABLE,,GE,MISSING,,,,,,,,,PRICE_CROSS_CHECK_FAILED,,,,
radar:2026-09-08:1450,2026-09-08T14:50:00-04:00,DATA_UNAVAILABLE,,JPM,MISSING,,,,,,,,,PRICE_CROSS_CHECK_FAILED,,,,
radar:2026-09-08:1450,2026-09-08T14:50:00-04:00,DATA_UNAVAILABLE,,BAC,MISSING,,,,,,,,,PRICE_CROSS_CHECK_FAILED,,,,
radar:2026-09-08:1450,2026-09-08T14:50:00-04:00,DATA_UNAVAILABLE,,MS,MISSING,,,,,,,,,PRICE_CROSS_CHECK_FAILED,,,,
radar:2026-09-08:1450,2026-09-08T14:50:00-04:00,DATA_UNAVAILABLE,,WMT,MISSING,,,,,,,,,PRICE_CROSS_CHECK_FAILED,,,,
radar:2026-09-08:1450,2026-09-08T14:50:00-04:00,DATA_UNAVAILABLE,,COIN,MISSING,,,,,,,,,PRICE_CROSS_CHECK_FAILED,,,,
radar:2026-09-08:1450,2026-09-08T14:50:00-04:00,DATA_UNAVAILABLE,,HOOD,MISSING,,,,,,,,,PRICE_CROSS_CHECK_FAILED,,,,
radar:2026-09-08:1450,2026-09-08T14:50:00-04:00,DATA_UNAVAILABLE,,PLTR,MISSING,,,,,,,,,PRICE_CROSS_CHECK_FAILED,,,,
radar:2026-09-08:1450,2026-09-08T14:50:00-04:00,DATA_UNAVAILABLE,,MSTR,MISSING,,,,,,,,,PRICE_CROSS_CHECK_FAILED,,,,
radar:2026-09-08:1450,2026-09-08T14:50:00-04:00,DATA_UNAVAILABLE,,META,MISSING,,,,,,,,,PRICE_CROSS_CHECK_FAILED,,,,
radar:2026-09-08:1450,2026-09-08T14:50:00-04:00,DATA_UNAVAILABLE,,NFLX,MISSING,,,,,,,,,PRICE_CROSS_CHECK_FAILED,,,,
radar:2026-09-08:1450,2026-09-08T14:50:00-04:00,DATA_UNAVAILABLE,,UBER,MISSING,,,,,,,,,PRICE_CROSS_CHECK_FAILED,,,,
radar:2026-09-08:1450,2026-09-08T14:50:00-04:00,DATA_UNAVAILABLE,,PYPL,MISSING,,,,,,,,,PRICE_CROSS_CHECK_FAILED,,,,
radar:2026-09-08:1450,2026-09-08T14:50:00-04:00,DATA_UNAVAILABLE,,V,MISSING,,,,,,,,,PRICE_CROSS_CHECK_FAILED,,,,
radar:2026-09-08:1450,2026-09-08T14:50:00-04:00,DATA_UNAVAILABLE,,EBAY,MISSING,,,,,,,,,PRICE_CROSS_CHECK_FAILED,,,,
radar:2026-09-08:1450,2026-09-08T14:50:00-04:00,DATA_UNAVAILABLE,,DIS,MISSING,,,,,,,,,PRICE_CROSS_CHECK_FAILED,,,,
radar:2026-09-08:1450,2026-09-08T14:50:00-04:00,DATA_UNAVAILABLE,,PG,MISSING,,,,,,,,,PRICE_CROSS_CHECK_FAILED,,,,
radar:2026-09-08:1450,2026-09-08T14:50:00-04:00,DATA_UNAVAILABLE,,CVX,MISSING,,,,,,,,,PRICE_CROSS_CHECK_FAILED,,,,
radar:2026-09-08:1450,2026-09-08T14:50:00-04:00,DATA_UNAVAILABLE,,QCOM,MISSING,,,,,,,,,PRICE_CROSS_CHECK_FAILED,,,,
radar:2026-09-08:1450,2026-09-08T14:50:00-04:00,DATA_UNAVAILABLE,,AMAT,MISSING,,,,,,,,,PRICE_CROSS_CHECK_FAILED,,,,
radar:2026-09-08:1450,2026-09-08T14:50:00-04:00,DATA_UNAVAILABLE,,TSLA,MISSING,,,,,,,,,PRICE_CROSS_CHECK_FAILED,,,,
radar:2026-09-08:1450,2026-09-08T14:50:00-04:00,DATA_UNAVAILABLE,,CSCO,MISSING,,,,,,,,,PRICE_CROSS_CHECK_FAILED,,,,
radar:2026-09-08:1450,2026-09-08T14:50:00-04:00,DATA_UNAVAILABLE,,ALAB,MISSING,,,,,,,,,PRICE_CROSS_CHECK_FAILED,,,,
radar:2026-09-08:1450,2026-09-08T14:50:00-04:00,DATA_UNAVAILABLE,,IBKR,MISSING,,,,,,,,,PRICE_CROSS_CHECK_FAILED,,,,
radar:2026-09-08:1450,2026-09-08T14:50:00-04:00,DATA_UNAVAILABLE,,LHX,MISSING,,,,,,,,,PRICE_CROSS_CHECK_FAILED,,,,
radar:2026-09-08:1450,2026-09-08T14:50:00-04:00,DATA_UNAVAILABLE,,NOC,MISSING,,,,,,,,,PRICE_CROSS_CHECK_FAILED,,,,
radar:2026-09-08:1450,2026-09-08T14:50:00-04:00,DATA_UNAVAILABLE,,ONDS,MISSING,,,,,,,,,PRICE_CROSS_CHECK_FAILED,,,,
radar:2026-09-08:1450,2026-09-08T14:50:00-04:00,DATA_UNAVAILABLE,,SPY,MISSING,,,,,,,,,PRICE_CROSS_CHECK_FAILED,,,,
radar:2026-09-08:1450,2026-09-08T14:50:00-04:00,DATA_UNAVAILABLE,,QQQ,MISSING,,,,,,,,,PRICE_CROSS_CHECK_FAILED,,,,
radar:2026-09-08:1450,2026-09-08T14:50:00-04:00,DATA_UNAVAILABLE,,VOO,MISSING,,,,,,,,,PRICE_CROSS_CHECK_FAILED,,,,
radar:2026-09-08:1450,2026-09-08T14:50:00-04:00,DATA_UNAVAILABLE,,IBIT,MISSING,,,,,,,,,PRICE_CROSS_CHECK_FAILED,,,,
radar:2026-09-08:1450,2026-09-08T14:50:00-04:00,DATA_UNAVAILABLE,,XLE,MISSING,,,,,,,,,PRICE_CROSS_CHECK_FAILED,,,,
radar:2026-09-08:1450,2026-09-08T14:50:00-04:00,DATA_UNAVAILABLE,,GLTR,MISSING,,,,,,,,,PRICE_CROSS_CHECK_FAILED,,,,
radar:2026-09-08:1450,2026-09-08T14:50:00-04:00,DATA_UNAVAILABLE,,REMX,MISSING,,,,,,,,,PRICE_CROSS_CHECK_FAILED,,,,
radar:2026-09-08:1450,2026-09-08T14:50:00-04:00,DATA_UNAVAILABLE,,ITA,MISSING,,,,,,,,,PRICE_CROSS_CHECK_FAILED,,,,
radar:2026-09-08:1450,2026-09-08T14:50:00-04:00,DATA_UNAVAILABLE,,XAR,MISSING,,,,,,,,,PRICE_CROSS_CHECK_FAILED,,,,
radar:2026-09-08:1500,2026-09-08T15:00:00-04:00,DATA_UNAVAILABLE,,NVDA,MISSING,,,,,,,,,PRICE_CROSS_CHECK_FAILED,,,,
radar:2026-09-08:1500,2026-09-08T15:00:00-04:00,DATA_UNAVAILABLE,,AVGO,MISSING,,,,,,,,,PRICE_CROSS_CHECK_FAILED,,,,
radar:2026-09-08:1500,2026-09-08T15:00:00-04:00,DATA_UNAVAILABLE,,DELL,MISSING,,,,,,,,,PRICE_CROSS_CHECK_FAILED,,,,
radar:2026-09-08:1500,2026-09-08T15:00:00-04:00,DATA_UNAVAILABLE,,AAPL,MISSING,,,,,,,,,PRICE_CROSS_CHECK_FAILED,,,,
radar:2026-09-08:1500,2026-09-08T15:00:00-04:00,DATA_UNAVAILABLE,,TXN,MISSING,,,,,,,,,PRICE_CROSS_CHECK_FAILED,,,,
radar:2026-09-08:1500,2026-09-08T15:00:00-04:00,DATA_UNAVAILABLE,,CDNS,MISSING,,,,,,,,,PRICE_CROSS_CHECK_FAILED,,,,
radar:2026-09-08:1500,2026-09-08T15:00:00-04:00,DATA_UNAVAILABLE,,SNPS,MISSING,,,,,,,,,PRICE_CROSS_CHECK_FAILED,,,,
radar:2026-09-08:1500,2026-09-08T15:00:00-04:00,DATA_UNAVAILABLE,,ORCL,MISSING,,,,,,,,,PRICE_CROSS_CHECK_FAILED,,,,
radar:2026-09-08:1500,2026-09-08T15:00:00-04:00,DATA_UNAVAILABLE,,NOW,MISSING,,,,,,,,,PRICE_CROSS_CHECK_FAILED,,,,
radar:2026-09-08:1500,2026-09-08T15:00:00-04:00,DATA_UNAVAILABLE,,ADBE,MISSING,,,,,,,,,PRICE_CROSS_CHECK_FAILED,,,,
radar:2026-09-08:1500,2026-09-08T15:00:00-04:00,DATA_UNAVAILABLE,,WDAY,MISSING,,,,,,,,,PRICE_CROSS_CHECK_FAILED,,,,
radar:2026-09-08:1500,2026-09-08T15:00:00-04:00,DATA_UNAVAILABLE,,MSFT,MISSING,,,,,,,,,PRICE_CROSS_CHECK_FAILED,,,,
radar:2026-09-08:1500,2026-09-08T15:00:00-04:00,DATA_UNAVAILABLE,,AMZN,MISSING,,,,,,,,,PRICE_CROSS_CHECK_FAILED,,,,
radar:2026-09-08:1500,2026-09-08T15:00:00-04:00,DATA_UNAVAILABLE,,BA,MISSING,,,,,,,,,PRICE_CROSS_CHECK_FAILED,,,,
radar:2026-09-08:1500,2026-09-08T15:00:00-04:00,DATA_UNAVAILABLE,,AMD,MISSING,,,,,,,,,PRICE_CROSS_CHECK_FAILED,,,,
radar:2026-09-08:1500,2026-09-08T15:00:00-04:00,DATA_UNAVAILABLE,,INTC,MISSING,,,,,,,,,PRICE_CROSS_CHECK_FAILED,,,,
radar:2026-09-08:1500,2026-09-08T15:00:00-04:00,DATA_UNAVAILABLE,,MRVL,MISSING,,,,,,,,,PRICE_CROSS_CHECK_FAILED,,,,
radar:2026-09-08:1500,2026-09-08T15:00:00-04:00,DATA_UNAVAILABLE,,MRNA,MISSING,,,,,,,,,PRICE_CROSS_CHECK_FAILED,,,,
radar:2026-09-08:1500,2026-09-08T15:00:00-04:00,DATA_UNAVAILABLE,,SNDK,MISSING,,,,,,,,,PRICE_CROSS_CHECK_FAILED,,,,
radar:2026-09-08:1500,2026-09-08T15:00:00-04:00,DATA_UNAVAILABLE,,GOOGL,MISSING,,,,,,,,,PRICE_CROSS_CHECK_FAILED,,,,
radar:2026-09-08:1500,2026-09-08T15:00:00-04:00,DATA_UNAVAILABLE,,GS,MISSING,,,,,,,,,PRICE_CROSS_CHECK_FAILED,,,,
radar:2026-09-08:1500,2026-09-08T15:00:00-04:00,DATA_UNAVAILABLE,,ABNB,MISSING,,,,,,,,,PRICE_CROSS_CHECK_FAILED,,,,
radar:2026-09-08:1500,2026-09-08T15:00:00-04:00,DATA_UNAVAILABLE,,DASH,MISSING,,,,,,,,,PRICE_CROSS_CHECK_FAILED,,,,
radar:2026-09-08:1500,2026-09-08T15:00:00-04:00,DATA_UNAVAILABLE,,MU,MISSING,,,,,,,,,PRICE_CROSS_CHECK_FAILED,,,,
radar:2026-09-08:1500,2026-09-08T15:00:00-04:00,DATA_UNAVAILABLE,,GE,MISSING,,,,,,,,,PRICE_CROSS_CHECK_FAILED,,,,
radar:2026-09-08:1500,2026-09-08T15:00:00-04:00,DATA_UNAVAILABLE,,JPM,MISSING,,,,,,,,,PRICE_CROSS_CHECK_FAILED,,,,
radar:2026-09-08:1500,2026-09-08T15:00:00-04:00,DATA_UNAVAILABLE,,BAC,MISSING,,,,,,,,,PRICE_CROSS_CHECK_FAILED,,,,
radar:2026-09-08:1500,2026-09-08T15:00:00-04:00,DATA_UNAVAILABLE,,MS,MISSING,,,,,,,,,PRICE_CROSS_CHECK_FAILED,,,,
radar:2026-09-08:1500,2026-09-08T15:00:00-04:00,DATA_UNAVAILABLE,,WMT,MISSING,,,,,,,,,PRICE_CROSS_CHECK_FAILED,,,,
radar:2026-09-08:1500,2026-09-08T15:00:00-04:00,DATA_UNAVAILABLE,,COIN,MISSING,,,,,,,,,PRICE_CROSS_CHECK_FAILED,,,,
radar:2026-09-08:1500,2026-09-08T15:00:00-04:00,DATA_UNAVAILABLE,,HOOD,MISSING,,,,,,,,,PRICE_CROSS_CHECK_FAILED,,,,
radar:2026-09-08:1500,2026-09-08T15:00:00-04:00,DATA_UNAVAILABLE,,PLTR,MISSING,,,,,,,,,PRICE_CROSS_CHECK_FAILED,,,,
radar:2026-09-08:1500,2026-09-08T15:00:00-04:00,DATA_UNAVAILABLE,,MSTR,MISSING,,,,,,,,,PRICE_CROSS_CHECK_FAILED,,,,
radar:2026-09-08:1500,2026-09-08T15:00:00-04:00,DATA_UNAVAILABLE,,META,MISSING,,,,,,,,,PRICE_CROSS_CHECK_FAILED,,,,
radar:2026-09-08:1500,2026-09-08T15:00:00-04:00,DATA_UNAVAILABLE,,NFLX,MISSING,,,,,,,,,PRICE_CROSS_CHECK_FAILED,,,,
radar:2026-09-08:1500,2026-09-08T15:00:00-04:00,DATA_UNAVAILABLE,,UBER,MISSING,,,,,,,,,PRICE_CROSS_CHECK_FAILED,,,,
radar:2026-09-08:1500,2026-09-08T15:00:00-04:00,DATA_UNAVAILABLE,,PYPL,MISSING,,,,,,,,,PRICE_CROSS_CHECK_FAILED,,,,
radar:2026-09-08:1500,2026-09-08T15:00:00-04:00,DATA_UNAVAILABLE,,V,MISSING,,,,,,,,,PRICE_CROSS_CHECK_FAILED,,,,
radar:2026-09-08:1500,2026-09-08T15:00:00-04:00,DATA_UNAVAILABLE,,EBAY,MISSING,,,,,,,,,PRICE_CROSS_CHECK_FAILED,,,,
radar:2026-09-08:1500,2026-09-08T15:00:00-04:00,DATA_UNAVAILABLE,,DIS,MISSING,,,,,,,,,PRICE_CROSS_CHECK_FAILED,,,,
radar:2026-09-08:1500,2026-09-08T15:00:00-04:00,DATA_UNAVAILABLE,,PG,MISSING,,,,,,,,,PRICE_CROSS_CHECK_FAILED,,,,
radar:2026-09-08:1500,2026-09-08T15:00:00-04:00,DATA_UNAVAILABLE,,CVX,MISSING,,,,,,,,,PRICE_CROSS_CHECK_FAILED,,,,
radar:2026-09-08:1500,2026-09-08T15:00:00-04:00,DATA_UNAVAILABLE,,QCOM,MISSING,,,,,,,,,PRICE_CROSS_CHECK_FAILED,,,,
radar:2026-09-08:1500,2026-09-08T15:00:00-04:00,DATA_UNAVAILABLE,,AMAT,MISSING,,,,,,,,,PRICE_CROSS_CHECK_FAILED,,,,
radar:2026-09-08:1500,2026-09-08T15:00:00-04:00,DATA_UNAVAILABLE,,TSLA,MISSING,,,,,,,,,PRICE_CROSS_CHECK_FAILED,,,,
radar:2026-09-08:1500,2026-09-08T15:00:00-04:00,DATA_UNAVAILABLE,,CSCO,MISSING,,,,,,,,,PRICE_CROSS_CHECK_FAILED,,,,
radar:2026-09-08:1500,2026-09-08T15:00:00-04:00,DATA_UNAVAILABLE,,ALAB,MISSING,,,,,,,,,PRICE_CROSS_CHECK_FAILED,,,,
radar:2026-09-08:1500,2026-09-08T15:00:00-04:00,DATA_UNAVAILABLE,,IBKR,MISSING,,,,,,,,,PRICE_CROSS_CHECK_FAILED,,,,
radar:2026-09-08:1500,2026-09-08T15:00:00-04:00,DATA_UNAVAILABLE,,LHX,MISSING,,,,,,,,,PRICE_CROSS_CHECK_FAILED,,,,
radar:2026-09-08:1500,2026-09-08T15:00:00-04:00,DATA_UNAVAILABLE,,NOC,MISSING,,,,,,,,,PRICE_CROSS_CHECK_FAILED,,,,
radar:2026-09-08:1500,2026-09-08T15:00:00-04:00,DATA_UNAVAILABLE,,ONDS,MISSING,,,,,,,,,PRICE_CROSS_CHECK_FAILED,,,,
radar:2026-09-08:1500,2026-09-08T15:00:00-04:00,DATA_UNAVAILABLE,,SPY,MISSING,,,,,,,,,PRICE_CROSS_CHECK_FAILED,,,,
radar:2026-09-08:1500,2026-09-08T15:00:00-04:00,DATA_UNAVAILABLE,,QQQ,MISSING,,,,,,,,,PRICE_CROSS_CHECK_FAILED,,,,
radar:2026-09-08:1500,2026-09-08T15:00:00-04:00,DATA_UNAVAILABLE,,VOO,MISSING,,,,,,,,,PRICE_CROSS_CHECK_FAILED,,,,
radar:2026-09-08:1500,2026-09-08T15:00:00-04:00,DATA_UNAVAILABLE,,IBIT,MISSING,,,,,,,,,PRICE_CROSS_CHECK_FAILED,,,,
radar:2026-09-08:1500,2026-09-08T15:00:00-04:00,DATA_UNAVAILABLE,,XLE,MISSING,,,,,,,,,PRICE_CROSS_CHECK_FAILED,,,,
radar:2026-09-08:1500,2026-09-08T15:00:00-04:00,DATA_UNAVAILABLE,,GLTR,MISSING,,,,,,,,,PRICE_CROSS_CHECK_FAILED,,,,
radar:2026-09-08:1500,2026-09-08T15:00:00-04:00,DATA_UNAVAILABLE,,REMX,MISSING,,,,,,,,,PRICE_CROSS_CHECK_FAILED,,,,
radar:2026-09-08:1500,2026-09-08T15:00:00-04:00,DATA_UNAVAILABLE,,ITA,MISSING,,,,,,,,,PRICE_CROSS_CHECK_FAILED,,,,
radar:2026-09-08:1500,2026-09-08T15:00:00-04:00,DATA_UNAVAILABLE,,XAR,MISSING,,,,,,,,,PRICE_CROSS_CHECK_FAILED,,,,
radar:2026-09-08:1510,2026-09-08T15:10:00-04:00,COMPLETED,1,QCOM,OK,0.0,13.58,16.74,15.0,15.0,10.0,70.31,60.42,NO_VERIFIED_CATALYST|RISK_TOO_SMALL,173.65,20554520.0,2.5919887262670445,
radar:2026-09-08:1510,2026-09-08T15:10:00-04:00,COMPLETED,2,INTC,OK,0.0,20.0,6.65,15.0,15.0,10.0,66.65,55.54,NO_VERIFIED_CATALYST|QUALITY_OR_LANE_BLOCKED,105.335,113632866.0,1.3318233692906927,
radar:2026-09-08:1510,2026-09-08T15:10:00-04:00,COMPLETED,3,AMD,OK,0.0,19.27,7.16,15.0,15.0,10.0,66.43,55.24,NO_VERIFIED_CATALYST|RISK_TOO_SMALL,506.39,21279158.0,1.3944288132588738,
radar:2026-09-08:1510,2026-09-08T15:10:00-04:00,COMPLETED,4,TSLA,OK,0.0,19.48,5.95,15.0,15.0,10.0,65.43,53.91,NO_VERIFIED_CATALYST|QUALITY_OR_LANE_BLOCKED,367.45,41135166.0,1.2434171826753209,
radar:2026-09-08:1510,2026-09-08T15:10:00-04:00,COMPLETED,5,AMAT,OK,0.0,19.88,0.57,15.0,15.0,10.0,60.45,47.27,NO_VERIFIED_CATALYST|SCORE_BELOW_PLAN_THRESHOLD,472.03,3708854.0,0.5717370698849922,
radar:2026-09-08:1510,2026-09-08T15:10:00-04:00,COMPLETED,6,DELL,OK,0.0,17.72,1.51,15.0,15.0,10.0,59.23,45.64,NO_VERIFIED_CATALYST,537.3,4997418.0,0.6890743899160018,
radar:2026-09-08:1510,2026-09-08T15:10:00-04:00,COMPLETED,7,AVGO,OK,0.0,14.08,3.51,15.0,15.0,10.0,57.59,43.45,NO_VERIFIED_CATALYST,368.395,19183349.0,0.9382515254664097,
radar:2026-09-08:1510,2026-09-08T15:10:00-04:00,COMPLETED,8,ORCL,OK,0.0,9.26,8.09,15.0,15.0,10.0,57.35,43.13,NO_VERIFIED_CATALYST,161.93,29940500.0,1.5116285770165354,
radar:2026-09-08:1510,2026-09-08T15:10:00-04:00,COMPLETED,9,SNDK,OK,0.0,10.49,2.2,15.0,15.0,10.0,52.69,36.92,NO_VERIFIED_CATALYST,1779.11,8980976.0,0.7754648975969612,
radar:2026-09-08:1510,2026-09-08T15:10:00-04:00,COMPLETED,10,NOC,OK,0.0,8.68,5.22,13.15,15.0,10.0,52.05,36.07,NO_VERIFIED_CATALYST,521.58,680131.0,1.1523967474163919,
radar:2026-09-08:1510,2026-09-08T15:10:00-04:00,COMPLETED,11,REMX,OK,0.0,6.67,3.96,14.04,15.0,10.0,49.68,32.91,NO_VERIFIED_CATALYST,76.742,489718.0,0.9954013403071659,
radar:2026-09-08:1510,2026-09-08T15:10:00-04:00,COMPLETED,12,MRVL,OK,0.0,7.84,1.7,15.0,15.0,10.0,49.54,32.72,NO_VERIFIED_CATALYST,227.306,15190340.0,0.712189383999722,
radar:2026-09-08:1510,2026-09-08T15:10:00-04:00,COMPLETED,13,EBAY,OK,0.0,10.11,3.21,10.74,15.0,10.0,49.06,32.07,LIQUIDITY_WEAK|NO_VERIFIED_CATALYST,104.32,3253979.0,0.9009622499901365,
radar:2026-09-08:1510,2026-09-08T15:10:00-04:00,COMPLETED,14,XLE,OK,0.0,6.51,3.38,13.14,15.0,10.0,48.03,30.71,NO_VERIFIED_CATALYST,64.88,20667430.0,0.9227437725724364,
radar:2026-09-08:1510,2026-09-08T15:10:00-04:00,COMPLETED,15,ALAB,OK,0.0,14.0,6.4,0.0,15.0,10.0,45.4,27.2,NO_VERIFIED_CATALYST|RELATIVE_STRENGTH_NEGATIVE,294.14,3841110.0,1.3001367959515224,
radar:2026-09-08:1510,2026-09-08T15:10:00-04:00,COMPLETED,16,UBER,OK,0.0,14.0,5.4,0.0,15.0,10.0,44.4,25.86,NO_VERIFIED_CATALYST|RELATIVE_STRENGTH_NEGATIVE,73.01,15845736.0,1.1748241506583694,
radar:2026-09-08:1510,2026-09-08T15:10:00-04:00,COMPLETED,17,ADBE,OK,0.0,14.0,3.73,0.0,15.0,10.0,42.73,23.65,NO_VERIFIED_CATALYST|RELATIVE_STRENGTH_NEGATIVE,256.0,3640099.0,0.9667670042910703,
radar:2026-09-08:1510,2026-09-08T15:10:00-04:00,COMPLETED,18,CVX,OK,0.0,4.64,1.36,11.43,15.0,10.0,42.43,23.24,NO_VERIFIED_CATALYST,210.675,4548036.0,0.6694306984917419,
radar:2026-09-08:1510,2026-09-08T15:10:00-04:00,COMPLETED,19,CDNS,OK,0.0,10.48,6.23,0.0,15.0,10.0,41.71,22.28,NO_VERIFIED_CATALYST|RELATIVE_STRENGTH_NEGATIVE,286.125,2502476.0,1.2787432774949403,
radar:2026-09-08:1510,2026-09-08T15:10:00-04:00,COMPLETED,20,ABNB,OK,0.0,14.0,2.69,0.0,15.0,10.0,41.69,22.25,NO_VERIFIED_CATALYST|RELATIVE_STRENGTH_NEGATIVE,174.925,3743389.0,0.8362367640672146,
radar:2026-09-08:1510,2026-09-08T15:10:00-04:00,COMPLETED,21,DASH,OK,0.0,14.0,2.41,0.0,15.0,10.0,41.41,21.88,NO_VERIFIED_CATALYST|RELATIVE_STRENGTH_NEGATIVE,201.375,2874452.0,0.8012876617293864,
radar:2026-09-08:1510,2026-09-08T15:10:00-04:00,COMPLETED,22,HOOD,OK,0.0,11.39,4.58,0.0,15.0,10.0,40.96,21.29,NO_VERIFIED_CATALYST|RELATIVE_STRENGTH_NEGATIVE,119.13,19419878.0,1.072026642502045,
radar:2026-09-08:1510,2026-09-08T15:10:00-04:00,COMPLETED,23,NOW,OK,0.0,14.0,1.16,0.0,15.0,10.0,40.16,20.22,NO_VERIFIED_CATALYST|RELATIVE_STRENGTH_NEGATIVE,133.173,9863013.0,0.6451569075651554,
radar:2026-09-08:1510,2026-09-08T15:10:00-04:00,COMPLETED,24,ONDS,OK,0.0,3.98,0.47,10.58,15.0,10.0,40.03,20.04,NO_VERIFIED_CATALYST,7.685,34498553.0,0.558567087986527,
radar:2026-09-08:1510,2026-09-08T15:10:00-04:00,COMPLETED,25,XAR,OK,0.0,4.27,1.15,9.35,15.0,10.0,39.77,19.7,NO_VERIFIED_CATALYST,254.56,117438.0,0.6434437712068051,
radar:2026-09-08:1510,2026-09-08T15:10:00-04:00,COMPLETED,26,PYPL,OK,0.0,14.0,0.6,0.0,15.0,10.0,39.6,19.46,NO_VERIFIED_CATALYST|RELATIVE_STRENGTH_NEGATIVE,53.11,6241606.0,0.5745899472396352,
radar:2026-09-08:1510,2026-09-08T15:10:00-04:00,COMPLETED,27,MSTR,OK,0.0,14.0,0.51,0.0,15.0,10.0,39.51,19.35,NO_VERIFIED_CATALYST|RELATIVE_STRENGTH_NEGATIVE,136.69,13656509.0,0.5638448324907134,
radar:2026-09-08:1510,2026-09-08T15:10:00-04:00,COMPLETED,28,NFLX,OK,0.0,10.5,3.53,0.0,15.0,10.0,39.03,18.7,NO_VERIFIED_CATALYST|RELATIVE_STRENGTH_NEGATIVE,76.815,23000773.0,0.9409452440478372,
radar:2026-09-08:1510,2026-09-08T15:10:00-04:00,COMPLETED,29,WDAY,OK,0.0,14.0,0.0,0.0,15.0,10.0,39.0,18.67,NO_VERIFIED_CATALYST|RELATIVE_STRENGTH_NEGATIVE,185.24,1669953.0,0.38400893476574743,
radar:2026-09-08:1510,2026-09-08T15:10:00-04:00,COMPLETED,30,MRNA,OK,0.0,13.87,0.0,0.0,15.0,10.0,38.87,18.49,NO_VERIFIED_CATALYST|RELATIVE_STRENGTH_NEGATIVE,141.225,7432029.0,0.25470379646252544,
radar:2026-09-08:1510,2026-09-08T15:10:00-04:00,COMPLETED,31,COIN,OK,0.0,13.47,0.0,0.0,15.0,10.0,38.47,17.96,NO_VERIFIED_CATALYST|RELATIVE_STRENGTH_NEGATIVE,179.31,3998600.0,0.461963481082184,
radar:2026-09-08:1510,2026-09-08T15:10:00-04:00,COMPLETED,32,NVDA,OK,0.0,9.79,2.11,0.0,15.0,10.0,36.91,15.88,NO_VERIFIED_CATALYST|RELATIVE_STRENGTH_NEGATIVE,225.525,85874308.0,0.7641809932273552,
radar:2026-09-08:1510,2026-09-08T15:10:00-04:00,COMPLETED,33,SNPS,OK,0.0,1.67,2.55,7.61,15.0,10.0,36.83,15.77,NO_VERIFIED_CATALYST,395.25,1251387.0,0.8182955762730123,
radar:2026-09-08:1510,2026-09-08T15:10:00-04:00,COMPLETED,34,IBIT,OK,0.0,9.65,1.45,0.0,15.0,10.0,36.1,14.8,NO_VERIFIED_CATALYST|RELATIVE_STRENGTH_NEGATIVE,44.41,35252197.0,0.6818236769519922,
radar:2026-09-08:1510,2026-09-08T15:10:00-04:00,COMPLETED,35,PLTR,OK,0.0,9.77,0.21,0.0,15.0,10.0,34.98,13.31,NO_VERIFIED_CATALYST|RELATIVE_STRENGTH_NEGATIVE,170.68,15218580.0,0.526557368479746,
radar:2026-09-08:1510,2026-09-08T15:10:00-04:00,COMPLETED,36,LHX,OK,0.0,2.87,1.56,4.97,15.0,10.0,34.4,12.53,NO_VERIFIED_CATALYST,256.24,960980.0,0.695463728992047,
radar:2026-09-08:1510,2026-09-08T15:10:00-04:00,COMPLETED,37,GOOGL,OK,0.0,2.84,2.26,3.5,15.0,10.0,33.6,11.47,NO_VERIFIED_CATALYST,337.355,15179330.0,0.7827112573614035,
radar:2026-09-08:1510,2026-09-08T15:10:00-04:00,COMPLETED,38,QQQ,OK,0.0,0.31,2.24,5.78,15.0,10.0,33.33,11.11,NO_VERIFIED_CATALYST,719.34,20935767.0,0.7800082197761232,
radar:2026-09-08:1510,2026-09-08T15:10:00-04:00,COMPLETED,39,GLTR,OK,0.0,5.19,2.8,0.0,15.0,10.0,32.98,10.65,NO_VERIFIED_CATALYST|RELATIVE_STRENGTH_NEGATIVE,199.27,43857.0,0.8495569153303072,
radar:2026-09-08:1510,2026-09-08T15:10:00-04:00,COMPLETED,40,V,OK,0.0,7.66,0.0,0.0,15.0,10.0,32.66,10.22,NO_VERIFIED_CATALYST|RELATIVE_STRENGTH_NEGATIVE,368.91,2817254.0,0.48808771367187204,
radar:2026-09-08:1510,2026-09-08T15:10:00-04:00,COMPLETED,41,MU,OK,0.0,3.53,2.89,0.92,15.0,10.0,32.34,9.79,NO_VERIFIED_CATALYST|RELATIVE_STRENGTH_NEGATIVE,1008.89,20792234.0,0.8609877188086119,
radar:2026-09-08:1510,2026-09-08T15:10:00-04:00,COMPLETED,42,CSCO,OK,0.0,1.48,0.0,5.79,15.0,10.0,32.27,9.7,NO_VERIFIED_CATALYST,109.26,7777208.0,0.4563775028257455,
radar:2026-09-08:1510,2026-09-08T15:10:00-04:00,COMPLETED,43,PG,OK,0.0,4.9,0.12,2.14,15.0,10.0,32.16,9.55,NO_VERIFIED_CATALYST|RELATIVE_STRENGTH_NEGATIVE,145.63,3979077.0,0.5150049310446171,
radar:2026-09-08:1510,2026-09-08T15:10:00-04:00,COMPLETED,44,AMZN,OK,0.0,4.04,0.78,2.33,15.0,10.0,32.15,9.53,NO_VERIFIED_CATALYST|RELATIVE_STRENGTH_NEGATIVE,257.16,17022040.0,0.5971626605036174,
radar:2026-09-08:1510,2026-09-08T15:10:00-04:00,COMPLETED,45,MSFT,OK,0.0,7.02,0.0,0.0,15.0,10.0,32.02,9.36,NO_VERIFIED_CATALYST|RELATIVE_STRENGTH_NEGATIVE,492.181,9346480.0,0.46620144297544613,
radar:2026-09-08:1510,2026-09-08T15:10:00-04:00,COMPLETED,46,BA,OK,0.0,1.51,1.88,3.53,15.0,10.0,31.91,9.21,NO_VERIFIED_CATALYST,211.565,3139451.0,0.7349330802377799,
radar:2026-09-08:1510,2026-09-08T15:10:00-04:00,COMPLETED,47,SPY,OK,0.0,1.91,1.95,3.0,15.0,10.0,31.86,9.15,NO_VERIFIED_CATALYST,767.03,23545563.0,0.7435943754332036,
radar:2026-09-08:1510,2026-09-08T15:10:00-04:00,COMPLETED,48,META,OK,0.0,2.31,1.86,2.49,15.0,10.0,31.66,8.88,NO_VERIFIED_CATALYST|RELATIVE_STRENGTH_NEGATIVE,613.72,10214730.0,0.7321024105792493,
radar:2026-09-08:1510,2026-09-08T15:10:00-04:00,COMPLETED,49,ITA,OK,0.0,2.3,1.54,2.51,15.0,10.0,31.34,8.46,NO_VERIFIED_CATALYST|RELATIVE_STRENGTH_NEGATIVE,224.5,342156.0,0.6921550875738384,
radar:2026-09-08:1510,2026-09-08T15:10:00-04:00,COMPLETED,50,AAPL,OK,0.0,5.4,0.89,0.0,15.0,10.0,31.29,8.38,NO_VERIFIED_CATALYST|RELATIVE_STRENGTH_NEGATIVE,316.27,21139450.0,0.6115077915128552,
radar:2026-09-08:1510,2026-09-08T15:10:00-04:00,COMPLETED,51,GE,OK,0.0,1.39,1.06,3.67,15.0,10.0,31.13,8.17,NO_VERIFIED_CATALYST,336.115,1933203.0,0.633075447481013,
radar:2026-09-08:1510,2026-09-08T15:10:00-04:00,COMPLETED,52,MS,OK,0.0,1.21,0.0,4.8,15.0,10.0,31.01,8.01,NO_VERIFIED_CATALYST,217.48,1548135.0,0.46878884840245805,
radar:2026-09-08:1510,2026-09-08T15:10:00-04:00,COMPLETED,53,BAC,OK,0.0,1.17,0.72,4.07,15.0,10.0,30.96,7.94,NO_VERIFIED_CATALYST,62.535,14939947.0,0.5897534603418839,
radar:2026-09-08:1510,2026-09-08T15:10:00-04:00,COMPLETED,54,JPM,OK,0.0,5.05,0.48,0.0,15.0,10.0,30.53,7.37,NO_VERIFIED_CATALYST|RELATIVE_STRENGTH_NEGATIVE,354.76,2663482.0,0.5599026740598348,
radar:2026-09-08:1510,2026-09-08T15:10:00-04:00,COMPLETED,55,VOO,OK,0.0,1.89,0.6,3.03,15.0,10.0,30.52,7.37,NO_VERIFIED_CATALYST,705.146,3314770.0,0.5751951593245441,
radar:2026-09-08:1510,2026-09-08T15:10:00-04:00,COMPLETED,56,DIS,OK,0.0,3.89,0.23,1.39,15.0,10.0,30.5,7.33,NO_VERIFIED_CATALYST|RELATIVE_STRENGTH_NEGATIVE,104.595,3494978.0,0.5281546044754392,
radar:2026-09-08:1510,2026-09-08T15:10:00-04:00,COMPLETED,57,IBKR,OK,0.0,5.32,0.0,0.0,15.0,10.0,30.32,7.09,NO_VERIFIED_CATALYST|RELATIVE_STRENGTH_NEGATIVE,91.565,1287879.0,0.380283864941413,
radar:2026-09-08:1510,2026-09-08T15:10:00-04:00,COMPLETED,58,TXN,OK,0.0,2.69,0.44,2.0,15.0,10.0,30.14,6.85,NO_VERIFIED_CATALYST|RELATIVE_STRENGTH_NEGATIVE,256.95,2606660.0,0.555456095877396,
radar:2026-09-08:1510,2026-09-08T15:10:00-04:00,COMPLETED,59,GS,OK,0.0,1.23,0.0,3.88,15.0,10.0,30.11,6.81,NO_VERIFIED_CATALYST,1035.87,586270.0,0.3710654140042465,
radar:2026-09-08:1510,2026-09-08T15:10:00-04:00,COMPLETED,60,WMT,OK,0.0,4.9,0.0,0.0,15.0,10.0,29.91,6.54,NO_VERIFIED_CATALYST|RELATIVE_STRENGTH_NEGATIVE,106.165,11564891.0,0.4750133514459716,
radar:2026-09-08:1520,2026-09-08T15:20:00-04:00,COMPLETED,1,QCOM,OK,0.0,10.65,16.35,15.0,15.0,10.0,67.0,55.99,NO_VERIFIED_CATALYST|RISK_TOO_SMALL,172.59,20762910.0,2.5434593094072246,
radar:2026-09-08:1520,2026-09-08T15:20:00-04:00,COMPLETED,2,INTC,OK,0.0,20.0,6.52,15.0,15.0,10.0,66.52,55.36,NO_VERIFIED_CATALYST|QUALITY_OR_LANE_BLOCKED,105.1,115532877.0,1.3154037110483654,
radar:2026-09-08:1520,2026-09-08T15:20:00-04:00,COMPLETED,3,AMD,OK,0.0,18.75,7.18,15.0,15.0,10.0,65.93,54.58,NO_VERIFIED_CATALYST|RISK_TOO_SMALL,506.095,21955944.0,1.3976705907504783,
radar:2026-09-08:1520,2026-09-08T15:20:00-04:00,COMPLETED,4,TSLA,OK,0.0,18.3,5.79,15.0,15.0,10.0,64.1,52.13,NO_VERIFIED_CATALYST|SCORE_BELOW_PLAN_THRESHOLD,366.775,41690449.0,1.2241960857098015,
radar:2026-09-08:1520,2026-09-08T15:20:00-04:00,COMPLETED,5,AMAT,OK,0.0,19.41,0.54,15.0,15.0,10.0,59.95,46.6,NO_VERIFIED_CATALYST|SCORE_BELOW_PLAN_THRESHOLD,471.77,3793524.0,0.5680809865283147,
radar:2026-09-08:1520,2026-09-08T15:20:00-04:00,COMPLETED,6,AVGO,OK,0.0,15.81,3.38,15.0,15.0,10.0,59.2,45.59,NO_VERIFIED_CATALYST,369.28,19417085.0,0.9225495191309191,
radar:2026-09-08:1520,2026-09-08T15:20:00-04:00,COMPLETED,7,DELL,OK,0.0,16.34,1.57,15.0,15.0,10.0,57.9,43.87,NO_VERIFIED_CATALYST,535.752,5193749.0,0.6956842861751318,
radar:2026-09-08:1520,2026-09-08T15:20:00-04:00,COMPLETED,8,EBAY,OK,0.0,13.76,3.54,15.0,15.0,10.0,57.3,43.07,LIQUIDITY_WEAK|NO_VERIFIED_CATALYST,105.13,3502970.0,0.9421912582286914,
radar:2026-09-08:1520,2026-09-08T15:20:00-04:00,COMPLETED,9,ORCL,OK,0.0,7.94,7.98,15.0,15.0,10.0,55.91,41.22,NO_VERIFIED_CATALYST,161.48,30529854.0,1.4973439634316248,
radar:2026-09-08:1520,2026-09-08T15:20:00-04:00,COMPLETED,10,NOC,OK,0.0,10.42,5.18,14.44,15.0,10.0,55.04,40.06,NO_VERIFIED_CATALYST,522.46,697320.0,1.1477634187403951,
radar:2026-09-08:1520,2026-09-08T15:20:00-04:00,COMPLETED,11,SNDK,OK,0.0,9.63,2.13,15.0,15.0,10.0,51.76,35.68,LIQUIDITY_WEAK|NO_VERIFIED_CATALYST,1775.89,9139345.0,0.7665923542522768,
radar:2026-09-08:1520,2026-09-08T15:20:00-04:00,COMPLETED,12,REMX,OK,0.0,7.67,3.84,15.0,15.0,10.0,51.51,35.35,NO_VERIFIED_CATALYST,76.84,496533.0,0.9804175463904927,
radar:2026-09-08:1520,2026-09-08T15:20:00-04:00,COMPLETED,13,MRVL,OK,0.0,8.31,1.6,15.0,15.0,10.0,49.91,33.21,NO_VERIFIED_CATALYST,227.53,15375271.0,0.7002636516176132,
radar:2026-09-08:1520,2026-09-08T15:20:00-04:00,COMPLETED,14,XLE,OK,0.0,7.07,3.29,13.73,15.0,10.0,49.09,32.13,NO_VERIFIED_CATALYST,64.915,21021440.0,0.9117335029253495,
radar:2026-09-08:1520,2026-09-08T15:20:00-04:00,COMPLETED,15,ALAB,OK,0.0,14.0,6.21,0.0,15.0,10.0,45.21,26.95,NO_VERIFIED_CATALYST|RELATIVE_STRENGTH_NEGATIVE,293.915,3881071.0,1.2761293486149607,
radar:2026-09-08:1520,2026-09-08T15:20:00-04:00,COMPLETED,16,UBER,OK,0.0,14.0,5.29,0.0,15.0,10.0,44.29,25.72,NO_VERIFIED_CATALYST|RELATIVE_STRENGTH_NEGATIVE,72.925,16124940.0,1.1613666770834727,
radar:2026-09-08:1520,2026-09-08T15:20:00-04:00,COMPLETED,17,CDNS,OK,0.0,11.52,6.3,0.0,15.0,10.0,42.82,23.76,NO_VERIFIED_CATALYST|RELATIVE_STRENGTH_NEGATIVE,285.475,2594392.0,1.2878338698287408,
radar:2026-09-08:1520,2026-09-08T15:20:00-04:00,COMPLETED,18,ADBE,OK,0.0,14.0,3.72,0.0,15.0,10.0,42.72,23.63,NO_VERIFIED_CATALYST|RELATIVE_STRENGTH_NEGATIVE,256.54,3741676.0,0.9653517900798309,
radar:2026-09-08:1520,2026-09-08T15:20:00-04:00,COMPLETED,19,CVX,OK,0.0,4.56,1.35,11.59,15.0,10.0,42.5,23.34,NO_VERIFIED_CATALYST,210.64,4678035.0,0.668891998863886,
radar:2026-09-08:1520,2026-09-08T15:20:00-04:00,COMPLETED,20,HOOD,OK,0.0,12.38,4.49,0.0,15.0,10.0,41.87,22.49,NO_VERIFIED_CATALYST|RELATIVE_STRENGTH_NEGATIVE,118.87,19783457.0,1.0608941843106252,
radar:2026-09-08:1520,2026-09-08T15:20:00-04:00,COMPLETED,21,ABNB,OK,0.0,14.0,2.69,0.0,15.0,10.0,41.69,22.25,NO_VERIFIED_CATALYST|RELATIVE_STRENGTH_NEGATIVE,174.26,3854178.0,0.8363862198680063,
radar:2026-09-08:1520,2026-09-08T15:20:00-04:00,COMPLETED,22,DASH,OK,0.0,14.0,2.39,0.0,15.0,10.0,41.39,21.85,NO_VERIFIED_CATALYST|RELATIVE_STRENGTH_NEGATIVE,200.195,2949841.0,0.7988087364895032,
radar:2026-09-08:1520,2026-09-08T15:20:00-04:00,COMPLETED,23,NOW,OK,0.0,14.0,1.13,0.0,15.0,10.0,40.13,20.17,NO_VERIFIED_CATALYST|RELATIVE_STRENGTH_NEGATIVE,133.46,10082645.0,0.6406797923449251,
radar:2026-09-08:1520,2026-09-08T15:20:00-04:00,COMPLETED,24,PYPL,OK,0.0,14.0,0.62,0.0,15.0,10.0,39.62,19.5,NO_VERIFIED_CATALYST|RELATIVE_STRENGTH_NEGATIVE,53.27,6460156.0,0.5777174455687688,
radar:2026-09-08:1520,2026-09-08T15:20:00-04:00,COMPLETED,25,MSTR,OK,0.0,14.0,0.45,0.0,15.0,10.0,39.45,19.27,NO_VERIFIED_CATALYST|RELATIVE_STRENGTH_NEGATIVE,136.625,13872195.0,0.5563856214648901,
radar:2026-09-08:1520,2026-09-08T15:20:00-04:00,COMPLETED,26,WDAY,OK,0.0,14.0,0.0,0.0,15.0,10.0,39.0,18.67,NO_VERIFIED_CATALYST|RELATIVE_STRENGTH_NEGATIVE,185.63,1706507.0,0.38120269189043543,
radar:2026-09-08:1520,2026-09-08T15:20:00-04:00,COMPLETED,27,NFLX,OK,0.0,10.37,3.45,0.0,15.0,10.0,38.82,18.43,NO_VERIFIED_CATALYST|RELATIVE_STRENGTH_NEGATIVE,76.76,23433067.0,0.9312405050036028,
radar:2026-09-08:1520,2026-09-08T15:20:00-04:00,COMPLETED,28,XAR,OK,0.0,3.32,1.13,9.09,15.0,10.0,38.54,18.05,NO_VERIFIED_CATALYST,254.34,120418.0,0.6409205079304905,
radar:2026-09-08:1520,2026-09-08T15:20:00-04:00,COMPLETED,29,ONDS,OK,0.0,3.06,0.47,9.66,15.0,10.0,38.19,17.59,NO_VERIFIED_CATALYST,7.67,35532011.0,0.5588626100308558,
radar:2026-09-08:1520,2026-09-08T15:20:00-04:00,COMPLETED,30,COIN,OK,0.0,12.76,0.0,0.0,15.0,10.0,37.76,17.02,NO_VERIFIED_CATALYST|RELATIVE_STRENGTH_NEGATIVE,179.59,4082221.0,0.45814927104066694,
radar:2026-09-08:1520,2026-09-08T15:20:00-04:00,COMPLETED,31,NVDA,OK,0.0,10.12,2.04,0.0,15.0,10.0,37.16,16.21,NO_VERIFIED_CATALYST|RELATIVE_STRENGTH_NEGATIVE,225.365,87366760.0,0.7552487501259366,
radar:2026-09-08:1520,2026-09-08T15:20:00-04:00,COMPLETED,32,MRNA,OK,0.0,11.93,0.0,0.0,15.0,10.0,36.93,15.9,NO_VERIFIED_CATALYST|RELATIVE_STRENGTH_NEGATIVE,141.83,7576558.0,0.252238153602225,
radar:2026-09-08:1520,2026-09-08T15:20:00-04:00,COMPLETED,33,IBIT,OK,0.0,9.56,1.39,0.0,15.0,10.0,35.96,14.61,NO_VERIFIED_CATALYST|RELATIVE_STRENGTH_NEGATIVE,44.39,35876758.0,0.6740775835898014,
radar:2026-09-08:1520,2026-09-08T15:20:00-04:00,COMPLETED,34,SNPS,OK,0.0,1.13,2.55,7.18,15.0,10.0,35.86,14.48,NO_VERIFIED_CATALYST,394.795,1289525.0,0.8191418872158912,
radar:2026-09-08:1520,2026-09-08T15:20:00-04:00,COMPLETED,35,PLTR,OK,0.0,10.49,0.17,0.0,15.0,10.0,35.66,14.22,NO_VERIFIED_CATALYST|RELATIVE_STRENGTH_NEGATIVE,170.41,15503239.0,0.5210804852678341,
radar:2026-09-08:1520,2026-09-08T15:20:00-04:00,COMPLETED,36,LHX,OK,0.0,2.81,1.56,5.25,15.0,10.0,34.62,12.82,NO_VERIFIED_CATALYST,256.25,987765.0,0.6944237615408417,
radar:2026-09-08:1520,2026-09-08T15:20:00-04:00,COMPLETED,37,GOOGL,OK,0.0,2.82,2.2,3.79,15.0,10.0,33.81,11.75,NO_VERIFIED_CATALYST,337.37,15471162.0,0.7749661173063633,
radar:2026-09-08:1520,2026-09-08T15:20:00-04:00,COMPLETED,38,QQQ,OK,0.0,0.06,2.13,5.64,15.0,10.0,32.83,10.44,NO_VERIFIED_CATALYST,718.86,21172458.0,0.7662886391995627,
radar:2026-09-08:1520,2026-09-08T15:20:00-04:00,COMPLETED,39,GLTR,OK,0.0,5.16,2.6,0.0,15.0,10.0,32.77,10.36,NO_VERIFIED_CATALYST|RELATIVE_STRENGTH_NEGATIVE,199.28,43859.0,0.825321364857898,
radar:2026-09-08:1520,2026-09-08T15:20:00-04:00,COMPLETED,40,PG,OK,0.0,4.85,0.21,2.69,15.0,10.0,32.76,10.34,NO_VERIFIED_CATALYST|RELATIVE_STRENGTH_NEGATIVE,145.7,4188256.0,0.526590557176627,
radar:2026-09-08:1520,2026-09-08T15:20:00-04:00,COMPLETED,41,MU,OK,0.0,3.05,2.83,1.81,15.0,10.0,32.68,10.24,NO_VERIFIED_CATALYST|RELATIVE_STRENGTH_NEGATIVE,1009.955,21221858.0,0.8536699823335892,
radar:2026-09-08:1520,2026-09-08T15:20:00-04:00,COMPLETED,42,CSCO,OK,0.0,1.36,0.0,6.0,15.0,10.0,32.35,9.81,NO_VERIFIED_CATALYST,109.25,7921746.0,0.45157743296420255,
radar:2026-09-08:1520,2026-09-08T15:20:00-04:00,COMPLETED,43,AMZN,OK,0.0,4.0,0.75,2.53,15.0,10.0,32.28,9.7,NO_VERIFIED_CATALYST|RELATIVE_STRENGTH_NEGATIVE,257.135,17405676.0,0.5931748598777458,
radar:2026-09-08:1520,2026-09-08T15:20:00-04:00,COMPLETED,44,V,OK,0.0,7.25,0.0,0.0,15.0,10.0,32.25,9.66,NO_VERIFIED_CATALYST|RELATIVE_STRENGTH_NEGATIVE,369.245,2885616.0,0.4856475616150126,
radar:2026-09-08:1520,2026-09-08T15:20:00-04:00,COMPLETED,45,META,OK,0.0,2.66,2.26,2.31,15.0,10.0,32.23,9.63,LIQUIDITY_WEAK|NO_VERIFIED_CATALYST|RELATIVE_STRENGTH_NEGATIVE,613.26,11244303.0,0.7828675448102744,
radar:2026-09-08:1520,2026-09-08T15:20:00-04:00,COMPLETED,46,BA,OK,0.0,1.33,1.83,4.01,15.0,10.0,32.17,9.56,NO_VERIFIED_CATALYST,211.645,3203158.0,0.7284223321074447,
radar:2026-09-08:1520,2026-09-08T15:20:00-04:00,COMPLETED,47,SPY,OK,0.0,2.12,1.96,3.0,15.0,10.0,32.08,9.44,NO_VERIFIED_CATALYST,766.696,24303647.0,0.7456057853138144,
radar:2026-09-08:1520,2026-09-08T15:20:00-04:00,COMPLETED,48,AAPL,OK,0.0,6.1,0.89,0.0,15.0,10.0,32.0,9.33,NO_VERIFIED_CATALYST|RELATIVE_STRENGTH_NEGATIVE,315.785,21771632.0,0.6118008836371799,
radar:2026-09-08:1520,2026-09-08T15:20:00-04:00,COMPLETED,49,MSFT,OK,0.0,6.94,0.0,0.0,15.0,10.0,31.94,9.25,NO_VERIFIED_CATALYST|RELATIVE_STRENGTH_NEGATIVE,492.285,9537074.0,0.4621165140571845,
radar:2026-09-08:1520,2026-09-08T15:20:00-04:00,COMPLETED,50,IBKR,OK,0.0,6.6,0.0,0.0,15.0,10.0,31.6,8.79,NO_VERIFIED_CATALYST|RELATIVE_STRENGTH_NEGATIVE,91.311,1321267.0,0.37899565356264014,
radar:2026-09-08:1520,2026-09-08T15:20:00-04:00,COMPLETED,51,ITA,OK,0.0,2.74,1.62,2.2,15.0,10.0,31.55,8.74,NO_VERIFIED_CATALYST|RELATIVE_STRENGTH_NEGATIVE,224.285,357168.0,0.7018795694723917,
radar:2026-09-08:1520,2026-09-08T15:20:00-04:00,COMPLETED,52,BAC,OK,0.0,1.19,0.69,4.43,15.0,10.0,31.3,8.4,NO_VERIFIED_CATALYST,62.545,15275818.0,0.5857829410465786,
radar:2026-09-08:1520,2026-09-08T15:20:00-04:00,COMPLETED,53,GE,OK,0.0,1.79,1.08,3.43,15.0,10.0,31.29,8.38,NO_VERIFIED_CATALYST,335.83,1994787.0,0.6345784846157768,
radar:2026-09-08:1520,2026-09-08T15:20:00-04:00,COMPLETED,54,JPM,OK,0.0,5.74,0.46,0.0,15.0,10.0,31.2,8.26,NO_VERIFIED_CATALYST|RELATIVE_STRENGTH_NEGATIVE,354.23,2728834.0,0.5572507951328945,
radar:2026-09-08:1520,2026-09-08T15:20:00-04:00,COMPLETED,55,DIS,OK,0.0,3.87,0.23,1.69,15.0,10.0,30.8,7.73,NO_VERIFIED_CATALYST|RELATIVE_STRENGTH_NEGATIVE,104.603,3603814.0,0.5290415667857841,
radar:2026-09-08:1520,2026-09-08T15:20:00-04:00,COMPLETED,56,VOO,OK,0.0,2.1,0.54,3.02,15.0,10.0,30.66,7.55,NO_VERIFIED_CATALYST,704.82,3368683.0,0.5678488773614292,
radar:2026-09-08:1520,2026-09-08T15:20:00-04:00,COMPLETED,57,TXN,OK,0.0,2.13,0.45,2.98,15.0,10.0,30.56,7.42,NO_VERIFIED_CATALYST|RELATIVE_STRENGTH_NEGATIVE,257.26,2686643.0,0.5561425385044809,
radar:2026-09-08:1520,2026-09-08T15:20:00-04:00,COMPLETED,58,MS,OK,0.0,1.07,0.0,4.48,15.0,10.0,30.55,7.4,NO_VERIFIED_CATALYST,217.27,1594007.0,0.4688883807775719,
radar:2026-09-08:1520,2026-09-08T15:20:00-04:00,COMPLETED,59,WMT,OK,0.0,4.94,0.0,0.46,15.0,10.0,30.39,7.19,NO_VERIFIED_CATALYST|RELATIVE_STRENGTH_NEGATIVE,106.2,11825730.0,0.47184899654578966,
radar:2026-09-08:1520,2026-09-08T15:20:00-04:00,COMPLETED,60,GS,OK,0.0,1.39,0.0,3.94,15.0,10.0,30.33,7.1,NO_VERIFIED_CATALYST,1035.52,603211.0,0.37087952813382585,
radar:2026-09-08:1530,2026-09-08T15:30:00-04:00,DATA_UNAVAILABLE,,NVDA,MISSING,,,,,,,,,PRICE_CROSS_CHECK_FAILED,,,,
radar:2026-09-08:1530,2026-09-08T15:30:00-04:00,DATA_UNAVAILABLE,,AVGO,MISSING,,,,,,,,,PRICE_CROSS_CHECK_FAILED,,,,
radar:2026-09-08:1530,2026-09-08T15:30:00-04:00,DATA_UNAVAILABLE,,DELL,MISSING,,,,,,,,,PRICE_CROSS_CHECK_FAILED,,,,
radar:2026-09-08:1530,2026-09-08T15:30:00-04:00,DATA_UNAVAILABLE,,AAPL,MISSING,,,,,,,,,PRICE_CROSS_CHECK_FAILED,,,,
radar:2026-09-08:1530,2026-09-08T15:30:00-04:00,DATA_UNAVAILABLE,,TXN,MISSING,,,,,,,,,PRICE_CROSS_CHECK_FAILED,,,,
radar:2026-09-08:1530,2026-09-08T15:30:00-04:00,DATA_UNAVAILABLE,,CDNS,MISSING,,,,,,,,,PRICE_CROSS_CHECK_FAILED,,,,
radar:2026-09-08:1530,2026-09-08T15:30:00-04:00,DATA_UNAVAILABLE,,SNPS,MISSING,,,,,,,,,PRICE_CROSS_CHECK_FAILED,,,,
radar:2026-09-08:1530,2026-09-08T15:30:00-04:00,DATA_UNAVAILABLE,,ORCL,MISSING,,,,,,,,,PRICE_CROSS_CHECK_FAILED,,,,
radar:2026-09-08:1530,2026-09-08T15:30:00-04:00,DATA_UNAVAILABLE,,NOW,MISSING,,,,,,,,,PRICE_CROSS_CHECK_FAILED,,,,
radar:2026-09-08:1530,2026-09-08T15:30:00-04:00,DATA_UNAVAILABLE,,ADBE,MISSING,,,,,,,,,PRICE_CROSS_CHECK_FAILED,,,,
radar:2026-09-08:1530,2026-09-08T15:30:00-04:00,DATA_UNAVAILABLE,,WDAY,MISSING,,,,,,,,,PRICE_CROSS_CHECK_FAILED,,,,
radar:2026-09-08:1530,2026-09-08T15:30:00-04:00,DATA_UNAVAILABLE,,MSFT,MISSING,,,,,,,,,PRICE_CROSS_CHECK_FAILED,,,,
radar:2026-09-08:1530,2026-09-08T15:30:00-04:00,DATA_UNAVAILABLE,,AMZN,MISSING,,,,,,,,,PRICE_CROSS_CHECK_FAILED,,,,
radar:2026-09-08:1530,2026-09-08T15:30:00-04:00,DATA_UNAVAILABLE,,BA,MISSING,,,,,,,,,PRICE_CROSS_CHECK_FAILED,,,,
radar:2026-09-08:1530,2026-09-08T15:30:00-04:00,DATA_UNAVAILABLE,,AMD,MISSING,,,,,,,,,PRICE_CROSS_CHECK_FAILED,,,,
radar:2026-09-08:1530,2026-09-08T15:30:00-04:00,DATA_UNAVAILABLE,,INTC,MISSING,,,,,,,,,PRICE_CROSS_CHECK_FAILED,,,,
radar:2026-09-08:1530,2026-09-08T15:30:00-04:00,DATA_UNAVAILABLE,,MRVL,MISSING,,,,,,,,,PRICE_CROSS_CHECK_FAILED,,,,
radar:2026-09-08:1530,2026-09-08T15:30:00-04:00,DATA_UNAVAILABLE,,MRNA,MISSING,,,,,,,,,PRICE_CROSS_CHECK_FAILED,,,,
radar:2026-09-08:1530,2026-09-08T15:30:00-04:00,DATA_UNAVAILABLE,,SNDK,MISSING,,,,,,,,,PRICE_CROSS_CHECK_FAILED,,,,
radar:2026-09-08:1530,2026-09-08T15:30:00-04:00,DATA_UNAVAILABLE,,GOOGL,MISSING,,,,,,,,,PRICE_CROSS_CHECK_FAILED,,,,
radar:2026-09-08:1530,2026-09-08T15:30:00-04:00,DATA_UNAVAILABLE,,GS,MISSING,,,,,,,,,PRICE_CROSS_CHECK_FAILED,,,,
radar:2026-09-08:1530,2026-09-08T15:30:00-04:00,DATA_UNAVAILABLE,,ABNB,MISSING,,,,,,,,,PRICE_CROSS_CHECK_FAILED,,,,
radar:2026-09-08:1530,2026-09-08T15:30:00-04:00,DATA_UNAVAILABLE,,DASH,MISSING,,,,,,,,,PRICE_CROSS_CHECK_FAILED,,,,
radar:2026-09-08:1530,2026-09-08T15:30:00-04:00,DATA_UNAVAILABLE,,MU,MISSING,,,,,,,,,PRICE_CROSS_CHECK_FAILED,,,,
radar:2026-09-08:1530,2026-09-08T15:30:00-04:00,DATA_UNAVAILABLE,,GE,MISSING,,,,,,,,,PRICE_CROSS_CHECK_FAILED,,,,
radar:2026-09-08:1530,2026-09-08T15:30:00-04:00,DATA_UNAVAILABLE,,JPM,MISSING,,,,,,,,,PRICE_CROSS_CHECK_FAILED,,,,
radar:2026-09-08:1530,2026-09-08T15:30:00-04:00,DATA_UNAVAILABLE,,BAC,MISSING,,,,,,,,,PRICE_CROSS_CHECK_FAILED,,,,
radar:2026-09-08:1530,2026-09-08T15:30:00-04:00,DATA_UNAVAILABLE,,MS,MISSING,,,,,,,,,PRICE_CROSS_CHECK_FAILED,,,,
radar:2026-09-08:1530,2026-09-08T15:30:00-04:00,DATA_UNAVAILABLE,,WMT,MISSING,,,,,,,,,PRICE_CROSS_CHECK_FAILED,,,,
radar:2026-09-08:1530,2026-09-08T15:30:00-04:00,DATA_UNAVAILABLE,,COIN,MISSING,,,,,,,,,PRICE_CROSS_CHECK_FAILED,,,,
radar:2026-09-08:1530,2026-09-08T15:30:00-04:00,DATA_UNAVAILABLE,,HOOD,MISSING,,,,,,,,,PRICE_CROSS_CHECK_FAILED,,,,
radar:2026-09-08:1530,2026-09-08T15:30:00-04:00,DATA_UNAVAILABLE,,PLTR,MISSING,,,,,,,,,PRICE_CROSS_CHECK_FAILED,,,,
radar:2026-09-08:1530,2026-09-08T15:30:00-04:00,DATA_UNAVAILABLE,,MSTR,MISSING,,,,,,,,,PRICE_CROSS_CHECK_FAILED,,,,
radar:2026-09-08:1530,2026-09-08T15:30:00-04:00,DATA_UNAVAILABLE,,META,MISSING,,,,,,,,,PRICE_CROSS_CHECK_FAILED,,,,
radar:2026-09-08:1530,2026-09-08T15:30:00-04:00,DATA_UNAVAILABLE,,NFLX,MISSING,,,,,,,,,PRICE_CROSS_CHECK_FAILED,,,,
radar:2026-09-08:1530,2026-09-08T15:30:00-04:00,DATA_UNAVAILABLE,,UBER,MISSING,,,,,,,,,PRICE_CROSS_CHECK_FAILED,,,,
radar:2026-09-08:1530,2026-09-08T15:30:00-04:00,DATA_UNAVAILABLE,,PYPL,MISSING,,,,,,,,,PRICE_CROSS_CHECK_FAILED,,,,
radar:2026-09-08:1530,2026-09-08T15:30:00-04:00,DATA_UNAVAILABLE,,V,MISSING,,,,,,,,,PRICE_CROSS_CHECK_FAILED,,,,
radar:2026-09-08:1530,2026-09-08T15:30:00-04:00,DATA_UNAVAILABLE,,EBAY,MISSING,,,,,,,,,PRICE_CROSS_CHECK_FAILED,,,,
radar:2026-09-08:1530,2026-09-08T15:30:00-04:00,DATA_UNAVAILABLE,,DIS,MISSING,,,,,,,,,PRICE_CROSS_CHECK_FAILED,,,,
radar:2026-09-08:1530,2026-09-08T15:30:00-04:00,DATA_UNAVAILABLE,,PG,MISSING,,,,,,,,,PRICE_CROSS_CHECK_FAILED,,,,
radar:2026-09-08:1530,2026-09-08T15:30:00-04:00,DATA_UNAVAILABLE,,CVX,MISSING,,,,,,,,,PRICE_CROSS_CHECK_FAILED,,,,
radar:2026-09-08:1530,2026-09-08T15:30:00-04:00,DATA_UNAVAILABLE,,QCOM,MISSING,,,,,,,,,PRICE_CROSS_CHECK_FAILED,,,,
radar:2026-09-08:1530,2026-09-08T15:30:00-04:00,DATA_UNAVAILABLE,,AMAT,MISSING,,,,,,,,,PRICE_CROSS_CHECK_FAILED,,,,
radar:2026-09-08:1530,2026-09-08T15:30:00-04:00,DATA_UNAVAILABLE,,TSLA,MISSING,,,,,,,,,PRICE_CROSS_CHECK_FAILED,,,,
radar:2026-09-08:1530,2026-09-08T15:30:00-04:00,DATA_UNAVAILABLE,,CSCO,MISSING,,,,,,,,,PRICE_CROSS_CHECK_FAILED,,,,
radar:2026-09-08:1530,2026-09-08T15:30:00-04:00,DATA_UNAVAILABLE,,ALAB,MISSING,,,,,,,,,PRICE_CROSS_CHECK_FAILED,,,,
radar:2026-09-08:1530,2026-09-08T15:30:00-04:00,DATA_UNAVAILABLE,,IBKR,MISSING,,,,,,,,,PRICE_CROSS_CHECK_FAILED,,,,
radar:2026-09-08:1530,2026-09-08T15:30:00-04:00,DATA_UNAVAILABLE,,LHX,MISSING,,,,,,,,,PRICE_CROSS_CHECK_FAILED,,,,
radar:2026-09-08:1530,2026-09-08T15:30:00-04:00,DATA_UNAVAILABLE,,NOC,MISSING,,,,,,,,,PRICE_CROSS_CHECK_FAILED,,,,
radar:2026-09-08:1530,2026-09-08T15:30:00-04:00,DATA_UNAVAILABLE,,ONDS,MISSING,,,,,,,,,PRICE_CROSS_CHECK_FAILED,,,,
radar:2026-09-08:1530,2026-09-08T15:30:00-04:00,DATA_UNAVAILABLE,,SPY,MISSING,,,,,,,,,PRICE_CROSS_CHECK_FAILED,,,,
radar:2026-09-08:1530,2026-09-08T15:30:00-04:00,DATA_UNAVAILABLE,,QQQ,MISSING,,,,,,,,,PRICE_CROSS_CHECK_FAILED,,,,
radar:2026-09-08:1530,2026-09-08T15:30:00-04:00,DATA_UNAVAILABLE,,VOO,MISSING,,,,,,,,,PRICE_CROSS_CHECK_FAILED,,,,
radar:2026-09-08:1530,2026-09-08T15:30:00-04:00,DATA_UNAVAILABLE,,IBIT,MISSING,,,,,,,,,PRICE_CROSS_CHECK_FAILED,,,,
radar:2026-09-08:1530,2026-09-08T15:30:00-04:00,DATA_UNAVAILABLE,,XLE,MISSING,,,,,,,,,PRICE_CROSS_CHECK_FAILED,,,,
radar:2026-09-08:1530,2026-09-08T15:30:00-04:00,DATA_UNAVAILABLE,,GLTR,MISSING,,,,,,,,,PRICE_CROSS_CHECK_FAILED,,,,
radar:2026-09-08:1530,2026-09-08T15:30:00-04:00,DATA_UNAVAILABLE,,REMX,MISSING,,,,,,,,,PRICE_CROSS_CHECK_FAILED,,,,
radar:2026-09-08:1530,2026-09-08T15:30:00-04:00,DATA_UNAVAILABLE,,ITA,MISSING,,,,,,,,,PRICE_CROSS_CHECK_FAILED,,,,
radar:2026-09-08:1530,2026-09-08T15:30:00-04:00,DATA_UNAVAILABLE,,XAR,MISSING,,,,,,,,,PRICE_CROSS_CHECK_FAILED,,,,
radar:2026-09-08:1540,2026-09-08T15:40:00-04:00,COMPLETED,1,QCOM,OK,0.0,11.5,15.8,15.0,15.0,10.0,67.31,56.41,NO_VERIFIED_CATALYST|RISK_TOO_SMALL,172.9,21358763.0,2.475019190208304,
radar:2026-09-08:1540,2026-09-08T15:40:00-04:00,COMPLETED,2,INTC,OK,0.0,20.0,6.29,15.0,15.0,10.0,66.29,55.05,NO_VERIFIED_CATALYST|QUALITY_OR_LANE_BLOCKED,104.955,119382114.0,1.2857562399672449,
radar:2026-09-08:1540,2026-09-08T15:40:00-04:00,COMPLETED,3,TSLA,OK,0.0,19.8,5.58,15.0,15.0,10.0,65.38,53.83,NO_VERIFIED_CATALYST|QUALITY_OR_LANE_BLOCKED,367.8,43100360.0,1.1971848516033512,
radar:2026-09-08:1540,2026-09-08T15:40:00-04:00,COMPLETED,4,AMD,OK,0.0,17.18,6.92,15.0,15.0,10.0,64.1,52.13,NO_VERIFIED_CATALYST|SCORE_BELOW_PLAN_THRESHOLD,504.89,22669390.0,1.3650810813375949,
radar:2026-09-08:1540,2026-09-08T15:40:00-04:00,COMPLETED,5,AMAT,OK,0.0,17.6,0.67,15.0,15.0,10.0,58.27,44.36,NO_VERIFIED_CATALYST|SCORE_BELOW_PLAN_THRESHOLD,470.67,4121068.0,0.5837717835975144,
radar:2026-09-08:1540,2026-09-08T15:40:00-04:00,COMPLETED,6,EBAY,OK,0.0,13.58,3.97,15.0,15.0,10.0,57.55,43.4,NO_VERIFIED_CATALYST,105.09,3915539.0,0.9962311285584664,
radar:2026-09-08:1540,2026-09-08T15:40:00-04:00,COMPLETED,7,ORCL,OK,0.0,8.99,7.74,15.0,15.0,10.0,56.74,42.32,NO_VERIFIED_CATALYST,161.84,31641762.0,1.4679910553950353,
radar:2026-09-08:1540,2026-09-08T15:40:00-04:00,COMPLETED,8,AVGO,OK,0.0,13.1,3.21,15.0,15.0,10.0,56.31,41.75,NO_VERIFIED_CATALYST,367.94,20056389.0,0.9014140033833168,
radar:2026-09-08:1540,2026-09-08T15:40:00-04:00,COMPLETED,9,DELL,OK,0.0,13.84,1.54,15.0,15.0,10.0,55.39,40.52,NO_VERIFIED_CATALYST,532.95,5468948.0,0.6929484560922656,
radar:2026-09-08:1540,2026-09-08T15:40:00-04:00,COMPLETED,10,XLE,OK,0.0,8.02,3.26,13.99,15.0,10.0,50.27,33.69,NO_VERIFIED_CATALYST,64.975,22110510.0,0.9071312171454053,
radar:2026-09-08:1540,2026-09-08T15:40:00-04:00,COMPLETED,11,REMX,OK,0.0,6.69,3.63,14.03,15.0,10.0,49.35,32.46,NO_VERIFIED_CATALYST,76.745,510373.0,0.9532713703209853,
radar:2026-09-08:1540,2026-09-08T15:40:00-04:00,COMPLETED,12,NOC,OK,0.0,6.33,5.32,11.88,15.0,10.0,48.53,31.38,NO_VERIFIED_CATALYST,520.52,748595.0,1.1655558289669128,
radar:2026-09-08:1540,2026-09-08T15:40:00-04:00,COMPLETED,13,ALAB,OK,0.0,14.0,5.98,0.0,15.0,10.0,44.98,26.64,NO_VERIFIED_CATALYST|RELATIVE_STRENGTH_NEGATIVE,293.17,4012206.0,1.2479357699408242,
radar:2026-09-08:1540,2026-09-08T15:40:00-04:00,COMPLETED,14,MRVL,OK,0.0,5.53,1.52,12.54,15.0,10.0,44.59,26.11,NO_VERIFIED_CATALYST,226.2,16009274.0,0.6897255969082827,
radar:2026-09-08:1540,2026-09-08T15:40:00-04:00,COMPLETED,15,UBER,OK,0.0,14.0,5.37,0.0,15.0,10.0,44.37,25.82,NO_VERIFIED_CATALYST|RELATIVE_STRENGTH_NEGATIVE,73.075,17186236.0,1.1708949307089853,
radar:2026-09-08:1540,2026-09-08T15:40:00-04:00,COMPLETED,16,SNDK,OK,0.0,5.19,2.08,12.09,15.0,10.0,44.35,25.81,LIQUIDITY_WEAK|NO_VERIFIED_CATALYST,1759.34,9572580.0,0.7595289244333984,
radar:2026-09-08:1540,2026-09-08T15:40:00-04:00,COMPLETED,17,CVX,OK,0.0,5.21,1.36,12.12,15.0,10.0,43.7,24.93,NO_VERIFIED_CATALYST,210.93,4951749.0,0.6697566863647418,
radar:2026-09-08:1540,2026-09-08T15:40:00-04:00,COMPLETED,18,HOOD,OK,0.0,14.0,4.56,0.0,15.0,10.0,43.56,24.74,NO_VERIFIED_CATALYST|RELATIVE_STRENGTH_NEGATIVE,118.125,21088056.0,1.069725460781956,
radar:2026-09-08:1540,2026-09-08T15:40:00-04:00,COMPLETED,19,ADBE,OK,0.0,14.71,3.76,0.0,15.0,10.0,43.46,24.62,NO_VERIFIED_CATALYST|RELATIVE_STRENGTH_NEGATIVE,257.35,3972579.0,0.9695224537627888,
radar:2026-09-08:1540,2026-09-08T15:40:00-04:00,COMPLETED,20,CDNS,OK,0.0,11.88,6.57,0.0,15.0,10.0,43.45,24.6,NO_VERIFIED_CATALYST|RELATIVE_STRENGTH_NEGATIVE,285.25,2814441.0,1.3215460358155293,
radar:2026-09-08:1540,2026-09-08T15:40:00-04:00,COMPLETED,21,ABNB,OK,0.0,14.0,3.16,0.0,15.0,10.0,42.16,22.87,NO_VERIFIED_CATALYST|RELATIVE_STRENGTH_NEGATIVE,174.0,4357297.0,0.8944543181593136,
radar:2026-09-08:1540,2026-09-08T15:40:00-04:00,COMPLETED,22,DASH,OK,0.0,14.0,2.48,0.0,15.0,10.0,41.48,21.98,NO_VERIFIED_CATALYST|RELATIVE_STRENGTH_NEGATIVE,201.14,3163879.0,0.8104569773372199,
radar:2026-09-08:1540,2026-09-08T15:40:00-04:00,COMPLETED,23,NOW,OK,0.0,14.0,1.1,0.0,15.0,10.0,40.1,20.14,NO_VERIFIED_CATALYST|RELATIVE_STRENGTH_NEGATIVE,133.79,10608934.0,0.6376820591733555,
radar:2026-09-08:1540,2026-09-08T15:40:00-04:00,COMPLETED,24,MSTR,OK,0.0,14.0,0.35,0.0,15.0,10.0,39.35,19.14,NO_VERIFIED_CATALYST|RELATIVE_STRENGTH_NEGATIVE,136.78,14338026.0,0.54398381423981,
radar:2026-09-08:1540,2026-09-08T15:40:00-04:00,COMPLETED,25,WDAY,OK,0.0,14.23,0.0,0.0,15.0,10.0,39.23,18.97,NO_VERIFIED_CATALYST|RELATIVE_STRENGTH_NEGATIVE,186.565,1828287.0,0.3863297536120273,
radar:2026-09-08:1540,2026-09-08T15:40:00-04:00,COMPLETED,26,PYPL,OK,0.0,13.2,0.62,0.0,15.0,10.0,38.82,18.43,NO_VERIFIED_CATALYST|RELATIVE_STRENGTH_NEGATIVE,53.405,6825680.0,0.5774100011772918,
radar:2026-09-08:1540,2026-09-08T15:40:00-04:00,COMPLETED,27,NFLX,OK,0.0,10.28,3.39,0.0,15.0,10.0,38.67,18.22,NO_VERIFIED_CATALYST|RELATIVE_STRENGTH_NEGATIVE,76.73,24565002.0,0.9234543436107924,
radar:2026-09-08:1540,2026-09-08T15:40:00-04:00,COMPLETED,28,COIN,OK,0.0,13.4,0.0,0.0,15.0,10.0,38.4,17.86,NO_VERIFIED_CATALYST|RELATIVE_STRENGTH_NEGATIVE,179.34,4268679.0,0.45317911412235745,
radar:2026-09-08:1540,2026-09-08T15:40:00-04:00,COMPLETED,29,MRNA,OK,0.0,12.92,0.0,0.0,15.0,10.0,37.92,17.23,NO_VERIFIED_CATALYST|RELATIVE_STRENGTH_NEGATIVE,141.52,7947508.0,0.2502855065849313,
radar:2026-09-08:1540,2026-09-08T15:40:00-04:00,COMPLETED,30,XAR,OK,0.0,1.97,1.31,7.95,15.0,10.0,36.22,14.96,NO_VERIFIED_CATALYST,253.985,131731.0,0.6632337960363602,
radar:2026-09-08:1540,2026-09-08T15:40:00-04:00,COMPLETED,31,NVDA,OK,0.0,9.2,1.93,0.0,15.0,10.0,36.13,14.83,NO_VERIFIED_CATALYST|RELATIVE_STRENGTH_NEGATIVE,225.82,90618935.0,0.7410177995401332,
radar:2026-09-08:1540,2026-09-08T15:40:00-04:00,COMPLETED,32,IBIT,OK,0.0,9.68,1.28,0.0,15.0,10.0,35.95,14.61,NO_VERIFIED_CATALYST|RELATIVE_STRENGTH_NEGATIVE,44.434,37104595.0,0.6594627822523095,
radar:2026-09-08:1540,2026-09-08T15:40:00-04:00,COMPLETED,33,PLTR,OK,0.0,10.25,0.21,0.0,15.0,10.0,35.46,13.95,NO_VERIFIED_CATALYST|RELATIVE_STRENGTH_NEGATIVE,170.5,16539537.0,0.5258617905014854,
radar:2026-09-08:1540,2026-09-08T15:40:00-04:00,COMPLETED,34,GOOGL,OK,0.0,3.06,2.09,4.78,15.0,10.0,34.93,13.24,NO_VERIFIED_CATALYST,338.1,16054495.0,0.7607156160843227,
radar:2026-09-08:1540,2026-09-08T15:40:00-04:00,COMPLETED,35,ONDS,OK,0.0,1.53,0.47,7.39,15.0,10.0,34.39,12.52,NO_VERIFIED_CATALYST,7.645,37554871.0,0.5587498795153722,
radar:2026-09-08:1540,2026-09-08T15:40:00-04:00,COMPLETED,36,GLTR,OK,0.0,6.46,2.69,0.0,15.0,10.0,34.15,12.2,NO_VERIFIED_CATALYST|RELATIVE_STRENGTH_NEGATIVE,198.72,46947.0,0.8356763444783987,
radar:2026-09-08:1540,2026-09-08T15:40:00-04:00,COMPLETED,37,PG,OK,0.0,4.99,0.24,3.85,15.0,10.0,34.07,12.1,NO_VERIFIED_CATALYST,146.055,4453273.0,0.5296452338274367,
radar:2026-09-08:1540,2026-09-08T15:40:00-04:00,COMPLETED,38,LHX,OK,0.0,2.45,1.62,3.94,15.0,10.0,33.0,10.67,NO_VERIFIED_CATALYST,255.815,1056353.0,0.7024993239514076,
radar:2026-09-08:1540,2026-09-08T15:40:00-04:00,COMPLETED,39,SNPS,OK,0.0,0.72,2.72,4.49,15.0,10.0,32.94,10.59,NO_VERIFIED_CATALYST,393.23,1398931.0,0.8406042152326728,
radar:2026-09-08:1540,2026-09-08T15:40:00-04:00,COMPLETED,40,QQQ,OK,0.0,0.09,1.97,5.31,15.0,10.0,32.37,9.83,NO_VERIFIED_CATALYST,718.82,21808809.0,0.7466532451433262,
radar:2026-09-08:1540,2026-09-08T15:40:00-04:00,COMPLETED,41,META,OK,0.0,1.38,2.34,3.64,15.0,10.0,32.37,9.82,NO_VERIFIED_CATALYST,614.94,12031506.0,0.7923948460283076,
radar:2026-09-08:1540,2026-09-08T15:40:00-04:00,COMPLETED,42,MSFT,OK,0.0,7.18,0.0,0.0,15.0,10.0,32.18,9.57,NO_VERIFIED_CATALYST|RELATIVE_STRENGTH_NEGATIVE,493.35,10148212.0,0.46514865399794736,
radar:2026-09-08:1540,2026-09-08T15:40:00-04:00,COMPLETED,43,V,OK,0.0,7.02,0.02,0.0,15.0,10.0,32.04,9.39,NO_VERIFIED_CATALYST|RELATIVE_STRENGTH_NEGATIVE,369.425,3156835.0,0.5025745116287357,
radar:2026-09-08:1540,2026-09-08T15:40:00-04:00,COMPLETED,44,MU,OK,0.0,3.87,2.7,0.44,15.0,10.0,32.02,9.36,NO_VERIFIED_CATALYST|RELATIVE_STRENGTH_NEGATIVE,1008.15,22013477.0,0.8376472203897627,
radar:2026-09-08:1540,2026-09-08T15:40:00-04:00,COMPLETED,45,DIS,OK,0.0,4.11,0.28,2.57,15.0,10.0,31.96,9.28,NO_VERIFIED_CATALYST|RELATIVE_STRENGTH_NEGATIVE,104.81,3849957.0,0.5346249318245863,
radar:2026-09-08:1540,2026-09-08T15:40:00-04:00,COMPLETED,46,SPY,OK,0.0,1.88,2.03,3.0,15.0,10.0,31.91,9.22,NO_VERIFIED_CATALYST,767.08,25959986.0,0.7533697457940938,
radar:2026-09-08:1540,2026-09-08T15:40:00-04:00,COMPLETED,47,IBKR,OK,0.0,6.9,0.0,0.0,15.0,10.0,31.9,9.2,NO_VERIFIED_CATALYST|RELATIVE_STRENGTH_NEGATIVE,91.25,1432815.0,0.38877619218859727,
radar:2026-09-08:1540,2026-09-08T15:40:00-04:00,COMPLETED,48,BA,OK,0.0,1.37,1.75,3.66,15.0,10.0,31.78,9.04,NO_VERIFIED_CATALYST,211.625,3342383.0,0.7189968795838919,
radar:2026-09-08:1540,2026-09-08T15:40:00-04:00,COMPLETED,49,JPM,OK,0.0,6.03,0.5,0.0,15.0,10.0,31.53,8.71,NO_VERIFIED_CATALYST|RELATIVE_STRENGTH_NEGATIVE,354.005,2913625.0,0.5628246829056708,
radar:2026-09-08:1540,2026-09-08T15:40:00-04:00,COMPLETED,50,ITA,OK,0.0,2.8,1.82,1.82,15.0,10.0,31.44,8.58,NO_VERIFIED_CATALYST|RELATIVE_STRENGTH_NEGATIVE,224.255,391105.0,0.7270249720895192,
radar:2026-09-08:1540,2026-09-08T15:40:00-04:00,COMPLETED,51,AAPL,OK,0.0,5.43,0.85,0.0,15.0,10.0,31.28,8.37,NO_VERIFIED_CATALYST|RELATIVE_STRENGTH_NEGATIVE,316.25,22823426.0,0.6066886254042194,
radar:2026-09-08:1540,2026-09-08T15:40:00-04:00,COMPLETED,52,AMZN,OK,0.0,3.82,0.73,1.66,15.0,10.0,31.21,8.28,NO_VERIFIED_CATALYST|RELATIVE_STRENGTH_NEGATIVE,256.89,18342051.0,0.591296950391334,
radar:2026-09-08:1540,2026-09-08T15:40:00-04:00,COMPLETED,53,GE,OK,0.0,1.54,1.06,3.45,15.0,10.0,31.04,8.05,NO_VERIFIED_CATALYST,336.01,2100606.0,0.6321196875891365,
radar:2026-09-08:1540,2026-09-08T15:40:00-04:00,COMPLETED,54,BAC,OK,0.0,1.19,0.71,3.89,15.0,10.0,30.79,7.72,NO_VERIFIED_CATALYST,62.52,16218216.0,0.5883032208892751,
radar:2026-09-08:1540,2026-09-08T15:40:00-04:00,COMPLETED,55,CSCO,OK,0.0,0.74,0.0,4.96,15.0,10.0,30.69,7.59,NO_VERIFIED_CATALYST,109.115,8291846.0,0.4471244778250603,
radar:2026-09-08:1540,2026-09-08T15:40:00-04:00,COMPLETED,56,VOO,OK,0.0,1.9,0.53,2.98,15.0,10.0,30.41,7.21,NO_VERIFIED_CATALYST|RELATIVE_STRENGTH_NEGATIVE,705.13,3548269.0,0.5657897361396814,
radar:2026-09-08:1540,2026-09-08T15:40:00-04:00,COMPLETED,57,TXN,OK,0.0,2.29,0.43,2.47,15.0,10.0,30.19,6.92,NO_VERIFIED_CATALYST|RELATIVE_STRENGTH_NEGATIVE,257.17,2825187.0,0.5532090215631564,
radar:2026-09-08:1540,2026-09-08T15:40:00-04:00,COMPLETED,58,WMT,OK,0.0,4.89,0.0,0.19,15.0,10.0,30.07,6.77,NO_VERIFIED_CATALYST|RELATIVE_STRENGTH_NEGATIVE,106.205,12613780.0,0.4760868981347172,
radar:2026-09-08:1540,2026-09-08T15:40:00-04:00,COMPLETED,59,MS,OK,0.0,1.59,0.0,3.38,15.0,10.0,29.97,6.63,NO_VERIFIED_CATALYST,216.98,1703936.0,0.47413108164540996,
radar:2026-09-08:1540,2026-09-08T15:40:00-04:00,COMPLETED,60,GS,OK,0.0,2.17,0.0,2.63,15.0,10.0,29.8,6.4,NO_VERIFIED_CATALYST|RELATIVE_STRENGTH_NEGATIVE,1033.78,651082.0,0.37867374884913474,
radar:2026-09-08:1550,2026-09-08T15:50:00-04:00,COMPLETED,1,QCOM,OK,0.0,12.28,15.58,15.0,15.0,10.0,67.86,57.14,NO_VERIFIED_CATALYST|RISK_TOO_SMALL,173.18,21688091.0,2.447043984221942,
radar:2026-09-08:1550,2026-09-08T15:50:00-04:00,COMPLETED,2,INTC,OK,0.0,20.0,6.22,15.0,15.0,10.0,66.22,54.97,NO_VERIFIED_CATALYST|QUALITY_OR_LANE_BLOCKED,104.95,121879044.0,1.278104575680661,
radar:2026-09-08:1550,2026-09-08T15:50:00-04:00,COMPLETED,3,TSLA,OK,0.0,20.0,5.53,15.0,15.0,10.0,65.53,54.04,NO_VERIFIED_CATALYST|QUALITY_OR_LANE_BLOCKED,368.674,44043856.0,1.1911970913338503,
radar:2026-09-08:1550,2026-09-08T15:50:00-04:00,COMPLETED,4,AMD,OK,0.0,16.74,6.87,15.0,15.0,10.0,63.61,51.48,NO_VERIFIED_CATALYST|SCORE_BELOW_PLAN_THRESHOLD,504.58,23169538.0,1.3584822327983663,
radar:2026-09-08:1550,2026-09-08T15:50:00-04:00,COMPLETED,5,AMAT,OK,0.0,19.01,0.7,15.0,15.0,10.0,59.71,46.28,NO_VERIFIED_CATALYST|SCORE_BELOW_PLAN_THRESHOLD,471.86,4260967.0,0.5877051070745267,
radar:2026-09-08:1550,2026-09-08T15:50:00-04:00,COMPLETED,6,ORCL,OK,0.0,9.58,7.66,15.0,15.0,10.0,57.24,42.99,NO_VERIFIED_CATALYST,162.04,32264626.0,1.4574959614989331,
radar:2026-09-08:1550,2026-09-08T15:50:00-04:00,COMPLETED,7,AVGO,OK,0.0,13.07,3.18,15.0,15.0,10.0,56.25,41.66,NO_VERIFIED_CATALYST,367.92,20497968.0,0.8970163147507886,
radar:2026-09-08:1550,2026-09-08T15:50:00-04:00,COMPLETED,8,DELL,OK,0.0,11.98,1.57,15.0,15.0,10.0,53.55,38.06,NO_VERIFIED_CATALYST,532.08,5639302.0,0.6957295749611103,
radar:2026-09-08:1550,2026-09-08T15:50:00-04:00,COMPLETED,9,EBAY,OK,0.0,10.69,4.1,12.17,15.0,10.0,51.97,35.96,NO_VERIFIED_CATALYST,104.45,4089457.0,1.0130996717936755,
radar:2026-09-08:1550,2026-09-08T15:50:00-04:00,COMPLETED,10,REMX,OK,0.0,6.29,3.59,14.23,15.0,10.0,49.11,32.15,NO_VERIFIED_CATALYST,76.68,521898.0,0.9491447863255338,
radar:2026-09-08:1550,2026-09-08T15:50:00-04:00,COMPLETED,11,XLE,OK,0.0,6.33,3.28,13.77,15.0,10.0,48.39,31.18,NO_VERIFIED_CATALYST,64.875,22794241.0,0.9105723595368923,
radar:2026-09-08:1550,2026-09-08T15:50:00-04:00,COMPLETED,12,NOC,OK,0.0,4.71,5.33,11.69,15.0,10.0,46.73,28.97,NO_VERIFIED_CATALYST,519.74,769418.0,1.1664509352059518,
radar:2026-09-08:1550,2026-09-08T15:50:00-04:00,COMPLETED,13,CDNS,OK,0.0,13.85,6.68,0.0,15.0,10.0,45.52,27.37,NO_VERIFIED_CATALYST|RELATIVE_STRENGTH_NEGATIVE,284.015,2919228.0,1.3346768828448794,
radar:2026-09-08:1550,2026-09-08T15:50:00-04:00,COMPLETED,14,ALAB,OK,0.0,14.0,6.07,0.0,15.0,10.0,45.07,26.76,LIQUIDITY_WEAK|NO_VERIFIED_CATALYST|RELATIVE_STRENGTH_NEGATIVE,289.325,4156461.0,1.258782495430665,
radar:2026-09-08:1550,2026-09-08T15:50:00-04:00,COMPLETED,15,UBER,OK,0.0,14.0,5.43,0.0,15.0,10.0,44.43,25.91,NO_VERIFIED_CATALYST|RELATIVE_STRENGTH_NEGATIVE,73.195,17772263.0,1.1789567165760497,
radar:2026-09-08:1550,2026-09-08T15:50:00-04:00,COMPLETED,16,HOOD,OK,0.0,14.0,4.61,0.0,15.0,10.0,43.61,24.81,NO_VERIFIED_CATALYST|RELATIVE_STRENGTH_NEGATIVE,117.87,21778129.0,1.0756582869525306,
radar:2026-09-08:1550,2026-09-08T15:50:00-04:00,COMPLETED,17,ADBE,OK,0.0,14.24,3.84,0.0,15.0,10.0,43.08,24.11,NO_VERIFIED_CATALYST|RELATIVE_STRENGTH_NEGATIVE,257.15,4125143.0,0.9802623268249506,
radar:2026-09-08:1550,2026-09-08T15:50:00-04:00,COMPLETED,18,CVX,OK,0.0,4.51,1.45,11.94,15.0,10.0,42.9,23.86,NO_VERIFIED_CATALYST,210.615,5176867.0,0.6817786827587397,
radar:2026-09-08:1550,2026-09-08T15:50:00-04:00,COMPLETED,19,MRVL,OK,0.0,4.42,1.55,11.82,15.0,10.0,42.78,23.71,NO_VERIFIED_CATALYST,225.665,16545805.0,0.6940816818145211,
radar:2026-09-08:1550,2026-09-08T15:50:00-04:00,COMPLETED,20,ABNB,OK,0.0,14.0,3.25,0.0,15.0,10.0,42.25,22.99,NO_VERIFIED_CATALYST|RELATIVE_STRENGTH_NEGATIVE,174.23,4531603.0,0.9057551927210091,
radar:2026-09-08:1550,2026-09-08T15:50:00-04:00,COMPLETED,21,DASH,OK,0.0,14.0,2.65,0.0,15.0,10.0,41.65,22.2,NO_VERIFIED_CATALYST|RELATIVE_STRENGTH_NEGATIVE,200.5,3334375.0,0.8316536840338795,
radar:2026-09-08:1550,2026-09-08T15:50:00-04:00,COMPLETED,22,NOW,OK,0.0,14.0,1.16,0.0,15.0,10.0,40.16,20.21,NO_VERIFIED_CATALYST|RELATIVE_STRENGTH_NEGATIVE,134.09,11021849.0,0.6450670857256334,
radar:2026-09-08:1550,2026-09-08T15:50:00-04:00,COMPLETED,23,PYPL,OK,0.0,14.0,0.73,0.0,15.0,10.0,39.73,19.63,NO_VERIFIED_CATALYST|RELATIVE_STRENGTH_NEGATIVE,53.265,7171520.0,0.59070081067405,
radar:2026-09-08:1550,2026-09-08T15:50:00-04:00,COMPLETED,24,MSTR,OK,0.0,14.0,0.32,0.0,15.0,10.0,39.32,19.09,NO_VERIFIED_CATALYST|RELATIVE_STRENGTH_NEGATIVE,136.5,14605313.0,0.5395422488905358,
radar:2026-09-08:1550,2026-09-08T15:50:00-04:00,COMPLETED,25,WDAY,OK,0.0,14.0,0.0,0.0,15.0,10.0,39.0,18.67,NO_VERIFIED_CATALYST|RELATIVE_STRENGTH_NEGATIVE,186.47,1909156.0,0.39280153615038305,
radar:2026-09-08:1550,2026-09-08T15:50:00-04:00,COMPLETED,26,MRNA,OK,0.0,14.0,0.0,0.0,15.0,10.0,39.0,18.67,LIQUIDITY_WEAK|NO_VERIFIED_CATALYST|RELATIVE_STRENGTH_NEGATIVE,140.22,8295040.0,0.2543555318008021,
radar:2026-09-08:1550,2026-09-08T15:50:00-04:00,COMPLETED,27,COIN,OK,0.0,14.0,0.0,0.0,15.0,10.0,39.0,18.67,NO_VERIFIED_CATALYST|RELATIVE_STRENGTH_NEGATIVE,178.94,4427874.0,0.4577091743987497,
radar:2026-09-08:1550,2026-09-08T15:50:00-04:00,COMPLETED,28,NFLX,OK,0.0,10.17,3.44,0.0,15.0,10.0,38.61,18.14,NO_VERIFIED_CATALYST|RELATIVE_STRENGTH_NEGATIVE,76.545,25406024.0,0.9299365202543882,
radar:2026-09-08:1550,2026-09-08T15:50:00-04:00,COMPLETED,29,NVDA,OK,0.0,9.9,1.92,0.0,15.0,10.0,36.82,15.76,NO_VERIFIED_CATALYST|RELATIVE_STRENGTH_NEGATIVE,225.475,92963556.0,0.7401851861038771,
radar:2026-09-08:1550,2026-09-08T15:50:00-04:00,COMPLETED,30,ONDS,OK,0.0,2.14,0.43,8.9,15.0,10.0,36.47,15.3,NO_VERIFIED_CATALYST,7.655,38253463.0,0.5541660294871509,
radar:2026-09-08:1550,2026-09-08T15:50:00-04:00,COMPLETED,31,PLTR,OK,0.0,10.57,0.23,0.0,15.0,10.0,35.8,14.4,NO_VERIFIED_CATALYST|RELATIVE_STRENGTH_NEGATIVE,170.38,17068378.0,0.5283947514329567,
radar:2026-09-08:1550,2026-09-08T15:50:00-04:00,COMPLETED,32,GOOGL,OK,0.0,2.98,2.12,5.59,15.0,10.0,35.69,14.26,NO_VERIFIED_CATALYST,338.15,16590712.0,0.7654356433793122,
radar:2026-09-08:1550,2026-09-08T15:50:00-04:00,COMPLETED,33,IBIT,OK,0.0,9.36,1.24,0.0,15.0,10.0,35.6,14.13,NO_VERIFIED_CATALYST|RELATIVE_STRENGTH_NEGATIVE,44.34,37825823.0,0.6545893812811158,
radar:2026-09-08:1550,2026-09-08T15:50:00-04:00,COMPLETED,34,SNDK,OK,0.0,0.71,2.23,7.06,15.0,10.0,35.0,13.33,LIQUIDITY_WEAK|NO_VERIFIED_CATALYST,1742.665,10073798.0,0.7782632546611283,
radar:2026-09-08:1550,2026-09-08T15:50:00-04:00,COMPLETED,35,XAR,OK,0.0,1.11,1.32,7.56,15.0,10.0,34.99,13.32,NO_VERIFIED_CATALYST,253.52,135716.0,0.6653155676518957,
radar:2026-09-08:1550,2026-09-08T15:50:00-04:00,COMPLETED,36,GLTR,OK,0.0,6.48,2.59,0.0,15.0,10.0,34.08,12.1,NO_VERIFIED_CATALYST|RELATIVE_STRENGTH_NEGATIVE,198.71,47533.0,0.8238411177082344,
radar:2026-09-08:1550,2026-09-08T15:50:00-04:00,COMPLETED,37,SNPS,OK,0.0,1.24,2.8,4.54,15.0,10.0,33.58,11.44,NO_VERIFIED_CATALYST,392.79,1452555.0,0.849856949129352,
radar:2026-09-08:1550,2026-09-08T15:50:00-04:00,COMPLETED,38,META,OK,0.0,0.62,2.38,5.35,15.0,10.0,33.34,11.12,NO_VERIFIED_CATALYST,615.956,12433904.0,0.7973465786090735,
radar:2026-09-08:1550,2026-09-08T15:50:00-04:00,COMPLETED,39,IBKR,OK,0.0,8.16,0.0,0.0,15.0,10.0,33.16,10.88,NO_VERIFIED_CATALYST|RELATIVE_STRENGTH_NEGATIVE,91.0,1484540.0,0.39221068521068736,
radar:2026-09-08:1550,2026-09-08T15:50:00-04:00,COMPLETED,40,MU,OK,0.0,5.37,2.71,0.0,15.0,10.0,33.08,10.77,NO_VERIFIED_CATALYST|RELATIVE_STRENGTH_NEGATIVE,1004.885,22627180.0,0.8383414011287272,
radar:2026-09-08:1550,2026-09-08T15:50:00-04:00,COMPLETED,41,DIS,OK,0.0,4.03,0.45,3.52,15.0,10.0,33.0,10.67,NO_VERIFIED_CATALYST,104.85,4110500.0,0.5557838930041604,
radar:2026-09-08:1550,2026-09-08T15:50:00-04:00,COMPLETED,42,QQQ,OK,0.0,0.46,1.97,5.55,15.0,10.0,32.98,10.63,NO_VERIFIED_CATALYST,718.255,22372955.0,0.7458102230697887,
radar:2026-09-08:1550,2026-09-08T15:50:00-04:00,COMPLETED,43,LHX,OK,0.0,2.19,1.77,3.83,15.0,10.0,32.79,10.39,NO_VERIFIED_CATALYST,255.465,1112981.0,0.7206801595368485,
radar:2026-09-08:1550,2026-09-08T15:50:00-04:00,COMPLETED,44,SPY,OK,0.0,2.44,2.19,3.0,15.0,10.0,32.63,10.17,NO_VERIFIED_CATALYST,766.16,27366104.0,0.7732762465207481,
radar:2026-09-08:1550,2026-09-08T15:50:00-04:00,COMPLETED,45,PG,OK,0.0,4.53,0.22,2.82,15.0,10.0,32.57,10.09,NO_VERIFIED_CATALYST|RELATIVE_STRENGTH_NEGATIVE,145.63,4559289.0,0.5279841017703603,
radar:2026-09-08:1550,2026-09-08T15:50:00-04:00,COMPLETED,46,V,OK,0.0,7.27,0.07,0.0,15.0,10.0,32.34,9.78,NO_VERIFIED_CATALYST|RELATIVE_STRENGTH_NEGATIVE,369.23,3283068.0,0.5089163800631432,
radar:2026-09-08:1550,2026-09-08T15:50:00-04:00,COMPLETED,47,BA,OK,0.0,1.97,1.72,3.61,15.0,10.0,32.3,9.73,NO_VERIFIED_CATALYST,211.355,3414828.0,0.7152495620805859,
radar:2026-09-08:1550,2026-09-08T15:50:00-04:00,COMPLETED,48,MSFT,OK,0.0,7.17,0.0,0.0,15.0,10.0,32.17,9.56,NO_VERIFIED_CATALYST|RELATIVE_STRENGTH_NEGATIVE,493.485,10504866.0,0.468824964320672,
radar:2026-09-08:1550,2026-09-08T15:50:00-04:00,COMPLETED,49,AMZN,OK,0.0,3.8,0.77,2.43,15.0,10.0,31.99,9.32,NO_VERIFIED_CATALYST|RELATIVE_STRENGTH_NEGATIVE,256.91,18993635.0,0.596188789355037,
radar:2026-09-08:1550,2026-09-08T15:50:00-04:00,COMPLETED,50,ITA,OK,0.0,4.05,1.86,0.93,15.0,10.0,31.84,9.12,NO_VERIFIED_CATALYST|RELATIVE_STRENGTH_NEGATIVE,223.65,404657.0,0.7324213453928323,
radar:2026-09-08:1550,2026-09-08T15:50:00-04:00,COMPLETED,51,JPM,OK,0.0,6.21,0.57,0.0,15.0,10.0,31.78,9.04,NO_VERIFIED_CATALYST|RELATIVE_STRENGTH_NEGATIVE,353.87,3038782.0,0.5715536475222467,
radar:2026-09-08:1550,2026-09-08T15:50:00-04:00,COMPLETED,52,AAPL,OK,0.0,5.53,0.87,0.0,15.0,10.0,31.4,8.53,NO_VERIFIED_CATALYST|RELATIVE_STRENGTH_NEGATIVE,316.18,23525136.0,0.6088848017901354,
radar:2026-09-08:1550,2026-09-08T15:50:00-04:00,COMPLETED,53,GE,OK,0.0,2.96,1.09,2.33,15.0,10.0,31.38,8.51,NO_VERIFIED_CATALYST|RELATIVE_STRENGTH_NEGATIVE,334.981,2171516.0,0.6362616154097708,
radar:2026-09-08:1550,2026-09-08T15:50:00-04:00,COMPLETED,54,BAC,OK,0.0,1.97,0.71,3.6,15.0,10.0,31.28,8.38,NO_VERIFIED_CATALYST,62.415,16657762.0,0.5883459572752352,
radar:2026-09-08:1550,2026-09-08T15:50:00-04:00,COMPLETED,55,TXN,OK,0.0,1.41,0.47,4.33,15.0,10.0,31.21,8.28,NO_VERIFIED_CATALYST,257.66,2932224.0,0.5590583954348886,
radar:2026-09-08:1550,2026-09-08T15:50:00-04:00,COMPLETED,56,VOO,OK,0.0,2.45,0.5,3.0,15.0,10.0,30.94,7.93,NO_VERIFIED_CATALYST|RELATIVE_STRENGTH_NEGATIVE,704.3,3625898.0,0.5629529322238421,
radar:2026-09-08:1550,2026-09-08T15:50:00-04:00,COMPLETED,57,CSCO,OK,0.0,0.78,0.0,5.14,15.0,10.0,30.92,7.89,NO_VERIFIED_CATALYST,109.018,8509476.0,0.44678441058787993,
radar:2026-09-08:1550,2026-09-08T15:50:00-04:00,COMPLETED,58,GS,OK,0.0,2.26,0.0,3.24,15.0,10.0,30.5,7.33,NO_VERIFIED_CATALYST,1033.59,678729.0,0.3843650501381277,
radar:2026-09-08:1550,2026-09-08T15:50:00-04:00,COMPLETED,59,MS,OK,0.0,2.42,0.0,3.03,15.0,10.0,30.45,7.26,NO_VERIFIED_CATALYST,216.59,1803526.0,0.4886360789041859,
radar:2026-09-08:1550,2026-09-08T15:50:00-04:00,COMPLETED,60,WMT,OK,0.0,5.29,0.0,0.0,15.0,10.0,30.29,7.06,NO_VERIFIED_CATALYST|RELATIVE_STRENGTH_NEGATIVE,105.925,13043102.0,0.479335774763002,
