run_id,scheduled_for,run_status,rank,symbol,data_status,catalyst_or_continuation,price_momentum,volume_liquidity,relative_strength_sector,entry_invalidation_structure,risk_reward,total,discovery_total,reasons,last,volume,relative_volume,plan_id
radar:2026-09-09:0950,2026-09-09T09:50:00-04:00,DATA_UNAVAILABLE,,NVDA,MISSING,,,,,,,,,PRICE_CROSS_CHECK_FAILED,,,,
radar:2026-09-09:0950,2026-09-09T09:50:00-04:00,DATA_UNAVAILABLE,,AVGO,MISSING,,,,,,,,,PRICE_CROSS_CHECK_FAILED,,,,
radar:2026-09-09:0950,2026-09-09T09:50:00-04:00,DATA_UNAVAILABLE,,DELL,MISSING,,,,,,,,,PRICE_CROSS_CHECK_FAILED,,,,
radar:2026-09-09:0950,2026-09-09T09:50:00-04:00,DATA_UNAVAILABLE,,AAPL,MISSING,,,,,,,,,PRICE_CROSS_CHECK_FAILED,,,,
radar:2026-09-09:0950,2026-09-09T09:50:00-04:00,DATA_UNAVAILABLE,,TXN,MISSING,,,,,,,,,PRICE_CROSS_CHECK_FAILED,,,,
radar:2026-09-09:0950,2026-09-09T09:50:00-04:00,DATA_UNAVAILABLE,,CDNS,MISSING,,,,,,,,,PRICE_CROSS_CHECK_FAILED,,,,
radar:2026-09-09:0950,2026-09-09T09:50:00-04:00,DATA_UNAVAILABLE,,SNPS,MISSING,,,,,,,,,PRICE_CROSS_CHECK_FAILED,,,,
radar:2026-09-09:0950,2026-09-09T09:50:00-04:00,DATA_UNAVAILABLE,,ORCL,MISSING,,,,,,,,,PRICE_CROSS_CHECK_FAILED,,,,
radar:2026-09-09:0950,2026-09-09T09:50:00-04:00,DATA_UNAVAILABLE,,NOW,MISSING,,,,,,,,,PRICE_CROSS_CHECK_FAILED,,,,
radar:2026-09-09:0950,2026-09-09T09:50:00-04:00,DATA_UNAVAILABLE,,ADBE,MISSING,,,,,,,,,PRICE_CROSS_CHECK_FAILED,,,,
radar:2026-09-09:0950,2026-09-09T09:50:00-04:00,DATA_UNAVAILABLE,,WDAY,MISSING,,,,,,,,,PRICE_CROSS_CHECK_FAILED,,,,
radar:2026-09-09:0950,2026-09-09T09:50:00-04:00,DATA_UNAVAILABLE,,MSFT,MISSING,,,,,,,,,PRICE_CROSS_CHECK_FAILED,,,,
radar:2026-09-09:0950,2026-09-09T09:50:00-04:00,DATA_UNAVAILABLE,,AMZN,MISSING,,,,,,,,,PRICE_CROSS_CHECK_FAILED,,,,
radar:2026-09-09:0950,2026-09-09T09:50:00-04:00,DATA_UNAVAILABLE,,BA,MISSING,,,,,,,,,PRICE_CROSS_CHECK_FAILED,,,,
radar:2026-09-09:0950,2026-09-09T09:50:00-04:00,DATA_UNAVAILABLE,,AMD,MISSING,,,,,,,,,PRICE_CROSS_CHECK_FAILED,,,,
radar:2026-09-09:0950,2026-09-09T09:50:00-04:00,DATA_UNAVAILABLE,,INTC,MISSING,,,,,,,,,PRICE_CROSS_CHECK_FAILED,,,,
radar:2026-09-09:0950,2026-09-09T09:50:00-04:00,DATA_UNAVAILABLE,,MRVL,MISSING,,,,,,,,,PRICE_CROSS_CHECK_FAILED,,,,
radar:2026-09-09:0950,2026-09-09T09:50:00-04:00,DATA_UNAVAILABLE,,MRNA,MISSING,,,,,,,,,PRICE_CROSS_CHECK_FAILED,,,,
radar:2026-09-09:0950,2026-09-09T09:50:00-04:00,DATA_UNAVAILABLE,,SNDK,MISSING,,,,,,,,,PRICE_CROSS_CHECK_FAILED,,,,
radar:2026-09-09:0950,2026-09-09T09:50:00-04:00,DATA_UNAVAILABLE,,GOOGL,MISSING,,,,,,,,,PRICE_CROSS_CHECK_FAILED,,,,
radar:2026-09-09:0950,2026-09-09T09:50:00-04:00,DATA_UNAVAILABLE,,GS,MISSING,,,,,,,,,PRICE_CROSS_CHECK_FAILED,,,,
radar:2026-09-09:0950,2026-09-09T09:50:00-04:00,DATA_UNAVAILABLE,,ABNB,MISSING,,,,,,,,,PRICE_CROSS_CHECK_FAILED,,,,
radar:2026-09-09:0950,2026-09-09T09:50:00-04:00,DATA_UNAVAILABLE,,DASH,MISSING,,,,,,,,,PRICE_CROSS_CHECK_FAILED,,,,
radar:2026-09-09:0950,2026-09-09T09:50:00-04:00,DATA_UNAVAILABLE,,MU,MISSING,,,,,,,,,PRICE_CROSS_CHECK_FAILED,,,,
radar:2026-09-09:0950,2026-09-09T09:50:00-04:00,DATA_UNAVAILABLE,,GE,MISSING,,,,,,,,,PRICE_CROSS_CHECK_FAILED,,,,
radar:2026-09-09:0950,2026-09-09T09:50:00-04:00,DATA_UNAVAILABLE,,JPM,MISSING,,,,,,,,,PRICE_CROSS_CHECK_FAILED,,,,
radar:2026-09-09:0950,2026-09-09T09:50:00-04:00,DATA_UNAVAILABLE,,BAC,MISSING,,,,,,,,,PRICE_CROSS_CHECK_FAILED,,,,
radar:2026-09-09:0950,2026-09-09T09:50:00-04:00,DATA_UNAVAILABLE,,MS,MISSING,,,,,,,,,PRICE_CROSS_CHECK_FAILED,,,,
radar:2026-09-09:0950,2026-09-09T09:50:00-04:00,DATA_UNAVAILABLE,,WMT,MISSING,,,,,,,,,PRICE_CROSS_CHECK_FAILED,,,,
radar:2026-09-09:0950,2026-09-09T09:50:00-04:00,DATA_UNAVAILABLE,,COIN,MISSING,,,,,,,,,PRICE_CROSS_CHECK_FAILED,,,,
radar:2026-09-09:0950,2026-09-09T09:50:00-04:00,DATA_UNAVAILABLE,,HOOD,MISSING,,,,,,,,,PRICE_CROSS_CHECK_FAILED,,,,
radar:2026-09-09:0950,2026-09-09T09:50:00-04:00,DATA_UNAVAILABLE,,PLTR,MISSING,,,,,,,,,PRICE_CROSS_CHECK_FAILED,,,,
radar:2026-09-09:0950,2026-09-09T09:50:00-04:00,DATA_UNAVAILABLE,,MSTR,MISSING,,,,,,,,,PRICE_CROSS_CHECK_FAILED,,,,
radar:2026-09-09:0950,2026-09-09T09:50:00-04:00,DATA_UNAVAILABLE,,META,MISSING,,,,,,,,,PRICE_CROSS_CHECK_FAILED,,,,
radar:2026-09-09:0950,2026-09-09T09:50:00-04:00,DATA_UNAVAILABLE,,NFLX,MISSING,,,,,,,,,PRICE_CROSS_CHECK_FAILED,,,,
radar:2026-09-09:0950,2026-09-09T09:50:00-04:00,DATA_UNAVAILABLE,,UBER,MISSING,,,,,,,,,PRICE_CROSS_CHECK_FAILED,,,,
radar:2026-09-09:0950,2026-09-09T09:50:00-04:00,DATA_UNAVAILABLE,,PYPL,MISSING,,,,,,,,,PRICE_CROSS_CHECK_FAILED,,,,
radar:2026-09-09:0950,2026-09-09T09:50:00-04:00,DATA_UNAVAILABLE,,V,MISSING,,,,,,,,,PRICE_CROSS_CHECK_FAILED,,,,
radar:2026-09-09:0950,2026-09-09T09:50:00-04:00,DATA_UNAVAILABLE,,EBAY,MISSING,,,,,,,,,PRICE_CROSS_CHECK_FAILED,,,,
radar:2026-09-09:0950,2026-09-09T09:50:00-04:00,DATA_UNAVAILABLE,,DIS,MISSING,,,,,,,,,PRICE_CROSS_CHECK_FAILED,,,,
radar:2026-09-09:0950,2026-09-09T09:50:00-04:00,DATA_UNAVAILABLE,,PG,MISSING,,,,,,,,,PRICE_CROSS_CHECK_FAILED,,,,
radar:2026-09-09:0950,2026-09-09T09:50:00-04:00,DATA_UNAVAILABLE,,CVX,MISSING,,,,,,,,,PRICE_CROSS_CHECK_FAILED,,,,
radar:2026-09-09:0950,2026-09-09T09:50:00-04:00,DATA_UNAVAILABLE,,QCOM,MISSING,,,,,,,,,PRICE_CROSS_CHECK_FAILED,,,,
radar:2026-09-09:0950,2026-09-09T09:50:00-04:00,DATA_UNAVAILABLE,,AMAT,MISSING,,,,,,,,,PRICE_CROSS_CHECK_FAILED,,,,
radar:2026-09-09:0950,2026-09-09T09:50:00-04:00,DATA_UNAVAILABLE,,TSLA,MISSING,,,,,,,,,PRICE_CROSS_CHECK_FAILED,,,,
radar:2026-09-09:0950,2026-09-09T09:50:00-04:00,DATA_UNAVAILABLE,,CSCO,MISSING,,,,,,,,,PRICE_CROSS_CHECK_FAILED,,,,
radar:2026-09-09:0950,2026-09-09T09:50:00-04:00,DATA_UNAVAILABLE,,ALAB,MISSING,,,,,,,,,PRICE_CROSS_CHECK_FAILED,,,,
radar:2026-09-09:0950,2026-09-09T09:50:00-04:00,DATA_UNAVAILABLE,,IBKR,MISSING,,,,,,,,,PRICE_CROSS_CHECK_FAILED,,,,
radar:2026-09-09:0950,2026-09-09T09:50:00-04:00,DATA_UNAVAILABLE,,LHX,MISSING,,,,,,,,,PRICE_CROSS_CHECK_FAILED,,,,
radar:2026-09-09:0950,2026-09-09T09:50:00-04:00,DATA_UNAVAILABLE,,NOC,MISSING,,,,,,,,,PRICE_CROSS_CHECK_FAILED,,,,
radar:2026-09-09:0950,2026-09-09T09:50:00-04:00,DATA_UNAVAILABLE,,ONDS,MISSING,,,,,,,,,PRICE_CROSS_CHECK_FAILED,,,,
radar:2026-09-09:0950,2026-09-09T09:50:00-04:00,DATA_UNAVAILABLE,,SPY,MISSING,,,,,,,,,PRICE_CROSS_CHECK_FAILED,,,,
radar:2026-09-09:0950,2026-09-09T09:50:00-04:00,DATA_UNAVAILABLE,,QQQ,MISSING,,,,,,,,,PRICE_CROSS_CHECK_FAILED,,,,
radar:2026-09-09:0950,2026-09-09T09:50:00-04:00,DATA_UNAVAILABLE,,VOO,MISSING,,,,,,,,,PRICE_CROSS_CHECK_FAILED,,,,
radar:2026-09-09:0950,2026-09-09T09:50:00-04:00,DATA_UNAVAILABLE,,IBIT,MISSING,,,,,,,,,PRICE_CROSS_CHECK_FAILED,,,,
radar:2026-09-09:0950,2026-09-09T09:50:00-04:00,DATA_UNAVAILABLE,,XLE,MISSING,,,,,,,,,PRICE_CROSS_CHECK_FAILED,,,,
radar:2026-09-09:0950,2026-09-09T09:50:00-04:00,DATA_UNAVAILABLE,,GLTR,MISSING,,,,,,,,,PRICE_CROSS_CHECK_FAILED,,,,
radar:2026-09-09:0950,2026-09-09T09:50:00-04:00,DATA_UNAVAILABLE,,REMX,MISSING,,,,,,,,,PRICE_CROSS_CHECK_FAILED,,,,
radar:2026-09-09:0950,2026-09-09T09:50:00-04:00,DATA_UNAVAILABLE,,ITA,MISSING,,,,,,,,,PRICE_CROSS_CHECK_FAILED,,,,
radar:2026-09-09:0950,2026-09-09T09:50:00-04:00,DATA_UNAVAILABLE,,XAR,MISSING,,,,,,,,,PRICE_CROSS_CHECK_FAILED,,,,
radar:2026-09-09:1000,2026-09-09T10:00:00-04:00,DATA_UNAVAILABLE,,NVDA,MISSING,,,,,,,,,PRICE_CROSS_CHECK_FAILED,,,,
radar:2026-09-09:1000,2026-09-09T10:00:00-04:00,DATA_UNAVAILABLE,,AVGO,MISSING,,,,,,,,,PRICE_CROSS_CHECK_FAILED,,,,
radar:2026-09-09:1000,2026-09-09T10:00:00-04:00,DATA_UNAVAILABLE,,DELL,MISSING,,,,,,,,,PRICE_CROSS_CHECK_FAILED,,,,
radar:2026-09-09:1000,2026-09-09T10:00:00-04:00,DATA_UNAVAILABLE,,AAPL,MISSING,,,,,,,,,PRICE_CROSS_CHECK_FAILED,,,,
radar:2026-09-09:1000,2026-09-09T10:00:00-04:00,DATA_UNAVAILABLE,,TXN,MISSING,,,,,,,,,PRICE_CROSS_CHECK_FAILED,,,,
radar:2026-09-09:1000,2026-09-09T10:00:00-04:00,DATA_UNAVAILABLE,,CDNS,MISSING,,,,,,,,,PRICE_CROSS_CHECK_FAILED,,,,
radar:2026-09-09:1000,2026-09-09T10:00:00-04:00,DATA_UNAVAILABLE,,SNPS,MISSING,,,,,,,,,PRICE_CROSS_CHECK_FAILED,,,,
radar:2026-09-09:1000,2026-09-09T10:00:00-04:00,DATA_UNAVAILABLE,,ORCL,MISSING,,,,,,,,,PRICE_CROSS_CHECK_FAILED,,,,
radar:2026-09-09:1000,2026-09-09T10:00:00-04:00,DATA_UNAVAILABLE,,NOW,MISSING,,,,,,,,,PRICE_CROSS_CHECK_FAILED,,,,
radar:2026-09-09:1000,2026-09-09T10:00:00-04:00,DATA_UNAVAILABLE,,ADBE,MISSING,,,,,,,,,PRICE_CROSS_CHECK_FAILED,,,,
radar:2026-09-09:1000,2026-09-09T10:00:00-04:00,DATA_UNAVAILABLE,,WDAY,MISSING,,,,,,,,,PRICE_CROSS_CHECK_FAILED,,,,
radar:2026-09-09:1000,2026-09-09T10:00:00-04:00,DATA_UNAVAILABLE,,MSFT,MISSING,,,,,,,,,PRICE_CROSS_CHECK_FAILED,,,,
radar:2026-09-09:1000,2026-09-09T10:00:00-04:00,DATA_UNAVAILABLE,,AMZN,MISSING,,,,,,,,,PRICE_CROSS_CHECK_FAILED,,,,
radar:2026-09-09:1000,2026-09-09T10:00:00-04:00,DATA_UNAVAILABLE,,BA,MISSING,,,,,,,,,PRICE_CROSS_CHECK_FAILED,,,,
radar:2026-09-09:1000,2026-09-09T10:00:00-04:00,DATA_UNAVAILABLE,,AMD,MISSING,,,,,,,,,PRICE_CROSS_CHECK_FAILED,,,,
radar:2026-09-09:1000,2026-09-09T10:00:00-04:00,DATA_UNAVAILABLE,,INTC,MISSING,,,,,,,,,PRICE_CROSS_CHECK_FAILED,,,,
radar:2026-09-09:1000,2026-09-09T10:00:00-04:00,DATA_UNAVAILABLE,,MRVL,MISSING,,,,,,,,,PRICE_CROSS_CHECK_FAILED,,,,
radar:2026-09-09:1000,2026-09-09T10:00:00-04:00,DATA_UNAVAILABLE,,MRNA,MISSING,,,,,,,,,PRICE_CROSS_CHECK_FAILED,,,,
radar:2026-09-09:1000,2026-09-09T10:00:00-04:00,DATA_UNAVAILABLE,,SNDK,MISSING,,,,,,,,,PRICE_CROSS_CHECK_FAILED,,,,
radar:2026-09-09:1000,2026-09-09T10:00:00-04:00,DATA_UNAVAILABLE,,GOOGL,MISSING,,,,,,,,,PRICE_CROSS_CHECK_FAILED,,,,
radar:2026-09-09:1000,2026-09-09T10:00:00-04:00,DATA_UNAVAILABLE,,GS,MISSING,,,,,,,,,PRICE_CROSS_CHECK_FAILED,,,,
radar:2026-09-09:1000,2026-09-09T10:00:00-04:00,DATA_UNAVAILABLE,,ABNB,MISSING,,,,,,,,,PRICE_CROSS_CHECK_FAILED,,,,
radar:2026-09-09:1000,2026-09-09T10:00:00-04:00,DATA_UNAVAILABLE,,DASH,MISSING,,,,,,,,,PRICE_CROSS_CHECK_FAILED,,,,
radar:2026-09-09:1000,2026-09-09T10:00:00-04:00,DATA_UNAVAILABLE,,MU,MISSING,,,,,,,,,PRICE_CROSS_CHECK_FAILED,,,,
radar:2026-09-09:1000,2026-09-09T10:00:00-04:00,DATA_UNAVAILABLE,,GE,MISSING,,,,,,,,,PRICE_CROSS_CHECK_FAILED,,,,
radar:2026-09-09:1000,2026-09-09T10:00:00-04:00,DATA_UNAVAILABLE,,JPM,MISSING,,,,,,,,,PRICE_CROSS_CHECK_FAILED,,,,
radar:2026-09-09:1000,2026-09-09T10:00:00-04:00,DATA_UNAVAILABLE,,BAC,MISSING,,,,,,,,,PRICE_CROSS_CHECK_FAILED,,,,
radar:2026-09-09:1000,2026-09-09T10:00:00-04:00,DATA_UNAVAILABLE,,MS,MISSING,,,,,,,,,PRICE_CROSS_CHECK_FAILED,,,,
radar:2026-09-09:1000,2026-09-09T10:00:00-04:00,DATA_UNAVAILABLE,,WMT,MISSING,,,,,,,,,PRICE_CROSS_CHECK_FAILED,,,,
radar:2026-09-09:1000,2026-09-09T10:00:00-04:00,DATA_UNAVAILABLE,,COIN,MISSING,,,,,,,,,PRICE_CROSS_CHECK_FAILED,,,,
radar:2026-09-09:1000,2026-09-09T10:00:00-04:00,DATA_UNAVAILABLE,,HOOD,MISSING,,,,,,,,,PRICE_CROSS_CHECK_FAILED,,,,
radar:2026-09-09:1000,2026-09-09T10:00:00-04:00,DATA_UNAVAILABLE,,PLTR,MISSING,,,,,,,,,PRICE_CROSS_CHECK_FAILED,,,,
radar:2026-09-09:1000,2026-09-09T10:00:00-04:00,DATA_UNAVAILABLE,,MSTR,MISSING,,,,,,,,,PRICE_CROSS_CHECK_FAILED,,,,
radar:2026-09-09:1000,2026-09-09T10:00:00-04:00,DATA_UNAVAILABLE,,META,MISSING,,,,,,,,,PRICE_CROSS_CHECK_FAILED,,,,
radar:2026-09-09:1000,2026-09-09T10:00:00-04:00,DATA_UNAVAILABLE,,NFLX,MISSING,,,,,,,,,PRICE_CROSS_CHECK_FAILED,,,,
radar:2026-09-09:1000,2026-09-09T10:00:00-04:00,DATA_UNAVAILABLE,,UBER,MISSING,,,,,,,,,PRICE_CROSS_CHECK_FAILED,,,,
radar:2026-09-09:1000,2026-09-09T10:00:00-04:00,DATA_UNAVAILABLE,,PYPL,MISSING,,,,,,,,,PRICE_CROSS_CHECK_FAILED,,,,
radar:2026-09-09:1000,2026-09-09T10:00:00-04:00,DATA_UNAVAILABLE,,V,MISSING,,,,,,,,,PRICE_CROSS_CHECK_FAILED,,,,
radar:2026-09-09:1000,2026-09-09T10:00:00-04:00,DATA_UNAVAILABLE,,EBAY,MISSING,,,,,,,,,PRICE_CROSS_CHECK_FAILED,,,,
radar:2026-09-09:1000,2026-09-09T10:00:00-04:00,DATA_UNAVAILABLE,,DIS,MISSING,,,,,,,,,PRICE_CROSS_CHECK_FAILED,,,,
radar:2026-09-09:1000,2026-09-09T10:00:00-04:00,DATA_UNAVAILABLE,,PG,MISSING,,,,,,,,,PRICE_CROSS_CHECK_FAILED,,,,
radar:2026-09-09:1000,2026-09-09T10:00:00-04:00,DATA_UNAVAILABLE,,CVX,MISSING,,,,,,,,,PRICE_CROSS_CHECK_FAILED,,,,
radar:2026-09-09:1000,2026-09-09T10:00:00-04:00,DATA_UNAVAILABLE,,QCOM,MISSING,,,,,,,,,PRICE_CROSS_CHECK_FAILED,,,,
radar:2026-09-09:1000,2026-09-09T10:00:00-04:00,DATA_UNAVAILABLE,,AMAT,MISSING,,,,,,,,,PRICE_CROSS_CHECK_FAILED,,,,
radar:2026-09-09:1000,2026-09-09T10:00:00-04:00,DATA_UNAVAILABLE,,TSLA,MISSING,,,,,,,,,PRICE_CROSS_CHECK_FAILED,,,,
radar:2026-09-09:1000,2026-09-09T10:00:00-04:00,DATA_UNAVAILABLE,,CSCO,MISSING,,,,,,,,,PRICE_CROSS_CHECK_FAILED,,,,
radar:2026-09-09:1000,2026-09-09T10:00:00-04:00,DATA_UNAVAILABLE,,ALAB,MISSING,,,,,,,,,PRICE_CROSS_CHECK_FAILED,,,,
radar:2026-09-09:1000,2026-09-09T10:00:00-04:00,DATA_UNAVAILABLE,,IBKR,MISSING,,,,,,,,,PRICE_CROSS_CHECK_FAILED,,,,
radar:2026-09-09:1000,2026-09-09T10:00:00-04:00,DATA_UNAVAILABLE,,LHX,MISSING,,,,,,,,,PRICE_CROSS_CHECK_FAILED,,,,
radar:2026-09-09:1000,2026-09-09T10:00:00-04:00,DATA_UNAVAILABLE,,NOC,MISSING,,,,,,,,,PRICE_CROSS_CHECK_FAILED,,,,
radar:2026-09-09:1000,2026-09-09T10:00:00-04:00,DATA_UNAVAILABLE,,ONDS,MISSING,,,,,,,,,PRICE_CROSS_CHECK_FAILED,,,,
radar:2026-09-09:1000,2026-09-09T10:00:00-04:00,DATA_UNAVAILABLE,,SPY,MISSING,,,,,,,,,PRICE_CROSS_CHECK_FAILED,,,,
radar:2026-09-09:1000,2026-09-09T10:00:00-04:00,DATA_UNAVAILABLE,,QQQ,MISSING,,,,,,,,,PRICE_CROSS_CHECK_FAILED,,,,
radar:2026-09-09:1000,2026-09-09T10:00:00-04:00,DATA_UNAVAILABLE,,VOO,MISSING,,,,,,,,,PRICE_CROSS_CHECK_FAILED,,,,
radar:2026-09-09:1000,2026-09-09T10:00:00-04:00,DATA_UNAVAILABLE,,IBIT,MISSING,,,,,,,,,PRICE_CROSS_CHECK_FAILED,,,,
radar:2026-09-09:1000,2026-09-09T10:00:00-04:00,DATA_UNAVAILABLE,,XLE,MISSING,,,,,,,,,PRICE_CROSS_CHECK_FAILED,,,,
radar:2026-09-09:1000,2026-09-09T10:00:00-04:00,DATA_UNAVAILABLE,,GLTR,MISSING,,,,,,,,,PRICE_CROSS_CHECK_FAILED,,,,
radar:2026-09-09:1000,2026-09-09T10:00:00-04:00,DATA_UNAVAILABLE,,REMX,MISSING,,,,,,,,,PRICE_CROSS_CHECK_FAILED,,,,
radar:2026-09-09:1000,2026-09-09T10:00:00-04:00,DATA_UNAVAILABLE,,ITA,MISSING,,,,,,,,,PRICE_CROSS_CHECK_FAILED,,,,
radar:2026-09-09:1000,2026-09-09T10:00:00-04:00,DATA_UNAVAILABLE,,XAR,MISSING,,,,,,,,,PRICE_CROSS_CHECK_FAILED,,,,
radar:2026-09-09:1010,2026-09-09T10:10:00-04:00,DATA_UNAVAILABLE,,NVDA,MISSING,,,,,,,,,PRICE_CROSS_CHECK_FAILED,,,,
radar:2026-09-09:1010,2026-09-09T10:10:00-04:00,DATA_UNAVAILABLE,,AVGO,MISSING,,,,,,,,,PRICE_CROSS_CHECK_FAILED,,,,
radar:2026-09-09:1010,2026-09-09T10:10:00-04:00,DATA_UNAVAILABLE,,DELL,MISSING,,,,,,,,,PRICE_CROSS_CHECK_FAILED,,,,
radar:2026-09-09:1010,2026-09-09T10:10:00-04:00,DATA_UNAVAILABLE,,AAPL,MISSING,,,,,,,,,PRICE_CROSS_CHECK_FAILED,,,,
radar:2026-09-09:1010,2026-09-09T10:10:00-04:00,DATA_UNAVAILABLE,,TXN,MISSING,,,,,,,,,PRICE_CROSS_CHECK_FAILED,,,,
radar:2026-09-09:1010,2026-09-09T10:10:00-04:00,DATA_UNAVAILABLE,,CDNS,MISSING,,,,,,,,,PRICE_CROSS_CHECK_FAILED,,,,
radar:2026-09-09:1010,2026-09-09T10:10:00-04:00,DATA_UNAVAILABLE,,SNPS,MISSING,,,,,,,,,PRICE_CROSS_CHECK_FAILED,,,,
radar:2026-09-09:1010,2026-09-09T10:10:00-04:00,DATA_UNAVAILABLE,,ORCL,MISSING,,,,,,,,,PRICE_CROSS_CHECK_FAILED,,,,
radar:2026-09-09:1010,2026-09-09T10:10:00-04:00,DATA_UNAVAILABLE,,NOW,MISSING,,,,,,,,,PRICE_CROSS_CHECK_FAILED,,,,
radar:2026-09-09:1010,2026-09-09T10:10:00-04:00,DATA_UNAVAILABLE,,ADBE,MISSING,,,,,,,,,PRICE_CROSS_CHECK_FAILED,,,,
radar:2026-09-09:1010,2026-09-09T10:10:00-04:00,DATA_UNAVAILABLE,,WDAY,MISSING,,,,,,,,,PRICE_CROSS_CHECK_FAILED,,,,
radar:2026-09-09:1010,2026-09-09T10:10:00-04:00,DATA_UNAVAILABLE,,MSFT,MISSING,,,,,,,,,PRICE_CROSS_CHECK_FAILED,,,,
radar:2026-09-09:1010,2026-09-09T10:10:00-04:00,DATA_UNAVAILABLE,,AMZN,MISSING,,,,,,,,,PRICE_CROSS_CHECK_FAILED,,,,
radar:2026-09-09:1010,2026-09-09T10:10:00-04:00,DATA_UNAVAILABLE,,BA,MISSING,,,,,,,,,PRICE_CROSS_CHECK_FAILED,,,,
radar:2026-09-09:1010,2026-09-09T10:10:00-04:00,DATA_UNAVAILABLE,,AMD,MISSING,,,,,,,,,PRICE_CROSS_CHECK_FAILED,,,,
radar:2026-09-09:1010,2026-09-09T10:10:00-04:00,DATA_UNAVAILABLE,,INTC,MISSING,,,,,,,,,PRICE_CROSS_CHECK_FAILED,,,,
radar:2026-09-09:1010,2026-09-09T10:10:00-04:00,DATA_UNAVAILABLE,,MRVL,MISSING,,,,,,,,,PRICE_CROSS_CHECK_FAILED,,,,
radar:2026-09-09:1010,2026-09-09T10:10:00-04:00,DATA_UNAVAILABLE,,MRNA,MISSING,,,,,,,,,PRICE_CROSS_CHECK_FAILED,,,,
radar:2026-09-09:1010,2026-09-09T10:10:00-04:00,DATA_UNAVAILABLE,,SNDK,MISSING,,,,,,,,,PRICE_CROSS_CHECK_FAILED,,,,
radar:2026-09-09:1010,2026-09-09T10:10:00-04:00,DATA_UNAVAILABLE,,GOOGL,MISSING,,,,,,,,,PRICE_CROSS_CHECK_FAILED,,,,
radar:2026-09-09:1010,2026-09-09T10:10:00-04:00,DATA_UNAVAILABLE,,GS,MISSING,,,,,,,,,PRICE_CROSS_CHECK_FAILED,,,,
radar:2026-09-09:1010,2026-09-09T10:10:00-04:00,DATA_UNAVAILABLE,,ABNB,MISSING,,,,,,,,,PRICE_CROSS_CHECK_FAILED,,,,
radar:2026-09-09:1010,2026-09-09T10:10:00-04:00,DATA_UNAVAILABLE,,DASH,MISSING,,,,,,,,,PRICE_CROSS_CHECK_FAILED,,,,
radar:2026-09-09:1010,2026-09-09T10:10:00-04:00,DATA_UNAVAILABLE,,MU,MISSING,,,,,,,,,PRICE_CROSS_CHECK_FAILED,,,,
radar:2026-09-09:1010,2026-09-09T10:10:00-04:00,DATA_UNAVAILABLE,,GE,MISSING,,,,,,,,,PRICE_CROSS_CHECK_FAILED,,,,
radar:2026-09-09:1010,2026-09-09T10:10:00-04:00,DATA_UNAVAILABLE,,JPM,MISSING,,,,,,,,,PRICE_CROSS_CHECK_FAILED,,,,
radar:2026-09-09:1010,2026-09-09T10:10:00-04:00,DATA_UNAVAILABLE,,BAC,MISSING,,,,,,,,,PRICE_CROSS_CHECK_FAILED,,,,
radar:2026-09-09:1010,2026-09-09T10:10:00-04:00,DATA_UNAVAILABLE,,MS,MISSING,,,,,,,,,PRICE_CROSS_CHECK_FAILED,,,,
radar:2026-09-09:1010,2026-09-09T10:10:00-04:00,DATA_UNAVAILABLE,,WMT,MISSING,,,,,,,,,PRICE_CROSS_CHECK_FAILED,,,,
radar:2026-09-09:1010,2026-09-09T10:10:00-04:00,DATA_UNAVAILABLE,,COIN,MISSING,,,,,,,,,PRICE_CROSS_CHECK_FAILED,,,,
radar:2026-09-09:1010,2026-09-09T10:10:00-04:00,DATA_UNAVAILABLE,,HOOD,MISSING,,,,,,,,,PRICE_CROSS_CHECK_FAILED,,,,
radar:2026-09-09:1010,2026-09-09T10:10:00-04:00,DATA_UNAVAILABLE,,PLTR,MISSING,,,,,,,,,PRICE_CROSS_CHECK_FAILED,,,,
radar:2026-09-09:1010,2026-09-09T10:10:00-04:00,DATA_UNAVAILABLE,,MSTR,MISSING,,,,,,,,,PRICE_CROSS_CHECK_FAILED,,,,
radar:2026-09-09:1010,2026-09-09T10:10:00-04:00,DATA_UNAVAILABLE,,META,MISSING,,,,,,,,,PRICE_CROSS_CHECK_FAILED,,,,
radar:2026-09-09:1010,2026-09-09T10:10:00-04:00,DATA_UNAVAILABLE,,NFLX,MISSING,,,,,,,,,PRICE_CROSS_CHECK_FAILED,,,,
radar:2026-09-09:1010,2026-09-09T10:10:00-04:00,DATA_UNAVAILABLE,,UBER,MISSING,,,,,,,,,PRICE_CROSS_CHECK_FAILED,,,,
radar:2026-09-09:1010,2026-09-09T10:10:00-04:00,DATA_UNAVAILABLE,,PYPL,MISSING,,,,,,,,,PRICE_CROSS_CHECK_FAILED,,,,
radar:2026-09-09:1010,2026-09-09T10:10:00-04:00,DATA_UNAVAILABLE,,V,MISSING,,,,,,,,,PRICE_CROSS_CHECK_FAILED,,,,
radar:2026-09-09:1010,2026-09-09T10:10:00-04:00,DATA_UNAVAILABLE,,EBAY,MISSING,,,,,,,,,PRICE_CROSS_CHECK_FAILED,,,,
radar:2026-09-09:1010,2026-09-09T10:10:00-04:00,DATA_UNAVAILABLE,,DIS,MISSING,,,,,,,,,PRICE_CROSS_CHECK_FAILED,,,,
radar:2026-09-09:1010,2026-09-09T10:10:00-04:00,DATA_UNAVAILABLE,,PG,MISSING,,,,,,,,,PRICE_CROSS_CHECK_FAILED,,,,
radar:2026-09-09:1010,2026-09-09T10:10:00-04:00,DATA_UNAVAILABLE,,CVX,MISSING,,,,,,,,,PRICE_CROSS_CHECK_FAILED,,,,
radar:2026-09-09:1010,2026-09-09T10:10:00-04:00,DATA_UNAVAILABLE,,QCOM,MISSING,,,,,,,,,PRICE_CROSS_CHECK_FAILED,,,,
radar:2026-09-09:1010,2026-09-09T10:10:00-04:00,DATA_UNAVAILABLE,,AMAT,MISSING,,,,,,,,,PRICE_CROSS_CHECK_FAILED,,,,
radar:2026-09-09:1010,2026-09-09T10:10:00-04:00,DATA_UNAVAILABLE,,TSLA,MISSING,,,,,,,,,PRICE_CROSS_CHECK_FAILED,,,,
radar:2026-09-09:1010,2026-09-09T10:10:00-04:00,DATA_UNAVAILABLE,,CSCO,MISSING,,,,,,,,,PRICE_CROSS_CHECK_FAILED,,,,
radar:2026-09-09:1010,2026-09-09T10:10:00-04:00,DATA_UNAVAILABLE,,ALAB,MISSING,,,,,,,,,PRICE_CROSS_CHECK_FAILED,,,,
radar:2026-09-09:1010,2026-09-09T10:10:00-04:00,DATA_UNAVAILABLE,,IBKR,MISSING,,,,,,,,,PRICE_CROSS_CHECK_FAILED,,,,
radar:2026-09-09:1010,2026-09-09T10:10:00-04:00,DATA_UNAVAILABLE,,LHX,MISSING,,,,,,,,,PRICE_CROSS_CHECK_FAILED,,,,
radar:2026-09-09:1010,2026-09-09T10:10:00-04:00,DATA_UNAVAILABLE,,NOC,MISSING,,,,,,,,,PRICE_CROSS_CHECK_FAILED,,,,
radar:2026-09-09:1010,2026-09-09T10:10:00-04:00,DATA_UNAVAILABLE,,ONDS,MISSING,,,,,,,,,PRICE_CROSS_CHECK_FAILED,,,,
radar:2026-09-09:1010,2026-09-09T10:10:00-04:00,DATA_UNAVAILABLE,,SPY,MISSING,,,,,,,,,PRICE_CROSS_CHECK_FAILED,,,,
radar:2026-09-09:1010,2026-09-09T10:10:00-04:00,DATA_UNAVAILABLE,,QQQ,MISSING,,,,,,,,,PRICE_CROSS_CHECK_FAILED,,,,
radar:2026-09-09:1010,2026-09-09T10:10:00-04:00,DATA_UNAVAILABLE,,VOO,MISSING,,,,,,,,,PRICE_CROSS_CHECK_FAILED,,,,
radar:2026-09-09:1010,2026-09-09T10:10:00-04:00,DATA_UNAVAILABLE,,IBIT,MISSING,,,,,,,,,PRICE_CROSS_CHECK_FAILED,,,,
radar:2026-09-09:1010,2026-09-09T10:10:00-04:00,DATA_UNAVAILABLE,,XLE,MISSING,,,,,,,,,PRICE_CROSS_CHECK_FAILED,,,,
radar:2026-09-09:1010,2026-09-09T10:10:00-04:00,DATA_UNAVAILABLE,,GLTR,MISSING,,,,,,,,,PRICE_CROSS_CHECK_FAILED,,,,
radar:2026-09-09:1010,2026-09-09T10:10:00-04:00,DATA_UNAVAILABLE,,REMX,MISSING,,,,,,,,,PRICE_CROSS_CHECK_FAILED,,,,
radar:2026-09-09:1010,2026-09-09T10:10:00-04:00,DATA_UNAVAILABLE,,ITA,MISSING,,,,,,,,,PRICE_CROSS_CHECK_FAILED,,,,
radar:2026-09-09:1010,2026-09-09T10:10:00-04:00,DATA_UNAVAILABLE,,XAR,MISSING,,,,,,,,,PRICE_CROSS_CHECK_FAILED,,,,
radar:2026-09-09:1020,2026-09-09T10:20:00-04:00,DATA_UNAVAILABLE,,NVDA,MISSING,,,,,,,,,PRICE_CROSS_CHECK_FAILED,,,,
radar:2026-09-09:1020,2026-09-09T10:20:00-04:00,DATA_UNAVAILABLE,,AVGO,MISSING,,,,,,,,,PRICE_CROSS_CHECK_FAILED,,,,
radar:2026-09-09:1020,2026-09-09T10:20:00-04:00,DATA_UNAVAILABLE,,DELL,MISSING,,,,,,,,,PRICE_CROSS_CHECK_FAILED,,,,
radar:2026-09-09:1020,2026-09-09T10:20:00-04:00,DATA_UNAVAILABLE,,AAPL,MISSING,,,,,,,,,PRICE_CROSS_CHECK_FAILED,,,,
radar:2026-09-09:1020,2026-09-09T10:20:00-04:00,DATA_UNAVAILABLE,,TXN,MISSING,,,,,,,,,PRICE_CROSS_CHECK_FAILED,,,,
radar:2026-09-09:1020,2026-09-09T10:20:00-04:00,DATA_UNAVAILABLE,,CDNS,MISSING,,,,,,,,,PRICE_CROSS_CHECK_FAILED,,,,
radar:2026-09-09:1020,2026-09-09T10:20:00-04:00,DATA_UNAVAILABLE,,SNPS,MISSING,,,,,,,,,PRICE_CROSS_CHECK_FAILED,,,,
radar:2026-09-09:1020,2026-09-09T10:20:00-04:00,DATA_UNAVAILABLE,,ORCL,MISSING,,,,,,,,,PRICE_CROSS_CHECK_FAILED,,,,
radar:2026-09-09:1020,2026-09-09T10:20:00-04:00,DATA_UNAVAILABLE,,NOW,MISSING,,,,,,,,,PRICE_CROSS_CHECK_FAILED,,,,
radar:2026-09-09:1020,2026-09-09T10:20:00-04:00,DATA_UNAVAILABLE,,ADBE,MISSING,,,,,,,,,PRICE_CROSS_CHECK_FAILED,,,,
radar:2026-09-09:1020,2026-09-09T10:20:00-04:00,DATA_UNAVAILABLE,,WDAY,MISSING,,,,,,,,,PRICE_CROSS_CHECK_FAILED,,,,
radar:2026-09-09:1020,2026-09-09T10:20:00-04:00,DATA_UNAVAILABLE,,MSFT,MISSING,,,,,,,,,PRICE_CROSS_CHECK_FAILED,,,,
radar:2026-09-09:1020,2026-09-09T10:20:00-04:00,DATA_UNAVAILABLE,,AMZN,MISSING,,,,,,,,,PRICE_CROSS_CHECK_FAILED,,,,
radar:2026-09-09:1020,2026-09-09T10:20:00-04:00,DATA_UNAVAILABLE,,BA,MISSING,,,,,,,,,PRICE_CROSS_CHECK_FAILED,,,,
radar:2026-09-09:1020,2026-09-09T10:20:00-04:00,DATA_UNAVAILABLE,,AMD,MISSING,,,,,,,,,PRICE_CROSS_CHECK_FAILED,,,,
radar:2026-09-09:1020,2026-09-09T10:20:00-04:00,DATA_UNAVAILABLE,,INTC,MISSING,,,,,,,,,PRICE_CROSS_CHECK_FAILED,,,,
radar:2026-09-09:1020,2026-09-09T10:20:00-04:00,DATA_UNAVAILABLE,,MRVL,MISSING,,,,,,,,,PRICE_CROSS_CHECK_FAILED,,,,
radar:2026-09-09:1020,2026-09-09T10:20:00-04:00,DATA_UNAVAILABLE,,MRNA,MISSING,,,,,,,,,PRICE_CROSS_CHECK_FAILED,,,,
radar:2026-09-09:1020,2026-09-09T10:20:00-04:00,DATA_UNAVAILABLE,,SNDK,MISSING,,,,,,,,,PRICE_CROSS_CHECK_FAILED,,,,
radar:2026-09-09:1020,2026-09-09T10:20:00-04:00,DATA_UNAVAILABLE,,GOOGL,MISSING,,,,,,,,,PRICE_CROSS_CHECK_FAILED,,,,
radar:2026-09-09:1020,2026-09-09T10:20:00-04:00,DATA_UNAVAILABLE,,GS,MISSING,,,,,,,,,PRICE_CROSS_CHECK_FAILED,,,,
radar:2026-09-09:1020,2026-09-09T10:20:00-04:00,DATA_UNAVAILABLE,,ABNB,MISSING,,,,,,,,,PRICE_CROSS_CHECK_FAILED,,,,
radar:2026-09-09:1020,2026-09-09T10:20:00-04:00,DATA_UNAVAILABLE,,DASH,MISSING,,,,,,,,,PRICE_CROSS_CHECK_FAILED,,,,
radar:2026-09-09:1020,2026-09-09T10:20:00-04:00,DATA_UNAVAILABLE,,MU,MISSING,,,,,,,,,PRICE_CROSS_CHECK_FAILED,,,,
radar:2026-09-09:1020,2026-09-09T10:20:00-04:00,DATA_UNAVAILABLE,,GE,MISSING,,,,,,,,,PRICE_CROSS_CHECK_FAILED,,,,
radar:2026-09-09:1020,2026-09-09T10:20:00-04:00,DATA_UNAVAILABLE,,JPM,MISSING,,,,,,,,,PRICE_CROSS_CHECK_FAILED,,,,
radar:2026-09-09:1020,2026-09-09T10:20:00-04:00,DATA_UNAVAILABLE,,BAC,MISSING,,,,,,,,,PRICE_CROSS_CHECK_FAILED,,,,
radar:2026-09-09:1020,2026-09-09T10:20:00-04:00,DATA_UNAVAILABLE,,MS,MISSING,,,,,,,,,PRICE_CROSS_CHECK_FAILED,,,,
radar:2026-09-09:1020,2026-09-09T10:20:00-04:00,DATA_UNAVAILABLE,,WMT,MISSING,,,,,,,,,PRICE_CROSS_CHECK_FAILED,,,,
radar:2026-09-09:1020,2026-09-09T10:20:00-04:00,DATA_UNAVAILABLE,,COIN,MISSING,,,,,,,,,PRICE_CROSS_CHECK_FAILED,,,,
radar:2026-09-09:1020,2026-09-09T10:20:00-04:00,DATA_UNAVAILABLE,,HOOD,MISSING,,,,,,,,,PRICE_CROSS_CHECK_FAILED,,,,
radar:2026-09-09:1020,2026-09-09T10:20:00-04:00,DATA_UNAVAILABLE,,PLTR,MISSING,,,,,,,,,PRICE_CROSS_CHECK_FAILED,,,,
radar:2026-09-09:1020,2026-09-09T10:20:00-04:00,DATA_UNAVAILABLE,,MSTR,MISSING,,,,,,,,,PRICE_CROSS_CHECK_FAILED,,,,
radar:2026-09-09:1020,2026-09-09T10:20:00-04:00,DATA_UNAVAILABLE,,META,MISSING,,,,,,,,,PRICE_CROSS_CHECK_FAILED,,,,
radar:2026-09-09:1020,2026-09-09T10:20:00-04:00,DATA_UNAVAILABLE,,NFLX,MISSING,,,,,,,,,PRICE_CROSS_CHECK_FAILED,,,,
radar:2026-09-09:1020,2026-09-09T10:20:00-04:00,DATA_UNAVAILABLE,,UBER,MISSING,,,,,,,,,PRICE_CROSS_CHECK_FAILED,,,,
radar:2026-09-09:1020,2026-09-09T10:20:00-04:00,DATA_UNAVAILABLE,,PYPL,MISSING,,,,,,,,,PRICE_CROSS_CHECK_FAILED,,,,
radar:2026-09-09:1020,2026-09-09T10:20:00-04:00,DATA_UNAVAILABLE,,V,MISSING,,,,,,,,,PRICE_CROSS_CHECK_FAILED,,,,
radar:2026-09-09:1020,2026-09-09T10:20:00-04:00,DATA_UNAVAILABLE,,EBAY,MISSING,,,,,,,,,PRICE_CROSS_CHECK_FAILED,,,,
radar:2026-09-09:1020,2026-09-09T10:20:00-04:00,DATA_UNAVAILABLE,,DIS,MISSING,,,,,,,,,PRICE_CROSS_CHECK_FAILED,,,,
radar:2026-09-09:1020,2026-09-09T10:20:00-04:00,DATA_UNAVAILABLE,,PG,MISSING,,,,,,,,,PRICE_CROSS_CHECK_FAILED,,,,
radar:2026-09-09:1020,2026-09-09T10:20:00-04:00,DATA_UNAVAILABLE,,CVX,MISSING,,,,,,,,,PRICE_CROSS_CHECK_FAILED,,,,
radar:2026-09-09:1020,2026-09-09T10:20:00-04:00,DATA_UNAVAILABLE,,QCOM,MISSING,,,,,,,,,PRICE_CROSS_CHECK_FAILED,,,,
radar:2026-09-09:1020,2026-09-09T10:20:00-04:00,DATA_UNAVAILABLE,,AMAT,MISSING,,,,,,,,,PRICE_CROSS_CHECK_FAILED,,,,
radar:2026-09-09:1020,2026-09-09T10:20:00-04:00,DATA_UNAVAILABLE,,TSLA,MISSING,,,,,,,,,PRICE_CROSS_CHECK_FAILED,,,,
radar:2026-09-09:1020,2026-09-09T10:20:00-04:00,DATA_UNAVAILABLE,,CSCO,MISSING,,,,,,,,,PRICE_CROSS_CHECK_FAILED,,,,
radar:2026-09-09:1020,2026-09-09T10:20:00-04:00,DATA_UNAVAILABLE,,ALAB,MISSING,,,,,,,,,PRICE_CROSS_CHECK_FAILED,,,,
radar:2026-09-09:1020,2026-09-09T10:20:00-04:00,DATA_UNAVAILABLE,,IBKR,MISSING,,,,,,,,,PRICE_CROSS_CHECK_FAILED,,,,
radar:2026-09-09:1020,2026-09-09T10:20:00-04:00,DATA_UNAVAILABLE,,LHX,MISSING,,,,,,,,,PRICE_CROSS_CHECK_FAILED,,,,
radar:2026-09-09:1020,2026-09-09T10:20:00-04:00,DATA_UNAVAILABLE,,NOC,MISSING,,,,,,,,,PRICE_CROSS_CHECK_FAILED,,,,
radar:2026-09-09:1020,2026-09-09T10:20:00-04:00,DATA_UNAVAILABLE,,ONDS,MISSING,,,,,,,,,PRICE_CROSS_CHECK_FAILED,,,,
radar:2026-09-09:1020,2026-09-09T10:20:00-04:00,DATA_UNAVAILABLE,,SPY,MISSING,,,,,,,,,PRICE_CROSS_CHECK_FAILED,,,,
radar:2026-09-09:1020,2026-09-09T10:20:00-04:00,DATA_UNAVAILABLE,,QQQ,MISSING,,,,,,,,,PRICE_CROSS_CHECK_FAILED,,,,
radar:2026-09-09:1020,2026-09-09T10:20:00-04:00,DATA_UNAVAILABLE,,VOO,MISSING,,,,,,,,,PRICE_CROSS_CHECK_FAILED,,,,
radar:2026-09-09:1020,2026-09-09T10:20:00-04:00,DATA_UNAVAILABLE,,IBIT,MISSING,,,,,,,,,PRICE_CROSS_CHECK_FAILED,,,,
radar:2026-09-09:1020,2026-09-09T10:20:00-04:00,DATA_UNAVAILABLE,,XLE,MISSING,,,,,,,,,PRICE_CROSS_CHECK_FAILED,,,,
radar:2026-09-09:1020,2026-09-09T10:20:00-04:00,DATA_UNAVAILABLE,,GLTR,MISSING,,,,,,,,,PRICE_CROSS_CHECK_FAILED,,,,
radar:2026-09-09:1020,2026-09-09T10:20:00-04:00,DATA_UNAVAILABLE,,REMX,MISSING,,,,,,,,,PRICE_CROSS_CHECK_FAILED,,,,
radar:2026-09-09:1020,2026-09-09T10:20:00-04:00,DATA_UNAVAILABLE,,ITA,MISSING,,,,,,,,,PRICE_CROSS_CHECK_FAILED,,,,
radar:2026-09-09:1020,2026-09-09T10:20:00-04:00,DATA_UNAVAILABLE,,XAR,MISSING,,,,,,,,,PRICE_CROSS_CHECK_FAILED,,,,
radar:2026-09-09:1030,2026-09-09T10:30:00-04:00,COMPLETED,1,AMD,OK,0.0,17.13,20.0,15.0,15.0,10.0,77.13,69.51,NO_VERIFIED_CATALYST|RISK_TOO_SMALL,521.09,8585282.0,3.1124788257700406,
radar:2026-09-09:1030,2026-09-09T10:30:00-04:00,COMPLETED,2,META,OK,0.0,14.0,20.0,15.0,15.0,10.0,74.0,65.33,NO_VERIFIED_CATALYST,642.89,11961738.0,4.799171063183668,68f63319-b583-461b-a4fb-61ecf0437379
radar:2026-09-09:1030,2026-09-09T10:30:00-04:00,COMPLETED,3,MRVL,OK,0.0,19.62,14.19,15.0,15.0,10.0,73.8,65.07,NO_VERIFIED_CATALYST|RISK_TOO_SMALL,238.005,8550339.0,2.273131001246073,
radar:2026-09-09:1030,2026-09-09T10:30:00-04:00,COMPLETED,4,MU,OK,0.0,20.0,13.22,15.0,15.0,10.0,73.22,64.29,NO_VERIFIED_CATALYST,1033.87,9151176.0,2.1520416675938114,66c06e92-b621-495f-b1fc-be808e291140
radar:2026-09-09:1030,2026-09-09T10:30:00-04:00,COMPLETED,5,SNDK,OK,0.0,17.61,11.39,15.0,15.0,10.0,69.0,58.66,NO_VERIFIED_CATALYST,1785.96,3935763.0,1.9232653310709127,4f971ce8-2149-40b1-bfcd-bcb46de80ad8
radar:2026-09-09:1030,2026-09-09T10:30:00-04:00,COMPLETED,6,DELL,OK,0.0,16.49,11.74,15.0,15.0,10.0,68.23,57.64,NO_VERIFIED_CATALYST,557.0,2543378.0,1.9674522447024037,
radar:2026-09-09:1030,2026-09-09T10:30:00-04:00,COMPLETED,7,ALAB,OK,0.0,17.12,10.0,15.0,15.0,10.0,67.11,56.15,LIQUIDITY_WEAK|NO_VERIFIED_CATALYST,301.645,944042.0,1.7494240708382538,
radar:2026-09-09:1030,2026-09-09T10:30:00-04:00,COMPLETED,8,QCOM,OK,0.0,6.73,17.45,13.32,15.0,10.0,62.5,50.0,NO_VERIFIED_CATALYST,176.6,4099450.0,2.6814386664934484,
radar:2026-09-09:1030,2026-09-09T10:30:00-04:00,COMPLETED,9,CVX,OK,0.0,8.36,11.32,15.0,15.0,10.0,59.68,46.24,NO_VERIFIED_CATALYST,213.56,2208087.0,1.9149781565393635,
radar:2026-09-09:1030,2026-09-09T10:30:00-04:00,COMPLETED,10,BAC,OK,0.0,10.79,11.51,10.82,15.0,10.0,58.12,44.16,LIQUIDITY_WEAK|NO_VERIFIED_CATALYST,63.03,8712214.0,1.9390242408582632,
radar:2026-09-09:1030,2026-09-09T10:30:00-04:00,COMPLETED,11,GOOGL,OK,0.0,12.62,20.0,0.0,15.0,10.0,57.62,43.5,NO_VERIFIED_CATALYST|RELATIVE_STRENGTH_NEGATIVE,330.66,10911976.0,3.1606769679027953,
radar:2026-09-09:1030,2026-09-09T10:30:00-04:00,COMPLETED,12,INTC,OK,0.0,10.87,10.37,10.93,15.0,10.0,57.16,42.89,NO_VERIFIED_CATALYST,105.56,27577338.0,1.7958736923945524,
radar:2026-09-09:1030,2026-09-09T10:30:00-04:00,COMPLETED,13,GE,OK,0.0,14.0,14.13,0.0,15.0,10.0,53.13,37.51,NO_VERIFIED_CATALYST|RELATIVE_STRENGTH_NEGATIVE,323.62,1220954.0,2.266656404696328,
radar:2026-09-09:1030,2026-09-09T10:30:00-04:00,COMPLETED,14,XLE,OK,0.0,4.54,12.49,10.5,15.0,10.0,52.53,36.71,NO_VERIFIED_CATALYST,65.4,8058574.0,2.061301247339162,
radar:2026-09-09:1030,2026-09-09T10:30:00-04:00,COMPLETED,15,HOOD,OK,0.0,5.09,11.01,11.21,15.0,10.0,52.32,36.42,LIQUIDITY_WEAK|NO_VERIFIED_CATALYST,118.62,6201525.0,1.8766326424387418,
radar:2026-09-09:1030,2026-09-09T10:30:00-04:00,COMPLETED,16,GLTR,OK,0.0,8.88,0.4,15.0,15.0,10.0,49.28,32.38,NO_VERIFIED_CATALYST,202.415,4982.0,0.5498365023941847,
radar:2026-09-09:1030,2026-09-09T10:30:00-04:00,COMPLETED,17,TSLA,OK,0.0,4.2,9.62,10.07,15.0,10.0,48.89,31.86,NO_VERIFIED_CATALYST,371.475,10282257.0,1.7025334734512123,
radar:2026-09-09:1030,2026-09-09T10:30:00-04:00,COMPLETED,18,MSTR,OK,0.0,4.38,7.58,10.29,15.0,10.0,47.25,29.67,LIQUIDITY_WEAK|NO_VERIFIED_CATALYST,137.8,6259252.0,1.4478939469420493,
radar:2026-09-09:1030,2026-09-09T10:30:00-04:00,COMPLETED,19,IBIT,OK,0.0,4.89,4.04,10.95,15.0,10.0,44.88,26.51,NO_VERIFIED_CATALYST,44.855,9184693.0,1.0046304093505594,
radar:2026-09-09:1030,2026-09-09T10:30:00-04:00,COMPLETED,20,JPM,OK,0.0,7.19,5.3,7.38,15.0,10.0,44.87,26.5,NO_VERIFIED_CATALYST,355.11,978482.0,1.1623338801639953,
radar:2026-09-09:1030,2026-09-09T10:30:00-04:00,COMPLETED,21,PG,OK,0.0,7.76,12.03,0.0,15.0,10.0,44.78,26.38,NO_VERIFIED_CATALYST|RELATIVE_STRENGTH_NEGATIVE,143.16,2745687.0,2.003131122803433,
radar:2026-09-09:1030,2026-09-09T10:30:00-04:00,COMPLETED,22,COIN,OK,0.0,4.36,5.13,10.27,15.0,10.0,44.75,26.34,LIQUIDITY_WEAK|NO_VERIFIED_CATALYST,180.61,1743239.0,1.1413733158999821,
radar:2026-09-09:1030,2026-09-09T10:30:00-04:00,COMPLETED,23,AMZN,OK,0.0,8.48,10.4,0.0,15.0,10.0,43.88,25.18,NO_VERIFIED_CATALYST|RELATIVE_STRENGTH_NEGATIVE,252.3,8969325.0,1.8004822340835462,
radar:2026-09-09:1030,2026-09-09T10:30:00-04:00,COMPLETED,24,IBKR,OK,0.0,9.05,0.3,9.28,15.0,10.0,43.62,24.83,LIQUIDITY_WEAK|NO_VERIFIED_CATALYST,91.669,305755.0,0.5370488636958783,
radar:2026-09-09:1030,2026-09-09T10:30:00-04:00,COMPLETED,25,DASH,OK,0.0,10.27,7.82,0.0,15.0,10.0,43.08,24.11,NO_VERIFIED_CATALYST|RELATIVE_STRENGTH_NEGATIVE,196.855,909153.0,1.4771052176807986,
radar:2026-09-09:1030,2026-09-09T10:30:00-04:00,COMPLETED,26,EBAY,OK,0.0,10.61,7.39,0.0,15.0,10.0,43.01,24.01,NO_VERIFIED_CATALYST|RELATIVE_STRENGTH_NEGATIVE,103.01,928696.0,1.423777447655101,
radar:2026-09-09:1030,2026-09-09T10:30:00-04:00,COMPLETED,27,GS,OK,0.0,7.79,7.8,2.36,15.0,10.0,42.96,23.95,LIQUIDITY_WEAK|NO_VERIFIED_CATALYST|RELATIVE_STRENGTH_NEGATIVE,1032.55,405096.0,1.4755231349752886,
radar:2026-09-09:1030,2026-09-09T10:30:00-04:00,COMPLETED,28,NOC,OK,0.0,0.7,11.27,5.57,15.0,10.0,42.54,23.38,NO_VERIFIED_CATALYST,519.36,207023.0,1.9081590229759737,
radar:2026-09-09:1030,2026-09-09T10:30:00-04:00,COMPLETED,29,ITA,OK,0.0,6.37,9.41,0.0,15.0,10.0,40.78,21.04,NO_VERIFIED_CATALYST|RELATIVE_STRENGTH_NEGATIVE,220.48,146056.0,1.6763541519661063,
radar:2026-09-09:1030,2026-09-09T10:30:00-04:00,COMPLETED,30,ABNB,OK,0.0,9.82,5.78,0.0,15.0,10.0,40.6,20.8,NO_VERIFIED_CATALYST|RELATIVE_STRENGTH_NEGATIVE,171.125,937922.0,1.2223132146652138,
radar:2026-09-09:1030,2026-09-09T10:30:00-04:00,COMPLETED,31,UBER,OK,0.0,6.29,8.95,0.0,15.0,10.0,40.24,20.32,NO_VERIFIED_CATALYST|RELATIVE_STRENGTH_NEGATIVE,72.145,3836484.0,1.6192199814075683,
radar:2026-09-09:1030,2026-09-09T10:30:00-04:00,COMPLETED,32,TXN,OK,0.0,4.83,1.73,8.5,15.0,10.0,40.07,20.09,NO_VERIFIED_CATALYST,260.575,600237.0,0.7166260240527804,
radar:2026-09-09:1030,2026-09-09T10:30:00-04:00,COMPLETED,33,MS,OK,0.0,6.8,1.75,6.22,15.0,10.0,39.77,19.69,LIQUIDITY_WEAK|NO_VERIFIED_CATALYST,216.8,416514.0,0.7183211455104483,
radar:2026-09-09:1030,2026-09-09T10:30:00-04:00,COMPLETED,34,XAR,OK,0.0,7.57,7.2,0.0,15.0,10.0,39.77,19.69,NO_VERIFIED_CATALYST|RELATIVE_STRENGTH_NEGATIVE,249.16,45174.0,1.399392644836486,
radar:2026-09-09:1030,2026-09-09T10:30:00-04:00,COMPLETED,35,QQQ,OK,0.0,0.8,8.69,4.37,15.0,10.0,38.86,18.47,NO_VERIFIED_CATALYST,718.0,7537096.0,1.5859109735540118,
radar:2026-09-09:1030,2026-09-09T10:30:00-04:00,COMPLETED,36,AVGO,OK,0.0,6.82,6.4,0.0,15.0,10.0,38.22,17.62,NO_VERIFIED_CATALYST|RELATIVE_STRENGTH_NEGATIVE,363.175,4856567.0,1.2998985916911023,
radar:2026-09-09:1030,2026-09-09T10:30:00-04:00,COMPLETED,37,ORCL,OK,0.0,3.92,9.2,0.0,15.0,10.0,38.12,17.5,NO_VERIFIED_CATALYST|RELATIVE_STRENGTH_NEGATIVE,161.155,5937691.0,1.6503534893948657,
radar:2026-09-09:1030,2026-09-09T10:30:00-04:00,COMPLETED,38,CDNS,OK,0.0,1.17,5.9,5.75,15.0,10.0,37.81,17.09,NO_VERIFIED_CATALYST,284.62,451972.0,1.2372506414636273,
radar:2026-09-09:1030,2026-09-09T10:30:00-04:00,COMPLETED,39,REMX,OK,0.0,1.43,7.73,2.83,15.0,10.0,36.99,15.99,NO_VERIFIED_CATALYST|RELATIVE_STRENGTH_NEGATIVE,76.495,125686.0,1.4663533353957985,
radar:2026-09-09:1030,2026-09-09T10:30:00-04:00,COMPLETED,40,CSCO,OK,0.0,2.05,1.7,7.31,15.0,10.0,36.05,14.74,NO_VERIFIED_CATALYST,109.65,2106085.0,0.7120697911925142,
radar:2026-09-09:1030,2026-09-09T10:30:00-04:00,COMPLETED,41,AAPL,OK,0.0,2.18,6.24,1.86,15.0,10.0,35.29,13.71,NO_VERIFIED_CATALYST|RELATIVE_STRENGTH_NEGATIVE,314.74,7717647.0,1.2801421640438355,
radar:2026-09-09:1030,2026-09-09T10:30:00-04:00,COMPLETED,42,PYPL,OK,0.0,3.94,3.39,2.87,15.0,10.0,35.21,13.61,NO_VERIFIED_CATALYST|RELATIVE_STRENGTH_NEGATIVE,53.021,1791277.0,0.9232795239727245,
radar:2026-09-09:1030,2026-09-09T10:30:00-04:00,COMPLETED,43,DIS,OK,0.0,6.17,3.73,0.1,15.0,10.0,34.99,13.33,NO_VERIFIED_CATALYST|RELATIVE_STRENGTH_NEGATIVE,104.26,1118575.0,0.9657318631281538,
radar:2026-09-09:1030,2026-09-09T10:30:00-04:00,COMPLETED,44,NVDA,OK,0.0,1.92,4.86,2.41,15.0,10.0,34.19,12.25,NO_VERIFIED_CATALYST|RELATIVE_STRENGTH_NEGATIVE,224.88,22027814.0,1.1077106274331534,
radar:2026-09-09:1030,2026-09-09T10:30:00-04:00,COMPLETED,45,VOO,OK,0.0,1.45,4.57,3.04,15.0,10.0,34.06,12.08,NO_VERIFIED_CATALYST,702.16,1098990.0,1.0715093999347372,
radar:2026-09-09:1030,2026-09-09T10:30:00-04:00,COMPLETED,46,ONDS,OK,0.0,7.04,1.94,0.0,15.0,10.0,33.99,11.98,NO_VERIFIED_CATALYST|RELATIVE_STRENGTH_NEGATIVE,7.505,7841696.0,0.7430882171201384,
radar:2026-09-09:1030,2026-09-09T10:30:00-04:00,COMPLETED,47,SPY,OK,0.0,1.45,4.06,3.0,15.0,10.0,33.51,11.35,NO_VERIFIED_CATALYST,763.83,5672265.0,1.0074695665200668,
radar:2026-09-09:1030,2026-09-09T10:30:00-04:00,COMPLETED,48,PLTR,OK,0.0,2.06,4.35,2.03,15.0,10.0,33.43,11.24,NO_VERIFIED_CATALYST|RELATIVE_STRENGTH_NEGATIVE,169.55,5060641.0,1.0438482098334134,
radar:2026-09-09:1030,2026-09-09T10:30:00-04:00,COMPLETED,49,V,OK,0.0,1.25,3.35,3.77,15.0,10.0,33.37,11.16,NO_VERIFIED_CATALYST,368.09,917510.0,0.9189575713152025,
radar:2026-09-09:1030,2026-09-09T10:30:00-04:00,COMPLETED,50,NFLX,OK,0.0,1.89,3.79,2.4,15.0,10.0,33.08,10.77,NO_VERIFIED_CATALYST|RELATIVE_STRENGTH_NEGATIVE,76.48,4251913.0,0.9735583252732292,
radar:2026-09-09:1030,2026-09-09T10:30:00-04:00,COMPLETED,51,ADBE,OK,0.0,0.83,3.56,3.6,15.0,10.0,32.99,10.66,NO_VERIFIED_CATALYST,256.8,638645.0,0.9454724103490745,
radar:2026-09-09:1030,2026-09-09T10:30:00-04:00,COMPLETED,52,NOW,OK,0.0,4.9,2.99,0.0,15.0,10.0,32.89,10.52,NO_VERIFIED_CATALYST|RELATIVE_STRENGTH_NEGATIVE,132.8,2339125.0,0.8735555830336598,
radar:2026-09-09:1030,2026-09-09T10:30:00-04:00,COMPLETED,53,BA,OK,0.0,0.62,3.17,3.87,15.0,10.0,32.66,10.21,NO_VERIFIED_CATALYST,210.45,679947.0,0.8956665202805152,
radar:2026-09-09:1030,2026-09-09T10:30:00-04:00,COMPLETED,54,SNPS,OK,0.0,0.93,2.42,3.47,15.0,10.0,31.83,9.1,NO_VERIFIED_CATALYST,391.25,221733.0,0.8031113817108609,
radar:2026-09-09:1030,2026-09-09T10:30:00-04:00,COMPLETED,55,LHX,OK,0.0,2.54,1.97,1.76,15.0,10.0,31.27,8.36,NO_VERIFIED_CATALYST|RELATIVE_STRENGTH_NEGATIVE,254.5,184078.0,0.7464388695732848,
radar:2026-09-09:1030,2026-09-09T10:30:00-04:00,COMPLETED,56,MSFT,OK,0.0,1.78,2.08,2.38,15.0,10.0,31.24,8.32,NO_VERIFIED_CATALYST|RELATIVE_STRENGTH_NEGATIVE,492.065,2616259.0,0.7598302894668434,
radar:2026-09-09:1030,2026-09-09T10:30:00-04:00,COMPLETED,57,MRNA,OK,0.0,5.34,0.04,0.0,15.0,10.0,30.38,7.17,NO_VERIFIED_CATALYST|RELATIVE_STRENGTH_NEGATIVE,138.725,2615936.0,0.5049365508736942,
radar:2026-09-09:1030,2026-09-09T10:30:00-04:00,COMPLETED,58,WMT,OK,0.0,2.95,1.37,0.88,15.0,10.0,30.19,6.92,NO_VERIFIED_CATALYST|RELATIVE_STRENGTH_NEGATIVE,105.38,2899870.0,0.6707175654748219,
radar:2026-09-09:1030,2026-09-09T10:30:00-04:00,COMPLETED,59,AMAT,OK,0.0,3.68,1.47,0.0,15.0,10.0,30.16,6.88,NO_VERIFIED_CATALYST|RELATIVE_STRENGTH_NEGATIVE,469.06,779655.0,0.6843417994835067,
radar:2026-09-09:1030,2026-09-09T10:30:00-04:00,COMPLETED,60,WDAY,OK,0.0,3.08,0.0,0.71,15.0,10.0,28.79,5.05,NO_VERIFIED_CATALYST|RELATIVE_STRENGTH_NEGATIVE,185.05,345868.0,0.45762470296940405,
radar:2026-09-09:1040,2026-09-09T10:40:00-04:00,DATA_UNAVAILABLE,,NVDA,MISSING,,,,,,,,,PRICE_CROSS_CHECK_FAILED,,,,
radar:2026-09-09:1040,2026-09-09T10:40:00-04:00,DATA_UNAVAILABLE,,AVGO,MISSING,,,,,,,,,PRICE_CROSS_CHECK_FAILED,,,,
radar:2026-09-09:1040,2026-09-09T10:40:00-04:00,DATA_UNAVAILABLE,,DELL,MISSING,,,,,,,,,PRICE_CROSS_CHECK_FAILED,,,,
radar:2026-09-09:1040,2026-09-09T10:40:00-04:00,DATA_UNAVAILABLE,,AAPL,MISSING,,,,,,,,,PRICE_CROSS_CHECK_FAILED,,,,
radar:2026-09-09:1040,2026-09-09T10:40:00-04:00,DATA_UNAVAILABLE,,TXN,MISSING,,,,,,,,,PRICE_CROSS_CHECK_FAILED,,,,
radar:2026-09-09:1040,2026-09-09T10:40:00-04:00,DATA_UNAVAILABLE,,CDNS,MISSING,,,,,,,,,PRICE_CROSS_CHECK_FAILED,,,,
radar:2026-09-09:1040,2026-09-09T10:40:00-04:00,DATA_UNAVAILABLE,,SNPS,MISSING,,,,,,,,,PRICE_CROSS_CHECK_FAILED,,,,
radar:2026-09-09:1040,2026-09-09T10:40:00-04:00,DATA_UNAVAILABLE,,ORCL,MISSING,,,,,,,,,PRICE_CROSS_CHECK_FAILED,,,,
radar:2026-09-09:1040,2026-09-09T10:40:00-04:00,DATA_UNAVAILABLE,,NOW,MISSING,,,,,,,,,PRICE_CROSS_CHECK_FAILED,,,,
radar:2026-09-09:1040,2026-09-09T10:40:00-04:00,DATA_UNAVAILABLE,,ADBE,MISSING,,,,,,,,,PRICE_CROSS_CHECK_FAILED,,,,
radar:2026-09-09:1040,2026-09-09T10:40:00-04:00,DATA_UNAVAILABLE,,WDAY,MISSING,,,,,,,,,PRICE_CROSS_CHECK_FAILED,,,,
radar:2026-09-09:1040,2026-09-09T10:40:00-04:00,DATA_UNAVAILABLE,,MSFT,MISSING,,,,,,,,,PRICE_CROSS_CHECK_FAILED,,,,
radar:2026-09-09:1040,2026-09-09T10:40:00-04:00,DATA_UNAVAILABLE,,AMZN,MISSING,,,,,,,,,PRICE_CROSS_CHECK_FAILED,,,,
radar:2026-09-09:1040,2026-09-09T10:40:00-04:00,DATA_UNAVAILABLE,,BA,MISSING,,,,,,,,,PRICE_CROSS_CHECK_FAILED,,,,
radar:2026-09-09:1040,2026-09-09T10:40:00-04:00,DATA_UNAVAILABLE,,AMD,MISSING,,,,,,,,,PRICE_CROSS_CHECK_FAILED,,,,
radar:2026-09-09:1040,2026-09-09T10:40:00-04:00,DATA_UNAVAILABLE,,INTC,MISSING,,,,,,,,,PRICE_CROSS_CHECK_FAILED,,,,
radar:2026-09-09:1040,2026-09-09T10:40:00-04:00,DATA_UNAVAILABLE,,MRVL,MISSING,,,,,,,,,PRICE_CROSS_CHECK_FAILED,,,,
radar:2026-09-09:1040,2026-09-09T10:40:00-04:00,DATA_UNAVAILABLE,,MRNA,MISSING,,,,,,,,,PRICE_CROSS_CHECK_FAILED,,,,
radar:2026-09-09:1040,2026-09-09T10:40:00-04:00,DATA_UNAVAILABLE,,SNDK,MISSING,,,,,,,,,PRICE_CROSS_CHECK_FAILED,,,,
radar:2026-09-09:1040,2026-09-09T10:40:00-04:00,DATA_UNAVAILABLE,,GOOGL,MISSING,,,,,,,,,PRICE_CROSS_CHECK_FAILED,,,,
radar:2026-09-09:1040,2026-09-09T10:40:00-04:00,DATA_UNAVAILABLE,,GS,MISSING,,,,,,,,,PRICE_CROSS_CHECK_FAILED,,,,
radar:2026-09-09:1040,2026-09-09T10:40:00-04:00,DATA_UNAVAILABLE,,ABNB,MISSING,,,,,,,,,PRICE_CROSS_CHECK_FAILED,,,,
radar:2026-09-09:1040,2026-09-09T10:40:00-04:00,DATA_UNAVAILABLE,,DASH,MISSING,,,,,,,,,PRICE_CROSS_CHECK_FAILED,,,,
radar:2026-09-09:1040,2026-09-09T10:40:00-04:00,DATA_UNAVAILABLE,,MU,MISSING,,,,,,,,,PRICE_CROSS_CHECK_FAILED,,,,
radar:2026-09-09:1040,2026-09-09T10:40:00-04:00,DATA_UNAVAILABLE,,GE,MISSING,,,,,,,,,PRICE_CROSS_CHECK_FAILED,,,,
radar:2026-09-09:1040,2026-09-09T10:40:00-04:00,DATA_UNAVAILABLE,,JPM,MISSING,,,,,,,,,PRICE_CROSS_CHECK_FAILED,,,,
radar:2026-09-09:1040,2026-09-09T10:40:00-04:00,DATA_UNAVAILABLE,,BAC,MISSING,,,,,,,,,PRICE_CROSS_CHECK_FAILED,,,,
radar:2026-09-09:1040,2026-09-09T10:40:00-04:00,DATA_UNAVAILABLE,,MS,MISSING,,,,,,,,,PRICE_CROSS_CHECK_FAILED,,,,
radar:2026-09-09:1040,2026-09-09T10:40:00-04:00,DATA_UNAVAILABLE,,WMT,MISSING,,,,,,,,,PRICE_CROSS_CHECK_FAILED,,,,
radar:2026-09-09:1040,2026-09-09T10:40:00-04:00,DATA_UNAVAILABLE,,COIN,MISSING,,,,,,,,,PRICE_CROSS_CHECK_FAILED,,,,
radar:2026-09-09:1040,2026-09-09T10:40:00-04:00,DATA_UNAVAILABLE,,HOOD,MISSING,,,,,,,,,PRICE_CROSS_CHECK_FAILED,,,,
radar:2026-09-09:1040,2026-09-09T10:40:00-04:00,DATA_UNAVAILABLE,,PLTR,MISSING,,,,,,,,,PRICE_CROSS_CHECK_FAILED,,,,
radar:2026-09-09:1040,2026-09-09T10:40:00-04:00,DATA_UNAVAILABLE,,MSTR,MISSING,,,,,,,,,PRICE_CROSS_CHECK_FAILED,,,,
radar:2026-09-09:1040,2026-09-09T10:40:00-04:00,DATA_UNAVAILABLE,,META,MISSING,,,,,,,,,PRICE_CROSS_CHECK_FAILED,,,,
radar:2026-09-09:1040,2026-09-09T10:40:00-04:00,DATA_UNAVAILABLE,,NFLX,MISSING,,,,,,,,,PRICE_CROSS_CHECK_FAILED,,,,
radar:2026-09-09:1040,2026-09-09T10:40:00-04:00,DATA_UNAVAILABLE,,UBER,MISSING,,,,,,,,,PRICE_CROSS_CHECK_FAILED,,,,
radar:2026-09-09:1040,2026-09-09T10:40:00-04:00,DATA_UNAVAILABLE,,PYPL,MISSING,,,,,,,,,PRICE_CROSS_CHECK_FAILED,,,,
radar:2026-09-09:1040,2026-09-09T10:40:00-04:00,DATA_UNAVAILABLE,,V,MISSING,,,,,,,,,PRICE_CROSS_CHECK_FAILED,,,,
radar:2026-09-09:1040,2026-09-09T10:40:00-04:00,DATA_UNAVAILABLE,,EBAY,MISSING,,,,,,,,,PRICE_CROSS_CHECK_FAILED,,,,
radar:2026-09-09:1040,2026-09-09T10:40:00-04:00,DATA_UNAVAILABLE,,DIS,MISSING,,,,,,,,,PRICE_CROSS_CHECK_FAILED,,,,
radar:2026-09-09:1040,2026-09-09T10:40:00-04:00,DATA_UNAVAILABLE,,PG,MISSING,,,,,,,,,PRICE_CROSS_CHECK_FAILED,,,,
radar:2026-09-09:1040,2026-09-09T10:40:00-04:00,DATA_UNAVAILABLE,,CVX,MISSING,,,,,,,,,PRICE_CROSS_CHECK_FAILED,,,,
radar:2026-09-09:1040,2026-09-09T10:40:00-04:00,DATA_UNAVAILABLE,,QCOM,MISSING,,,,,,,,,PRICE_CROSS_CHECK_FAILED,,,,
radar:2026-09-09:1040,2026-09-09T10:40:00-04:00,DATA_UNAVAILABLE,,AMAT,MISSING,,,,,,,,,PRICE_CROSS_CHECK_FAILED,,,,
radar:2026-09-09:1040,2026-09-09T10:40:00-04:00,DATA_UNAVAILABLE,,TSLA,MISSING,,,,,,,,,PRICE_CROSS_CHECK_FAILED,,,,
radar:2026-09-09:1040,2026-09-09T10:40:00-04:00,DATA_UNAVAILABLE,,CSCO,MISSING,,,,,,,,,PRICE_CROSS_CHECK_FAILED,,,,
radar:2026-09-09:1040,2026-09-09T10:40:00-04:00,DATA_UNAVAILABLE,,ALAB,MISSING,,,,,,,,,PRICE_CROSS_CHECK_FAILED,,,,
radar:2026-09-09:1040,2026-09-09T10:40:00-04:00,DATA_UNAVAILABLE,,IBKR,MISSING,,,,,,,,,PRICE_CROSS_CHECK_FAILED,,,,
radar:2026-09-09:1040,2026-09-09T10:40:00-04:00,DATA_UNAVAILABLE,,LHX,MISSING,,,,,,,,,PRICE_CROSS_CHECK_FAILED,,,,
radar:2026-09-09:1040,2026-09-09T10:40:00-04:00,DATA_UNAVAILABLE,,NOC,MISSING,,,,,,,,,PRICE_CROSS_CHECK_FAILED,,,,
radar:2026-09-09:1040,2026-09-09T10:40:00-04:00,DATA_UNAVAILABLE,,ONDS,MISSING,,,,,,,,,PRICE_CROSS_CHECK_FAILED,,,,
radar:2026-09-09:1040,2026-09-09T10:40:00-04:00,DATA_UNAVAILABLE,,SPY,MISSING,,,,,,,,,PRICE_CROSS_CHECK_FAILED,,,,
radar:2026-09-09:1040,2026-09-09T10:40:00-04:00,DATA_UNAVAILABLE,,QQQ,MISSING,,,,,,,,,PRICE_CROSS_CHECK_FAILED,,,,
radar:2026-09-09:1040,2026-09-09T10:40:00-04:00,DATA_UNAVAILABLE,,VOO,MISSING,,,,,,,,,PRICE_CROSS_CHECK_FAILED,,,,
radar:2026-09-09:1040,2026-09-09T10:40:00-04:00,DATA_UNAVAILABLE,,IBIT,MISSING,,,,,,,,,PRICE_CROSS_CHECK_FAILED,,,,
radar:2026-09-09:1040,2026-09-09T10:40:00-04:00,DATA_UNAVAILABLE,,XLE,MISSING,,,,,,,,,PRICE_CROSS_CHECK_FAILED,,,,
radar:2026-09-09:1040,2026-09-09T10:40:00-04:00,DATA_UNAVAILABLE,,GLTR,MISSING,,,,,,,,,PRICE_CROSS_CHECK_FAILED,,,,
radar:2026-09-09:1040,2026-09-09T10:40:00-04:00,DATA_UNAVAILABLE,,REMX,MISSING,,,,,,,,,PRICE_CROSS_CHECK_FAILED,,,,
radar:2026-09-09:1040,2026-09-09T10:40:00-04:00,DATA_UNAVAILABLE,,ITA,MISSING,,,,,,,,,PRICE_CROSS_CHECK_FAILED,,,,
radar:2026-09-09:1040,2026-09-09T10:40:00-04:00,DATA_UNAVAILABLE,,XAR,MISSING,,,,,,,,,PRICE_CROSS_CHECK_FAILED,,,,
radar:2026-09-09:1050,2026-09-09T10:50:00-04:00,DATA_UNAVAILABLE,,NVDA,MISSING,,,,,,,,,PRICE_CROSS_CHECK_FAILED,,,,
radar:2026-09-09:1050,2026-09-09T10:50:00-04:00,DATA_UNAVAILABLE,,AVGO,MISSING,,,,,,,,,PRICE_CROSS_CHECK_FAILED,,,,
radar:2026-09-09:1050,2026-09-09T10:50:00-04:00,DATA_UNAVAILABLE,,DELL,MISSING,,,,,,,,,PRICE_CROSS_CHECK_FAILED,,,,
radar:2026-09-09:1050,2026-09-09T10:50:00-04:00,DATA_UNAVAILABLE,,AAPL,MISSING,,,,,,,,,PRICE_CROSS_CHECK_FAILED,,,,
radar:2026-09-09:1050,2026-09-09T10:50:00-04:00,DATA_UNAVAILABLE,,TXN,MISSING,,,,,,,,,PRICE_CROSS_CHECK_FAILED,,,,
radar:2026-09-09:1050,2026-09-09T10:50:00-04:00,DATA_UNAVAILABLE,,CDNS,MISSING,,,,,,,,,PRICE_CROSS_CHECK_FAILED,,,,
radar:2026-09-09:1050,2026-09-09T10:50:00-04:00,DATA_UNAVAILABLE,,SNPS,MISSING,,,,,,,,,PRICE_CROSS_CHECK_FAILED,,,,
radar:2026-09-09:1050,2026-09-09T10:50:00-04:00,DATA_UNAVAILABLE,,ORCL,MISSING,,,,,,,,,PRICE_CROSS_CHECK_FAILED,,,,
radar:2026-09-09:1050,2026-09-09T10:50:00-04:00,DATA_UNAVAILABLE,,NOW,MISSING,,,,,,,,,PRICE_CROSS_CHECK_FAILED,,,,
radar:2026-09-09:1050,2026-09-09T10:50:00-04:00,DATA_UNAVAILABLE,,ADBE,MISSING,,,,,,,,,PRICE_CROSS_CHECK_FAILED,,,,
radar:2026-09-09:1050,2026-09-09T10:50:00-04:00,DATA_UNAVAILABLE,,WDAY,MISSING,,,,,,,,,PRICE_CROSS_CHECK_FAILED,,,,
radar:2026-09-09:1050,2026-09-09T10:50:00-04:00,DATA_UNAVAILABLE,,MSFT,MISSING,,,,,,,,,PRICE_CROSS_CHECK_FAILED,,,,
radar:2026-09-09:1050,2026-09-09T10:50:00-04:00,DATA_UNAVAILABLE,,AMZN,MISSING,,,,,,,,,PRICE_CROSS_CHECK_FAILED,,,,
radar:2026-09-09:1050,2026-09-09T10:50:00-04:00,DATA_UNAVAILABLE,,BA,MISSING,,,,,,,,,PRICE_CROSS_CHECK_FAILED,,,,
radar:2026-09-09:1050,2026-09-09T10:50:00-04:00,DATA_UNAVAILABLE,,AMD,MISSING,,,,,,,,,PRICE_CROSS_CHECK_FAILED,,,,
radar:2026-09-09:1050,2026-09-09T10:50:00-04:00,DATA_UNAVAILABLE,,INTC,MISSING,,,,,,,,,PRICE_CROSS_CHECK_FAILED,,,,
radar:2026-09-09:1050,2026-09-09T10:50:00-04:00,DATA_UNAVAILABLE,,MRVL,MISSING,,,,,,,,,PRICE_CROSS_CHECK_FAILED,,,,
radar:2026-09-09:1050,2026-09-09T10:50:00-04:00,DATA_UNAVAILABLE,,MRNA,MISSING,,,,,,,,,PRICE_CROSS_CHECK_FAILED,,,,
radar:2026-09-09:1050,2026-09-09T10:50:00-04:00,DATA_UNAVAILABLE,,SNDK,MISSING,,,,,,,,,PRICE_CROSS_CHECK_FAILED,,,,
radar:2026-09-09:1050,2026-09-09T10:50:00-04:00,DATA_UNAVAILABLE,,GOOGL,MISSING,,,,,,,,,PRICE_CROSS_CHECK_FAILED,,,,
radar:2026-09-09:1050,2026-09-09T10:50:00-04:00,DATA_UNAVAILABLE,,GS,MISSING,,,,,,,,,PRICE_CROSS_CHECK_FAILED,,,,
radar:2026-09-09:1050,2026-09-09T10:50:00-04:00,DATA_UNAVAILABLE,,ABNB,MISSING,,,,,,,,,PRICE_CROSS_CHECK_FAILED,,,,
radar:2026-09-09:1050,2026-09-09T10:50:00-04:00,DATA_UNAVAILABLE,,DASH,MISSING,,,,,,,,,PRICE_CROSS_CHECK_FAILED,,,,
radar:2026-09-09:1050,2026-09-09T10:50:00-04:00,DATA_UNAVAILABLE,,MU,MISSING,,,,,,,,,PRICE_CROSS_CHECK_FAILED,,,,
radar:2026-09-09:1050,2026-09-09T10:50:00-04:00,DATA_UNAVAILABLE,,GE,MISSING,,,,,,,,,PRICE_CROSS_CHECK_FAILED,,,,
radar:2026-09-09:1050,2026-09-09T10:50:00-04:00,DATA_UNAVAILABLE,,JPM,MISSING,,,,,,,,,PRICE_CROSS_CHECK_FAILED,,,,
radar:2026-09-09:1050,2026-09-09T10:50:00-04:00,DATA_UNAVAILABLE,,BAC,MISSING,,,,,,,,,PRICE_CROSS_CHECK_FAILED,,,,
radar:2026-09-09:1050,2026-09-09T10:50:00-04:00,DATA_UNAVAILABLE,,MS,MISSING,,,,,,,,,PRICE_CROSS_CHECK_FAILED,,,,
radar:2026-09-09:1050,2026-09-09T10:50:00-04:00,DATA_UNAVAILABLE,,WMT,MISSING,,,,,,,,,PRICE_CROSS_CHECK_FAILED,,,,
radar:2026-09-09:1050,2026-09-09T10:50:00-04:00,DATA_UNAVAILABLE,,COIN,MISSING,,,,,,,,,PRICE_CROSS_CHECK_FAILED,,,,
radar:2026-09-09:1050,2026-09-09T10:50:00-04:00,DATA_UNAVAILABLE,,HOOD,MISSING,,,,,,,,,PRICE_CROSS_CHECK_FAILED,,,,
radar:2026-09-09:1050,2026-09-09T10:50:00-04:00,DATA_UNAVAILABLE,,PLTR,MISSING,,,,,,,,,PRICE_CROSS_CHECK_FAILED,,,,
radar:2026-09-09:1050,2026-09-09T10:50:00-04:00,DATA_UNAVAILABLE,,MSTR,MISSING,,,,,,,,,PRICE_CROSS_CHECK_FAILED,,,,
radar:2026-09-09:1050,2026-09-09T10:50:00-04:00,DATA_UNAVAILABLE,,META,MISSING,,,,,,,,,PRICE_CROSS_CHECK_FAILED,,,,
radar:2026-09-09:1050,2026-09-09T10:50:00-04:00,DATA_UNAVAILABLE,,NFLX,MISSING,,,,,,,,,PRICE_CROSS_CHECK_FAILED,,,,
radar:2026-09-09:1050,2026-09-09T10:50:00-04:00,DATA_UNAVAILABLE,,UBER,MISSING,,,,,,,,,PRICE_CROSS_CHECK_FAILED,,,,
radar:2026-09-09:1050,2026-09-09T10:50:00-04:00,DATA_UNAVAILABLE,,PYPL,MISSING,,,,,,,,,PRICE_CROSS_CHECK_FAILED,,,,
radar:2026-09-09:1050,2026-09-09T10:50:00-04:00,DATA_UNAVAILABLE,,V,MISSING,,,,,,,,,PRICE_CROSS_CHECK_FAILED,,,,
radar:2026-09-09:1050,2026-09-09T10:50:00-04:00,DATA_UNAVAILABLE,,EBAY,MISSING,,,,,,,,,PRICE_CROSS_CHECK_FAILED,,,,
radar:2026-09-09:1050,2026-09-09T10:50:00-04:00,DATA_UNAVAILABLE,,DIS,MISSING,,,,,,,,,PRICE_CROSS_CHECK_FAILED,,,,
radar:2026-09-09:1050,2026-09-09T10:50:00-04:00,DATA_UNAVAILABLE,,PG,MISSING,,,,,,,,,PRICE_CROSS_CHECK_FAILED,,,,
radar:2026-09-09:1050,2026-09-09T10:50:00-04:00,DATA_UNAVAILABLE,,CVX,MISSING,,,,,,,,,PRICE_CROSS_CHECK_FAILED,,,,
radar:2026-09-09:1050,2026-09-09T10:50:00-04:00,DATA_UNAVAILABLE,,QCOM,MISSING,,,,,,,,,PRICE_CROSS_CHECK_FAILED,,,,
radar:2026-09-09:1050,2026-09-09T10:50:00-04:00,DATA_UNAVAILABLE,,AMAT,MISSING,,,,,,,,,PRICE_CROSS_CHECK_FAILED,,,,
radar:2026-09-09:1050,2026-09-09T10:50:00-04:00,DATA_UNAVAILABLE,,TSLA,MISSING,,,,,,,,,PRICE_CROSS_CHECK_FAILED,,,,
radar:2026-09-09:1050,2026-09-09T10:50:00-04:00,DATA_UNAVAILABLE,,CSCO,MISSING,,,,,,,,,PRICE_CROSS_CHECK_FAILED,,,,
radar:2026-09-09:1050,2026-09-09T10:50:00-04:00,DATA_UNAVAILABLE,,ALAB,MISSING,,,,,,,,,PRICE_CROSS_CHECK_FAILED,,,,
radar:2026-09-09:1050,2026-09-09T10:50:00-04:00,DATA_UNAVAILABLE,,IBKR,MISSING,,,,,,,,,PRICE_CROSS_CHECK_FAILED,,,,
radar:2026-09-09:1050,2026-09-09T10:50:00-04:00,DATA_UNAVAILABLE,,LHX,MISSING,,,,,,,,,PRICE_CROSS_CHECK_FAILED,,,,
radar:2026-09-09:1050,2026-09-09T10:50:00-04:00,DATA_UNAVAILABLE,,NOC,MISSING,,,,,,,,,PRICE_CROSS_CHECK_FAILED,,,,
radar:2026-09-09:1050,2026-09-09T10:50:00-04:00,DATA_UNAVAILABLE,,ONDS,MISSING,,,,,,,,,PRICE_CROSS_CHECK_FAILED,,,,
radar:2026-09-09:1050,2026-09-09T10:50:00-04:00,DATA_UNAVAILABLE,,SPY,MISSING,,,,,,,,,PRICE_CROSS_CHECK_FAILED,,,,
radar:2026-09-09:1050,2026-09-09T10:50:00-04:00,DATA_UNAVAILABLE,,QQQ,MISSING,,,,,,,,,PRICE_CROSS_CHECK_FAILED,,,,
radar:2026-09-09:1050,2026-09-09T10:50:00-04:00,DATA_UNAVAILABLE,,VOO,MISSING,,,,,,,,,PRICE_CROSS_CHECK_FAILED,,,,
radar:2026-09-09:1050,2026-09-09T10:50:00-04:00,DATA_UNAVAILABLE,,IBIT,MISSING,,,,,,,,,PRICE_CROSS_CHECK_FAILED,,,,
radar:2026-09-09:1050,2026-09-09T10:50:00-04:00,DATA_UNAVAILABLE,,XLE,MISSING,,,,,,,,,PRICE_CROSS_CHECK_FAILED,,,,
radar:2026-09-09:1050,2026-09-09T10:50:00-04:00,DATA_UNAVAILABLE,,GLTR,MISSING,,,,,,,,,PRICE_CROSS_CHECK_FAILED,,,,
radar:2026-09-09:1050,2026-09-09T10:50:00-04:00,DATA_UNAVAILABLE,,REMX,MISSING,,,,,,,,,PRICE_CROSS_CHECK_FAILED,,,,
radar:2026-09-09:1050,2026-09-09T10:50:00-04:00,DATA_UNAVAILABLE,,ITA,MISSING,,,,,,,,,PRICE_CROSS_CHECK_FAILED,,,,
radar:2026-09-09:1050,2026-09-09T10:50:00-04:00,DATA_UNAVAILABLE,,XAR,MISSING,,,,,,,,,PRICE_CROSS_CHECK_FAILED,,,,
radar:2026-09-09:1100,2026-09-09T11:00:00-04:00,DATA_UNAVAILABLE,,NVDA,MISSING,,,,,,,,,PRICE_CROSS_CHECK_FAILED,,,,
radar:2026-09-09:1100,2026-09-09T11:00:00-04:00,DATA_UNAVAILABLE,,AVGO,MISSING,,,,,,,,,PRICE_CROSS_CHECK_FAILED,,,,
radar:2026-09-09:1100,2026-09-09T11:00:00-04:00,DATA_UNAVAILABLE,,DELL,MISSING,,,,,,,,,PRICE_CROSS_CHECK_FAILED,,,,
radar:2026-09-09:1100,2026-09-09T11:00:00-04:00,DATA_UNAVAILABLE,,AAPL,MISSING,,,,,,,,,PRICE_CROSS_CHECK_FAILED,,,,
radar:2026-09-09:1100,2026-09-09T11:00:00-04:00,DATA_UNAVAILABLE,,TXN,MISSING,,,,,,,,,PRICE_CROSS_CHECK_FAILED,,,,
radar:2026-09-09:1100,2026-09-09T11:00:00-04:00,DATA_UNAVAILABLE,,CDNS,MISSING,,,,,,,,,PRICE_CROSS_CHECK_FAILED,,,,
radar:2026-09-09:1100,2026-09-09T11:00:00-04:00,DATA_UNAVAILABLE,,SNPS,MISSING,,,,,,,,,PRICE_CROSS_CHECK_FAILED,,,,
radar:2026-09-09:1100,2026-09-09T11:00:00-04:00,DATA_UNAVAILABLE,,ORCL,MISSING,,,,,,,,,PRICE_CROSS_CHECK_FAILED,,,,
radar:2026-09-09:1100,2026-09-09T11:00:00-04:00,DATA_UNAVAILABLE,,NOW,MISSING,,,,,,,,,PRICE_CROSS_CHECK_FAILED,,,,
radar:2026-09-09:1100,2026-09-09T11:00:00-04:00,DATA_UNAVAILABLE,,ADBE,MISSING,,,,,,,,,PRICE_CROSS_CHECK_FAILED,,,,
radar:2026-09-09:1100,2026-09-09T11:00:00-04:00,DATA_UNAVAILABLE,,WDAY,MISSING,,,,,,,,,PRICE_CROSS_CHECK_FAILED,,,,
radar:2026-09-09:1100,2026-09-09T11:00:00-04:00,DATA_UNAVAILABLE,,MSFT,MISSING,,,,,,,,,PRICE_CROSS_CHECK_FAILED,,,,
radar:2026-09-09:1100,2026-09-09T11:00:00-04:00,DATA_UNAVAILABLE,,AMZN,MISSING,,,,,,,,,PRICE_CROSS_CHECK_FAILED,,,,
radar:2026-09-09:1100,2026-09-09T11:00:00-04:00,DATA_UNAVAILABLE,,BA,MISSING,,,,,,,,,PRICE_CROSS_CHECK_FAILED,,,,
radar:2026-09-09:1100,2026-09-09T11:00:00-04:00,DATA_UNAVAILABLE,,AMD,MISSING,,,,,,,,,PRICE_CROSS_CHECK_FAILED,,,,
radar:2026-09-09:1100,2026-09-09T11:00:00-04:00,DATA_UNAVAILABLE,,INTC,MISSING,,,,,,,,,PRICE_CROSS_CHECK_FAILED,,,,
radar:2026-09-09:1100,2026-09-09T11:00:00-04:00,DATA_UNAVAILABLE,,MRVL,MISSING,,,,,,,,,PRICE_CROSS_CHECK_FAILED,,,,
radar:2026-09-09:1100,2026-09-09T11:00:00-04:00,DATA_UNAVAILABLE,,MRNA,MISSING,,,,,,,,,PRICE_CROSS_CHECK_FAILED,,,,
radar:2026-09-09:1100,2026-09-09T11:00:00-04:00,DATA_UNAVAILABLE,,SNDK,MISSING,,,,,,,,,PRICE_CROSS_CHECK_FAILED,,,,
radar:2026-09-09:1100,2026-09-09T11:00:00-04:00,DATA_UNAVAILABLE,,GOOGL,MISSING,,,,,,,,,PRICE_CROSS_CHECK_FAILED,,,,
radar:2026-09-09:1100,2026-09-09T11:00:00-04:00,DATA_UNAVAILABLE,,GS,MISSING,,,,,,,,,PRICE_CROSS_CHECK_FAILED,,,,
radar:2026-09-09:1100,2026-09-09T11:00:00-04:00,DATA_UNAVAILABLE,,ABNB,MISSING,,,,,,,,,PRICE_CROSS_CHECK_FAILED,,,,
radar:2026-09-09:1100,2026-09-09T11:00:00-04:00,DATA_UNAVAILABLE,,DASH,MISSING,,,,,,,,,PRICE_CROSS_CHECK_FAILED,,,,
radar:2026-09-09:1100,2026-09-09T11:00:00-04:00,DATA_UNAVAILABLE,,MU,MISSING,,,,,,,,,PRICE_CROSS_CHECK_FAILED,,,,
radar:2026-09-09:1100,2026-09-09T11:00:00-04:00,DATA_UNAVAILABLE,,GE,MISSING,,,,,,,,,PRICE_CROSS_CHECK_FAILED,,,,
radar:2026-09-09:1100,2026-09-09T11:00:00-04:00,DATA_UNAVAILABLE,,JPM,MISSING,,,,,,,,,PRICE_CROSS_CHECK_FAILED,,,,
radar:2026-09-09:1100,2026-09-09T11:00:00-04:00,DATA_UNAVAILABLE,,BAC,MISSING,,,,,,,,,PRICE_CROSS_CHECK_FAILED,,,,
radar:2026-09-09:1100,2026-09-09T11:00:00-04:00,DATA_UNAVAILABLE,,MS,MISSING,,,,,,,,,PRICE_CROSS_CHECK_FAILED,,,,
radar:2026-09-09:1100,2026-09-09T11:00:00-04:00,DATA_UNAVAILABLE,,WMT,MISSING,,,,,,,,,PRICE_CROSS_CHECK_FAILED,,,,
radar:2026-09-09:1100,2026-09-09T11:00:00-04:00,DATA_UNAVAILABLE,,COIN,MISSING,,,,,,,,,PRICE_CROSS_CHECK_FAILED,,,,
radar:2026-09-09:1100,2026-09-09T11:00:00-04:00,DATA_UNAVAILABLE,,HOOD,MISSING,,,,,,,,,PRICE_CROSS_CHECK_FAILED,,,,
radar:2026-09-09:1100,2026-09-09T11:00:00-04:00,DATA_UNAVAILABLE,,PLTR,MISSING,,,,,,,,,PRICE_CROSS_CHECK_FAILED,,,,
radar:2026-09-09:1100,2026-09-09T11:00:00-04:00,DATA_UNAVAILABLE,,MSTR,MISSING,,,,,,,,,PRICE_CROSS_CHECK_FAILED,,,,
radar:2026-09-09:1100,2026-09-09T11:00:00-04:00,DATA_UNAVAILABLE,,META,MISSING,,,,,,,,,PRICE_CROSS_CHECK_FAILED,,,,
radar:2026-09-09:1100,2026-09-09T11:00:00-04:00,DATA_UNAVAILABLE,,NFLX,MISSING,,,,,,,,,PRICE_CROSS_CHECK_FAILED,,,,
radar:2026-09-09:1100,2026-09-09T11:00:00-04:00,DATA_UNAVAILABLE,,UBER,MISSING,,,,,,,,,PRICE_CROSS_CHECK_FAILED,,,,
radar:2026-09-09:1100,2026-09-09T11:00:00-04:00,DATA_UNAVAILABLE,,PYPL,MISSING,,,,,,,,,PRICE_CROSS_CHECK_FAILED,,,,
radar:2026-09-09:1100,2026-09-09T11:00:00-04:00,DATA_UNAVAILABLE,,V,MISSING,,,,,,,,,PRICE_CROSS_CHECK_FAILED,,,,
radar:2026-09-09:1100,2026-09-09T11:00:00-04:00,DATA_UNAVAILABLE,,EBAY,MISSING,,,,,,,,,PRICE_CROSS_CHECK_FAILED,,,,
radar:2026-09-09:1100,2026-09-09T11:00:00-04:00,DATA_UNAVAILABLE,,DIS,MISSING,,,,,,,,,PRICE_CROSS_CHECK_FAILED,,,,
radar:2026-09-09:1100,2026-09-09T11:00:00-04:00,DATA_UNAVAILABLE,,PG,MISSING,,,,,,,,,PRICE_CROSS_CHECK_FAILED,,,,
radar:2026-09-09:1100,2026-09-09T11:00:00-04:00,DATA_UNAVAILABLE,,CVX,MISSING,,,,,,,,,PRICE_CROSS_CHECK_FAILED,,,,
radar:2026-09-09:1100,2026-09-09T11:00:00-04:00,DATA_UNAVAILABLE,,QCOM,MISSING,,,,,,,,,PRICE_CROSS_CHECK_FAILED,,,,
radar:2026-09-09:1100,2026-09-09T11:00:00-04:00,DATA_UNAVAILABLE,,AMAT,MISSING,,,,,,,,,PRICE_CROSS_CHECK_FAILED,,,,
radar:2026-09-09:1100,2026-09-09T11:00:00-04:00,DATA_UNAVAILABLE,,TSLA,MISSING,,,,,,,,,PRICE_CROSS_CHECK_FAILED,,,,
radar:2026-09-09:1100,2026-09-09T11:00:00-04:00,DATA_UNAVAILABLE,,CSCO,MISSING,,,,,,,,,PRICE_CROSS_CHECK_FAILED,,,,
radar:2026-09-09:1100,2026-09-09T11:00:00-04:00,DATA_UNAVAILABLE,,ALAB,MISSING,,,,,,,,,PRICE_CROSS_CHECK_FAILED,,,,
radar:2026-09-09:1100,2026-09-09T11:00:00-04:00,DATA_UNAVAILABLE,,IBKR,MISSING,,,,,,,,,PRICE_CROSS_CHECK_FAILED,,,,
radar:2026-09-09:1100,2026-09-09T11:00:00-04:00,DATA_UNAVAILABLE,,LHX,MISSING,,,,,,,,,PRICE_CROSS_CHECK_FAILED,,,,
radar:2026-09-09:1100,2026-09-09T11:00:00-04:00,DATA_UNAVAILABLE,,NOC,MISSING,,,,,,,,,PRICE_CROSS_CHECK_FAILED,,,,
radar:2026-09-09:1100,2026-09-09T11:00:00-04:00,DATA_UNAVAILABLE,,ONDS,MISSING,,,,,,,,,PRICE_CROSS_CHECK_FAILED,,,,
radar:2026-09-09:1100,2026-09-09T11:00:00-04:00,DATA_UNAVAILABLE,,SPY,MISSING,,,,,,,,,PRICE_CROSS_CHECK_FAILED,,,,
radar:2026-09-09:1100,2026-09-09T11:00:00-04:00,DATA_UNAVAILABLE,,QQQ,MISSING,,,,,,,,,PRICE_CROSS_CHECK_FAILED,,,,
radar:2026-09-09:1100,2026-09-09T11:00:00-04:00,DATA_UNAVAILABLE,,VOO,MISSING,,,,,,,,,PRICE_CROSS_CHECK_FAILED,,,,
radar:2026-09-09:1100,2026-09-09T11:00:00-04:00,DATA_UNAVAILABLE,,IBIT,MISSING,,,,,,,,,PRICE_CROSS_CHECK_FAILED,,,,
radar:2026-09-09:1100,2026-09-09T11:00:00-04:00,DATA_UNAVAILABLE,,XLE,MISSING,,,,,,,,,PRICE_CROSS_CHECK_FAILED,,,,
radar:2026-09-09:1100,2026-09-09T11:00:00-04:00,DATA_UNAVAILABLE,,GLTR,MISSING,,,,,,,,,PRICE_CROSS_CHECK_FAILED,,,,
radar:2026-09-09:1100,2026-09-09T11:00:00-04:00,DATA_UNAVAILABLE,,REMX,MISSING,,,,,,,,,PRICE_CROSS_CHECK_FAILED,,,,
radar:2026-09-09:1100,2026-09-09T11:00:00-04:00,DATA_UNAVAILABLE,,ITA,MISSING,,,,,,,,,PRICE_CROSS_CHECK_FAILED,,,,
radar:2026-09-09:1100,2026-09-09T11:00:00-04:00,DATA_UNAVAILABLE,,XAR,MISSING,,,,,,,,,PRICE_CROSS_CHECK_FAILED,,,,
radar:2026-09-09:1110,2026-09-09T11:10:00-04:00,DATA_UNAVAILABLE,,NVDA,MISSING,,,,,,,,,PRICE_CROSS_CHECK_FAILED,,,,
radar:2026-09-09:1110,2026-09-09T11:10:00-04:00,DATA_UNAVAILABLE,,AVGO,MISSING,,,,,,,,,PRICE_CROSS_CHECK_FAILED,,,,
radar:2026-09-09:1110,2026-09-09T11:10:00-04:00,DATA_UNAVAILABLE,,DELL,MISSING,,,,,,,,,PRICE_CROSS_CHECK_FAILED,,,,
radar:2026-09-09:1110,2026-09-09T11:10:00-04:00,DATA_UNAVAILABLE,,AAPL,MISSING,,,,,,,,,PRICE_CROSS_CHECK_FAILED,,,,
radar:2026-09-09:1110,2026-09-09T11:10:00-04:00,DATA_UNAVAILABLE,,TXN,MISSING,,,,,,,,,PRICE_CROSS_CHECK_FAILED,,,,
radar:2026-09-09:1110,2026-09-09T11:10:00-04:00,DATA_UNAVAILABLE,,CDNS,MISSING,,,,,,,,,PRICE_CROSS_CHECK_FAILED,,,,
radar:2026-09-09:1110,2026-09-09T11:10:00-04:00,DATA_UNAVAILABLE,,SNPS,MISSING,,,,,,,,,PRICE_CROSS_CHECK_FAILED,,,,
radar:2026-09-09:1110,2026-09-09T11:10:00-04:00,DATA_UNAVAILABLE,,ORCL,MISSING,,,,,,,,,PRICE_CROSS_CHECK_FAILED,,,,
radar:2026-09-09:1110,2026-09-09T11:10:00-04:00,DATA_UNAVAILABLE,,NOW,MISSING,,,,,,,,,PRICE_CROSS_CHECK_FAILED,,,,
radar:2026-09-09:1110,2026-09-09T11:10:00-04:00,DATA_UNAVAILABLE,,ADBE,MISSING,,,,,,,,,PRICE_CROSS_CHECK_FAILED,,,,
radar:2026-09-09:1110,2026-09-09T11:10:00-04:00,DATA_UNAVAILABLE,,WDAY,MISSING,,,,,,,,,PRICE_CROSS_CHECK_FAILED,,,,
radar:2026-09-09:1110,2026-09-09T11:10:00-04:00,DATA_UNAVAILABLE,,MSFT,MISSING,,,,,,,,,PRICE_CROSS_CHECK_FAILED,,,,
radar:2026-09-09:1110,2026-09-09T11:10:00-04:00,DATA_UNAVAILABLE,,AMZN,MISSING,,,,,,,,,PRICE_CROSS_CHECK_FAILED,,,,
radar:2026-09-09:1110,2026-09-09T11:10:00-04:00,DATA_UNAVAILABLE,,BA,MISSING,,,,,,,,,PRICE_CROSS_CHECK_FAILED,,,,
radar:2026-09-09:1110,2026-09-09T11:10:00-04:00,DATA_UNAVAILABLE,,AMD,MISSING,,,,,,,,,PRICE_CROSS_CHECK_FAILED,,,,
radar:2026-09-09:1110,2026-09-09T11:10:00-04:00,DATA_UNAVAILABLE,,INTC,MISSING,,,,,,,,,PRICE_CROSS_CHECK_FAILED,,,,
radar:2026-09-09:1110,2026-09-09T11:10:00-04:00,DATA_UNAVAILABLE,,MRVL,MISSING,,,,,,,,,PRICE_CROSS_CHECK_FAILED,,,,
radar:2026-09-09:1110,2026-09-09T11:10:00-04:00,DATA_UNAVAILABLE,,MRNA,MISSING,,,,,,,,,PRICE_CROSS_CHECK_FAILED,,,,
radar:2026-09-09:1110,2026-09-09T11:10:00-04:00,DATA_UNAVAILABLE,,SNDK,MISSING,,,,,,,,,PRICE_CROSS_CHECK_FAILED,,,,
radar:2026-09-09:1110,2026-09-09T11:10:00-04:00,DATA_UNAVAILABLE,,GOOGL,MISSING,,,,,,,,,PRICE_CROSS_CHECK_FAILED,,,,
radar:2026-09-09:1110,2026-09-09T11:10:00-04:00,DATA_UNAVAILABLE,,GS,MISSING,,,,,,,,,PRICE_CROSS_CHECK_FAILED,,,,
radar:2026-09-09:1110,2026-09-09T11:10:00-04:00,DATA_UNAVAILABLE,,ABNB,MISSING,,,,,,,,,PRICE_CROSS_CHECK_FAILED,,,,
radar:2026-09-09:1110,2026-09-09T11:10:00-04:00,DATA_UNAVAILABLE,,DASH,MISSING,,,,,,,,,PRICE_CROSS_CHECK_FAILED,,,,
radar:2026-09-09:1110,2026-09-09T11:10:00-04:00,DATA_UNAVAILABLE,,MU,MISSING,,,,,,,,,PRICE_CROSS_CHECK_FAILED,,,,
radar:2026-09-09:1110,2026-09-09T11:10:00-04:00,DATA_UNAVAILABLE,,GE,MISSING,,,,,,,,,PRICE_CROSS_CHECK_FAILED,,,,
radar:2026-09-09:1110,2026-09-09T11:10:00-04:00,DATA_UNAVAILABLE,,JPM,MISSING,,,,,,,,,PRICE_CROSS_CHECK_FAILED,,,,
radar:2026-09-09:1110,2026-09-09T11:10:00-04:00,DATA_UNAVAILABLE,,BAC,MISSING,,,,,,,,,PRICE_CROSS_CHECK_FAILED,,,,
radar:2026-09-09:1110,2026-09-09T11:10:00-04:00,DATA_UNAVAILABLE,,MS,MISSING,,,,,,,,,PRICE_CROSS_CHECK_FAILED,,,,
radar:2026-09-09:1110,2026-09-09T11:10:00-04:00,DATA_UNAVAILABLE,,WMT,MISSING,,,,,,,,,PRICE_CROSS_CHECK_FAILED,,,,
radar:2026-09-09:1110,2026-09-09T11:10:00-04:00,DATA_UNAVAILABLE,,COIN,MISSING,,,,,,,,,PRICE_CROSS_CHECK_FAILED,,,,
radar:2026-09-09:1110,2026-09-09T11:10:00-04:00,DATA_UNAVAILABLE,,HOOD,MISSING,,,,,,,,,PRICE_CROSS_CHECK_FAILED,,,,
radar:2026-09-09:1110,2026-09-09T11:10:00-04:00,DATA_UNAVAILABLE,,PLTR,MISSING,,,,,,,,,PRICE_CROSS_CHECK_FAILED,,,,
radar:2026-09-09:1110,2026-09-09T11:10:00-04:00,DATA_UNAVAILABLE,,MSTR,MISSING,,,,,,,,,PRICE_CROSS_CHECK_FAILED,,,,
radar:2026-09-09:1110,2026-09-09T11:10:00-04:00,DATA_UNAVAILABLE,,META,MISSING,,,,,,,,,PRICE_CROSS_CHECK_FAILED,,,,
radar:2026-09-09:1110,2026-09-09T11:10:00-04:00,DATA_UNAVAILABLE,,NFLX,MISSING,,,,,,,,,PRICE_CROSS_CHECK_FAILED,,,,
radar:2026-09-09:1110,2026-09-09T11:10:00-04:00,DATA_UNAVAILABLE,,UBER,MISSING,,,,,,,,,PRICE_CROSS_CHECK_FAILED,,,,
radar:2026-09-09:1110,2026-09-09T11:10:00-04:00,DATA_UNAVAILABLE,,PYPL,MISSING,,,,,,,,,PRICE_CROSS_CHECK_FAILED,,,,
radar:2026-09-09:1110,2026-09-09T11:10:00-04:00,DATA_UNAVAILABLE,,V,MISSING,,,,,,,,,PRICE_CROSS_CHECK_FAILED,,,,
radar:2026-09-09:1110,2026-09-09T11:10:00-04:00,DATA_UNAVAILABLE,,EBAY,MISSING,,,,,,,,,PRICE_CROSS_CHECK_FAILED,,,,
radar:2026-09-09:1110,2026-09-09T11:10:00-04:00,DATA_UNAVAILABLE,,DIS,MISSING,,,,,,,,,PRICE_CROSS_CHECK_FAILED,,,,
radar:2026-09-09:1110,2026-09-09T11:10:00-04:00,DATA_UNAVAILABLE,,PG,MISSING,,,,,,,,,PRICE_CROSS_CHECK_FAILED,,,,
radar:2026-09-09:1110,2026-09-09T11:10:00-04:00,DATA_UNAVAILABLE,,CVX,MISSING,,,,,,,,,PRICE_CROSS_CHECK_FAILED,,,,
radar:2026-09-09:1110,2026-09-09T11:10:00-04:00,DATA_UNAVAILABLE,,QCOM,MISSING,,,,,,,,,PRICE_CROSS_CHECK_FAILED,,,,
radar:2026-09-09:1110,2026-09-09T11:10:00-04:00,DATA_UNAVAILABLE,,AMAT,MISSING,,,,,,,,,PRICE_CROSS_CHECK_FAILED,,,,
radar:2026-09-09:1110,2026-09-09T11:10:00-04:00,DATA_UNAVAILABLE,,TSLA,MISSING,,,,,,,,,PRICE_CROSS_CHECK_FAILED,,,,
radar:2026-09-09:1110,2026-09-09T11:10:00-04:00,DATA_UNAVAILABLE,,CSCO,MISSING,,,,,,,,,PRICE_CROSS_CHECK_FAILED,,,,
radar:2026-09-09:1110,2026-09-09T11:10:00-04:00,DATA_UNAVAILABLE,,ALAB,MISSING,,,,,,,,,PRICE_CROSS_CHECK_FAILED,,,,
radar:2026-09-09:1110,2026-09-09T11:10:00-04:00,DATA_UNAVAILABLE,,IBKR,MISSING,,,,,,,,,PRICE_CROSS_CHECK_FAILED,,,,
radar:2026-09-09:1110,2026-09-09T11:10:00-04:00,DATA_UNAVAILABLE,,LHX,MISSING,,,,,,,,,PRICE_CROSS_CHECK_FAILED,,,,
radar:2026-09-09:1110,2026-09-09T11:10:00-04:00,DATA_UNAVAILABLE,,NOC,MISSING,,,,,,,,,PRICE_CROSS_CHECK_FAILED,,,,
radar:2026-09-09:1110,2026-09-09T11:10:00-04:00,DATA_UNAVAILABLE,,ONDS,MISSING,,,,,,,,,PRICE_CROSS_CHECK_FAILED,,,,
radar:2026-09-09:1110,2026-09-09T11:10:00-04:00,DATA_UNAVAILABLE,,SPY,MISSING,,,,,,,,,PRICE_CROSS_CHECK_FAILED,,,,
radar:2026-09-09:1110,2026-09-09T11:10:00-04:00,DATA_UNAVAILABLE,,QQQ,MISSING,,,,,,,,,PRICE_CROSS_CHECK_FAILED,,,,
radar:2026-09-09:1110,2026-09-09T11:10:00-04:00,DATA_UNAVAILABLE,,VOO,MISSING,,,,,,,,,PRICE_CROSS_CHECK_FAILED,,,,
radar:2026-09-09:1110,2026-09-09T11:10:00-04:00,DATA_UNAVAILABLE,,IBIT,MISSING,,,,,,,,,PRICE_CROSS_CHECK_FAILED,,,,
radar:2026-09-09:1110,2026-09-09T11:10:00-04:00,DATA_UNAVAILABLE,,XLE,MISSING,,,,,,,,,PRICE_CROSS_CHECK_FAILED,,,,
radar:2026-09-09:1110,2026-09-09T11:10:00-04:00,DATA_UNAVAILABLE,,GLTR,MISSING,,,,,,,,,PRICE_CROSS_CHECK_FAILED,,,,
radar:2026-09-09:1110,2026-09-09T11:10:00-04:00,DATA_UNAVAILABLE,,REMX,MISSING,,,,,,,,,PRICE_CROSS_CHECK_FAILED,,,,
radar:2026-09-09:1110,2026-09-09T11:10:00-04:00,DATA_UNAVAILABLE,,ITA,MISSING,,,,,,,,,PRICE_CROSS_CHECK_FAILED,,,,
radar:2026-09-09:1110,2026-09-09T11:10:00-04:00,DATA_UNAVAILABLE,,XAR,MISSING,,,,,,,,,PRICE_CROSS_CHECK_FAILED,,,,
radar:2026-09-09:1120,2026-09-09T11:20:00-04:00,COMPLETED,1,META,OK,0.0,20.0,20.0,15.0,15.0,10.0,80.0,73.33,NO_VERIFIED_CATALYST,657.24,17600420.0,3.8517476380190923,e2818651-c8ee-4dbd-b0b2-7132490ac648
radar:2026-09-09:1120,2026-09-09T11:20:00-04:00,COMPLETED,2,AMD,OK,0.0,16.13,13.32,15.0,15.0,10.0,69.45,59.26,NO_VERIFIED_CATALYST|RISK_TOO_SMALL,520.871,10949580.0,2.1652704570679444,
radar:2026-09-09:1120,2026-09-09T11:20:00-04:00,COMPLETED,3,SNDK,OK,0.0,19.92,7.24,15.0,15.0,10.0,67.16,56.21,NO_VERIFIED_CATALYST,1793.241,5271422.0,1.4050795015268163,c41db3f6-cb16-465e-8906-2dff84f6a245
radar:2026-09-09:1120,2026-09-09T11:20:00-04:00,COMPLETED,4,ALAB,OK,0.0,20.0,7.05,15.0,15.0,10.0,67.05,56.07,NO_VERIFIED_CATALYST|ADV_TOO_LOW,306.79,1366593.0,1.3813566480537138,
radar:2026-09-09:1120,2026-09-09T11:20:00-04:00,COMPLETED,5,MRVL,OK,0.0,17.53,8.63,15.0,15.0,10.0,66.17,54.89,NO_VERIFIED_CATALYST|RISK_TOO_SMALL,237.6,10888129.0,1.5789094993494712,
radar:2026-09-09:1120,2026-09-09T11:20:00-04:00,COMPLETED,6,MU,OK,0.0,15.52,8.75,15.0,15.0,10.0,64.27,52.35,NO_VERIFIED_CATALYST,1028.555,12420160.0,1.593176189842066,
radar:2026-09-09:1120,2026-09-09T11:20:00-04:00,COMPLETED,7,DELL,OK,0.0,14.0,8.38,15.0,15.0,10.0,62.38,49.84,NO_VERIFIED_CATALYST,550.32,3667372.0,1.5474303232588067,
radar:2026-09-09:1120,2026-09-09T11:20:00-04:00,COMPLETED,8,CVX,OK,0.0,6.61,8.34,14.61,15.0,10.0,54.56,39.41,NO_VERIFIED_CATALYST,212.77,3261551.0,1.5428889414756979,
radar:2026-09-09:1120,2026-09-09T11:20:00-04:00,COMPLETED,9,GOOGL,OK,0.0,12.55,13.85,0.0,15.0,10.0,51.4,35.2,NO_VERIFIED_CATALYST|RELATIVE_STRENGTH_NEGATIVE,329.26,14119658.0,2.2308159242106305,
radar:2026-09-09:1120,2026-09-09T11:20:00-04:00,COMPLETED,10,GE,OK,0.0,14.12,11.74,0.0,15.0,10.0,50.86,34.48,NO_VERIFIED_CATALYST|RELATIVE_STRENGTH_NEGATIVE,324.83,1942738.0,1.9672677551960078,
radar:2026-09-09:1120,2026-09-09T11:20:00-04:00,COMPLETED,11,BAC,OK,0.0,5.3,8.58,8.95,15.0,10.0,47.84,30.45,NO_VERIFIED_CATALYST,62.685,12954579.0,1.5726817840763583,
radar:2026-09-09:1120,2026-09-09T11:20:00-04:00,COMPLETED,12,XLE,OK,0.0,2.99,8.04,9.96,15.0,10.0,45.99,27.99,NO_VERIFIED_CATALYST,65.185,10787721.0,1.5051362740632952,
radar:2026-09-09:1120,2026-09-09T11:20:00-04:00,COMPLETED,13,INTC,OK,0.0,3.18,7.92,9.25,15.0,10.0,45.35,27.13,LIQUIDITY_WEAK|NO_VERIFIED_CATALYST,105.015,41940247.0,1.4897633268283117,
radar:2026-09-09:1120,2026-09-09T11:20:00-04:00,COMPLETED,14,DASH,OK,0.0,13.95,5.52,0.0,15.0,10.0,44.46,25.95,NO_VERIFIED_CATALYST|RELATIVE_STRENGTH_NEGATIVE,194.45,1342263.0,1.1895286970819579,
radar:2026-09-09:1120,2026-09-09T11:20:00-04:00,COMPLETED,15,EBAY,OK,0.0,7.47,7.18,4.22,15.0,10.0,43.87,25.17,LIQUIDITY_WEAK|NO_VERIFIED_CATALYST,104.26,1670712.0,1.3971176374412884,
radar:2026-09-09:1120,2026-09-09T11:20:00-04:00,COMPLETED,16,GLTR,OK,0.0,4.78,0.6,12.27,15.0,10.0,42.65,23.53,NO_VERIFIED_CATALYST,200.67,9544.0,0.5745437762970798,
radar:2026-09-09:1120,2026-09-09T11:20:00-04:00,COMPLETED,17,UBER,OK,0.0,9.19,8.13,0.0,15.0,10.0,42.32,23.09,NO_VERIFIED_CATALYST|RELATIVE_STRENGTH_NEGATIVE,71.69,6585661.0,1.516123862989771,
radar:2026-09-09:1120,2026-09-09T11:20:00-04:00,COMPLETED,18,QCOM,OK,0.0,1.11,11.15,4.69,15.0,10.0,41.95,22.6,LIQUIDITY_WEAK|NO_VERIFIED_CATALYST,173.675,5307667.0,1.893689583574955,
radar:2026-09-09:1120,2026-09-09T11:20:00-04:00,COMPLETED,19,ABNB,OK,0.0,13.27,3.45,0.0,15.0,10.0,41.72,22.3,NO_VERIFIED_CATALYST|RELATIVE_STRENGTH_NEGATIVE,169.575,1309715.0,0.931012333835577,
radar:2026-09-09:1120,2026-09-09T11:20:00-04:00,COMPLETED,20,AMZN,OK,0.0,9.9,6.77,0.0,15.0,10.0,41.67,22.23,NO_VERIFIED_CATALYST|RELATIVE_STRENGTH_NEGATIVE,251.52,12298098.0,1.3465729246029494,
radar:2026-09-09:1120,2026-09-09T11:20:00-04:00,COMPLETED,21,PG,OK,0.0,8.94,7.09,0.0,15.0,10.0,41.03,21.38,NO_VERIFIED_CATALYST|RELATIVE_STRENGTH_NEGATIVE,142.79,3483104.0,1.3860779093660718,
radar:2026-09-09:1120,2026-09-09T11:20:00-04:00,COMPLETED,22,TSLA,OK,0.0,0.56,7.15,6.83,15.0,10.0,39.55,19.39,NO_VERIFIED_CATALYST,368.6,15435459.0,1.3940861159590847,
radar:2026-09-09:1120,2026-09-09T11:20:00-04:00,COMPLETED,23,XAR,OK,0.0,9.21,5.24,0.0,15.0,10.0,39.45,19.27,NO_VERIFIED_CATALYST|RELATIVE_STRENGTH_NEGATIVE,248.27,68336.0,1.1546847824520317,
radar:2026-09-09:1120,2026-09-09T11:20:00-04:00,COMPLETED,24,ITA,OK,0.0,6.51,7.83,0.0,15.0,10.0,39.35,19.13,NO_VERIFIED_CATALYST|RELATIVE_STRENGTH_NEGATIVE,220.41,236248.0,1.479031287842799,
radar:2026-09-09:1120,2026-09-09T11:20:00-04:00,COMPLETED,25,CDNS,OK,0.0,2.45,3.46,8.17,15.0,10.0,39.08,18.77,NO_VERIFIED_CATALYST,285.08,624300.0,0.9321854942705309,
radar:2026-09-09:1120,2026-09-09T11:20:00-04:00,COMPLETED,26,AVGO,OK,0.0,9.4,3.87,0.0,15.0,10.0,38.27,17.69,NO_VERIFIED_CATALYST|RELATIVE_STRENGTH_NEGATIVE,361.14,6739657.0,0.9839674502095681,
radar:2026-09-09:1120,2026-09-09T11:20:00-04:00,COMPLETED,27,MSTR,OK,0.0,8.1,4.93,0.0,15.0,10.0,38.03,17.37,NO_VERIFIED_CATALYST|RELATIVE_STRENGTH_NEGATIVE,134.15,8842565.0,1.1157205325293875,
radar:2026-09-09:1120,2026-09-09T11:20:00-04:00,COMPLETED,28,ONDS,OK,0.0,9.8,3.22,0.0,15.0,10.0,38.01,17.35,NO_VERIFIED_CATALYST|RELATIVE_STRENGTH_NEGATIVE,7.46,17450070.0,0.9019664741086373,
radar:2026-09-09:1120,2026-09-09T11:20:00-04:00,COMPLETED,29,HOOD,OK,0.0,3.02,7.68,2.23,15.0,10.0,37.93,17.24,LIQUIDITY_WEAK|NO_VERIFIED_CATALYST|RELATIVE_STRENGTH_NEGATIVE,116.58,8842512.0,1.4595509976019554,
radar:2026-09-09:1120,2026-09-09T11:20:00-04:00,COMPLETED,30,NOC,OK,0.0,0.52,6.72,5.45,15.0,10.0,37.69,16.92,NO_VERIFIED_CATALYST,518.0,266648.0,1.340593616149872,
radar:2026-09-09:1120,2026-09-09T11:20:00-04:00,COMPLETED,31,JPM,OK,0.0,2.33,3.23,6.98,15.0,10.0,37.54,16.72,NO_VERIFIED_CATALYST,354.02,1394329.0,0.9034542496750153,
radar:2026-09-09:1120,2026-09-09T11:20:00-04:00,COMPLETED,32,QQQ,OK,0.0,1.48,5.98,4.21,15.0,10.0,36.68,15.57,NO_VERIFIED_CATALYST,716.075,10872573.0,1.2478717077420778,
radar:2026-09-09:1120,2026-09-09T11:20:00-04:00,COMPLETED,33,IBIT,OK,0.0,0.37,4.55,6.59,15.0,10.0,36.51,15.35,NO_VERIFIED_CATALYST,44.425,17917352.0,1.0690015868094056,
radar:2026-09-09:1120,2026-09-09T11:20:00-04:00,COMPLETED,34,ORCL,OK,0.0,3.16,6.07,2.06,15.0,10.0,36.29,15.05,NO_VERIFIED_CATALYST|RELATIVE_STRENGTH_NEGATIVE,161.42,8304600.0,1.2590441243261201,
radar:2026-09-09:1120,2026-09-09T11:20:00-04:00,COMPLETED,35,REMX,OK,0.0,4.56,6.47,0.25,15.0,10.0,36.28,15.04,NO_VERIFIED_CATALYST|RELATIVE_STRENGTH_NEGATIVE,75.98,205583.0,1.308283230186082,
radar:2026-09-09:1120,2026-09-09T11:20:00-04:00,COMPLETED,36,DIS,OK,0.0,5.35,2.22,3.6,15.0,10.0,36.18,14.9,NO_VERIFIED_CATALYST,104.62,1650984.0,0.777494213052143,
radar:2026-09-09:1120,2026-09-09T11:20:00-04:00,COMPLETED,37,GS,OK,0.0,4.79,5.91,0.03,15.0,10.0,35.72,14.3,NO_VERIFIED_CATALYST|RELATIVE_STRENGTH_NEGATIVE,1026.015,623216.0,1.238196328028615,
radar:2026-09-09:1120,2026-09-09T11:20:00-04:00,COMPLETED,38,AAPL,OK,0.0,5.15,4.94,0.0,15.0,10.0,35.09,13.46,NO_VERIFIED_CATALYST|RELATIVE_STRENGTH_NEGATIVE,312.73,12355460.0,1.117879674142762,
radar:2026-09-09:1120,2026-09-09T11:20:00-04:00,COMPLETED,39,TXN,OK,0.0,1.33,0.75,7.83,15.0,10.0,34.91,13.22,NO_VERIFIED_CATALYST,259.66,911253.0,0.593432917024868,
radar:2026-09-09:1120,2026-09-09T11:20:00-04:00,COMPLETED,40,PLTR,OK,0.0,0.33,3.26,6.12,15.0,10.0,34.7,12.93,NO_VERIFIED_CATALYST,170.3,8063389.0,0.9072193020022953,
radar:2026-09-09:1120,2026-09-09T11:20:00-04:00,COMPLETED,41,CSCO,OK,0.0,1.41,0.34,7.93,15.0,10.0,34.68,12.9,NO_VERIFIED_CATALYST,109.5,2938579.0,0.5419346081929529,
radar:2026-09-09:1120,2026-09-09T11:20:00-04:00,COMPLETED,42,NFLX,OK,0.0,1.78,2.56,4.55,15.0,10.0,33.9,11.87,NO_VERIFIED_CATALYST,76.57,6567206.0,0.8202025090939882,
radar:2026-09-09:1120,2026-09-09T11:20:00-04:00,COMPLETED,43,NOW,OK,0.0,7.44,1.35,0.0,15.0,10.0,33.8,11.73,NO_VERIFIED_CATALYST|RELATIVE_STRENGTH_NEGATIVE,132.07,3285874.0,0.669346301291142,
radar:2026-09-09:1120,2026-09-09T11:20:00-04:00,COMPLETED,44,VOO,OK,0.0,2.39,3.09,3.05,15.0,10.0,33.52,11.36,NO_VERIFIED_CATALYST,700.47,1665536.0,0.8857662278753197,
radar:2026-09-09:1120,2026-09-09T11:20:00-04:00,COMPLETED,45,SPY,OK,0.0,2.42,2.85,3.0,15.0,10.0,33.27,11.03,NO_VERIFIED_CATALYST,761.98,8833373.0,0.8557853387170049,
radar:2026-09-09:1120,2026-09-09T11:20:00-04:00,COMPLETED,46,COIN,OK,0.0,3.44,3.12,1.69,15.0,10.0,33.25,11.0,NO_VERIFIED_CATALYST|RELATIVE_STRENGTH_NEGATIVE,177.62,2491464.0,0.8897914875427625,
radar:2026-09-09:1120,2026-09-09T11:20:00-04:00,COMPLETED,47,NVDA,OK,0.0,2.71,2.87,2.64,15.0,10.0,33.22,10.96,NO_VERIFIED_CATALYST|RELATIVE_STRENGTH_NEGATIVE,224.42,31327557.0,0.8592989860270249,
radar:2026-09-09:1120,2026-09-09T11:20:00-04:00,COMPLETED,48,MRNA,OK,0.0,8.08,0.0,0.0,15.0,10.0,33.08,10.77,NO_VERIFIED_CATALYST|RELATIVE_STRENGTH_NEGATIVE,137.9,3407620.0,0.35877626294434023,
radar:2026-09-09:1120,2026-09-09T11:20:00-04:00,COMPLETED,49,BA,OK,0.0,1.46,2.13,4.24,15.0,10.0,32.83,10.44,NO_VERIFIED_CATALYST,210.07,1066645.0,0.7663974118955017,
radar:2026-09-09:1120,2026-09-09T11:20:00-04:00,COMPLETED,50,IBKR,OK,0.0,0.67,0.0,6.98,15.0,10.0,32.64,10.19,NO_VERIFIED_CATALYST,91.1,510389.0,0.48899496668712505,
radar:2026-09-09:1120,2026-09-09T11:20:00-04:00,COMPLETED,51,WMT,OK,0.0,1.99,0.69,4.87,15.0,10.0,32.55,10.07,NO_VERIFIED_CATALYST,105.83,4646858.0,0.5862507365494426,
radar:2026-09-09:1120,2026-09-09T11:20:00-04:00,COMPLETED,52,ADBE,OK,0.0,3.07,2.19,2.16,15.0,10.0,32.43,9.9,NO_VERIFIED_CATALYST|RELATIVE_STRENGTH_NEGATIVE,255.565,957922.0,0.7735392236405632,
radar:2026-09-09:1120,2026-09-09T11:20:00-04:00,COMPLETED,53,AMAT,OK,0.0,6.77,0.35,0.0,15.0,10.0,32.12,9.5,NO_VERIFIED_CATALYST|RELATIVE_STRENGTH_NEGATIVE,465.93,1136104.0,0.5439406760993024,
radar:2026-09-09:1120,2026-09-09T11:20:00-04:00,COMPLETED,54,V,OK,0.0,2.52,1.45,2.88,15.0,10.0,31.85,9.13,NO_VERIFIED_CATALYST|RELATIVE_STRENGTH_NEGATIVE,366.65,1247536.0,0.681554499981919,
radar:2026-09-09:1120,2026-09-09T11:20:00-04:00,COMPLETED,55,SNPS,OK,0.0,0.8,0.89,5.08,15.0,10.0,31.78,9.04,NO_VERIFIED_CATALYST,391.355,309557.0,0.6115738759539796,
radar:2026-09-09:1120,2026-09-09T11:20:00-04:00,COMPLETED,56,PYPL,OK,0.0,4.48,1.92,0.36,15.0,10.0,31.76,9.01,NO_VERIFIED_CATALYST|RELATIVE_STRENGTH_NEGATIVE,52.67,2631311.0,0.7397849375371813,
radar:2026-09-09:1120,2026-09-09T11:20:00-04:00,COMPLETED,57,MSFT,OK,0.0,1.79,0.87,3.82,15.0,10.0,31.48,8.64,NO_VERIFIED_CATALYST,492.06,3844290.0,0.6089965851776358,
radar:2026-09-09:1120,2026-09-09T11:20:00-04:00,COMPLETED,58,MS,OK,0.0,2.65,0.93,2.7,15.0,10.0,31.29,8.38,NO_VERIFIED_CATALYST|RELATIVE_STRENGTH_NEGATIVE,215.01,655007.0,0.616166152195769,
radar:2026-09-09:1120,2026-09-09T11:20:00-04:00,COMPLETED,59,LHX,OK,0.0,4.62,1.31,0.18,15.0,10.0,31.11,8.15,NO_VERIFIED_CATALYST|RELATIVE_STRENGTH_NEGATIVE,253.21,300280.0,0.6641736097972037,
radar:2026-09-09:1120,2026-09-09T11:20:00-04:00,COMPLETED,60,WDAY,OK,0.0,4.56,0.0,0.26,15.0,10.0,29.81,6.42,NO_VERIFIED_CATALYST|RELATIVE_STRENGTH_NEGATIVE,184.46,545048.0,0.39336587046613647,
radar:2026-09-09:1130,2026-09-09T11:30:00-04:00,COMPLETED,1,META,OK,0.0,18.67,20.0,15.0,15.0,10.0,78.67,71.56,NO_VERIFIED_CATALYST,652.6,18382016.0,3.687550375442823,e72ed3b0-ceda-49aa-af88-dae163d3bf5e
radar:2026-09-09:1130,2026-09-09T11:30:00-04:00,COMPLETED,2,ALAB,OK,0.0,20.0,6.55,15.0,15.0,10.0,66.55,55.4,NO_VERIFIED_CATALYST|ADV_TOO_LOW,305.23,1423198.0,1.3186877864721898,
radar:2026-09-09:1130,2026-09-09T11:30:00-04:00,COMPLETED,3,AMD,OK,0.0,13.0,12.54,15.0,15.0,10.0,65.55,54.06,NO_VERIFIED_CATALYST|RISK_TOO_SMALL,519.365,11406737.0,2.0676934238075333,
radar:2026-09-09:1130,2026-09-09T11:30:00-04:00,COMPLETED,4,MRVL,OK,0.0,14.0,8.12,15.0,15.0,10.0,62.12,49.49,NO_VERIFIED_CATALYST|SCORE_BELOW_PLAN_THRESHOLD,235.99,11397236.0,1.5150031991921333,
radar:2026-09-09:1130,2026-09-09T11:30:00-04:00,COMPLETED,5,DELL,OK,0.0,11.59,7.83,15.0,15.0,10.0,59.42,45.89,NO_VERIFIED_CATALYST|SCORE_BELOW_PLAN_THRESHOLD,547.135,3822979.0,1.478659164293786,
radar:2026-09-09:1130,2026-09-09T11:30:00-04:00,COMPLETED,6,MU,OK,0.0,10.62,8.32,15.0,15.0,10.0,58.95,45.26,NO_VERIFIED_CATALYST,1023.03,13100340.0,1.5403847579496055,
radar:2026-09-09:1130,2026-09-09T11:30:00-04:00,COMPLETED,7,SNDK,OK,0.0,9.8,6.78,15.0,15.0,10.0,56.59,42.12,NO_VERIFIED_CATALYST,1774.5,5517527.0,1.3481170737439674,
radar:2026-09-09:1130,2026-09-09T11:30:00-04:00,COMPLETED,8,CVX,OK,0.0,7.65,7.7,15.0,15.0,10.0,55.35,40.46,NO_VERIFIED_CATALYST,213.24,3371382.0,1.46193641821301,
radar:2026-09-09:1130,2026-09-09T11:30:00-04:00,COMPLETED,9,GOOGL,OK,0.0,12.73,12.92,0.0,15.0,10.0,50.65,34.2,NO_VERIFIED_CATALYST|RELATIVE_STRENGTH_NEGATIVE,329.13,14600672.0,2.1145717793127337,
radar:2026-09-09:1130,2026-09-09T11:30:00-04:00,COMPLETED,10,GE,OK,0.0,14.0,10.92,0.0,15.0,10.0,49.92,33.23,NO_VERIFIED_CATALYST|RELATIVE_STRENGTH_NEGATIVE,324.5,2009629.0,1.8654136764352802,
radar:2026-09-09:1130,2026-09-09T11:30:00-04:00,COMPLETED,11,BAC,OK,0.0,6.95,7.79,10.12,15.0,10.0,49.87,33.15,NO_VERIFIED_CATALYST,62.785,13245800.0,1.474028140796193,
radar:2026-09-09:1130,2026-09-09T11:30:00-04:00,COMPLETED,12,XLE,OK,0.0,3.89,7.97,11.32,15.0,10.0,48.18,30.91,NO_VERIFIED_CATALYST,65.31,11694551.0,1.4956834822009575,
radar:2026-09-09:1130,2026-09-09T11:30:00-04:00,COMPLETED,13,GLTR,OK,0.0,6.3,0.49,14.42,15.0,10.0,46.21,28.28,NO_VERIFIED_CATALYST,201.315,10180.0,0.5617595970718157,
radar:2026-09-09:1130,2026-09-09T11:30:00-04:00,COMPLETED,14,DASH,OK,0.0,14.0,5.08,0.0,15.0,10.0,44.08,25.44,NO_VERIFIED_CATALYST|RELATIVE_STRENGTH_NEGATIVE,193.615,1397403.0,1.135191171480122,
radar:2026-09-09:1130,2026-09-09T11:30:00-04:00,COMPLETED,15,EBAY,OK,0.0,8.39,7.28,3.25,15.0,10.0,43.92,25.23,NO_VERIFIED_CATALYST,104.055,1839602.0,1.410149913565208,
radar:2026-09-09:1130,2026-09-09T11:30:00-04:00,COMPLETED,16,INTC,OK,0.0,2.06,7.66,8.79,15.0,10.0,43.51,24.68,NO_VERIFIED_CATALYST,104.9,44749580.0,1.4570863428470398,
radar:2026-09-09:1130,2026-09-09T11:30:00-04:00,COMPLETED,17,UBER,OK,0.0,10.72,7.72,0.0,15.0,10.0,43.44,24.58,NO_VERIFIED_CATALYST|RELATIVE_STRENGTH_NEGATIVE,71.45,6939250.0,1.464393777251092,
radar:2026-09-09:1130,2026-09-09T11:30:00-04:00,COMPLETED,18,AMZN,OK,0.0,11.3,6.42,0.0,15.0,10.0,42.72,23.63,NO_VERIFIED_CATALYST|RELATIVE_STRENGTH_NEGATIVE,250.75,12981719.0,1.302969234629945,
radar:2026-09-09:1130,2026-09-09T11:30:00-04:00,COMPLETED,19,QCOM,OK,0.0,0.08,10.33,6.42,15.0,10.0,41.83,22.44,NO_VERIFIED_CATALYST,174.12,5475719.0,1.7908380138733828,
radar:2026-09-09:1130,2026-09-09T11:30:00-04:00,COMPLETED,20,ABNB,OK,0.0,13.1,3.26,0.0,15.0,10.0,41.37,21.82,NO_VERIFIED_CATALYST|RELATIVE_STRENGTH_NEGATIVE,169.64,1393585.0,0.9080758477756464,
radar:2026-09-09:1130,2026-09-09T11:30:00-04:00,COMPLETED,21,JPM,OK,0.0,4.53,2.92,8.48,15.0,10.0,40.93,21.24,NO_VERIFIED_CATALYST,354.78,1456940.0,0.8653515991591085,
radar:2026-09-09:1130,2026-09-09T11:30:00-04:00,COMPLETED,22,PLTR,OK,0.0,4.31,2.9,8.58,15.0,10.0,40.79,21.05,NO_VERIFIED_CATALYST,170.94,8362750.0,0.8624894918470827,
radar:2026-09-09:1130,2026-09-09T11:30:00-04:00,COMPLETED,23,TSLA,OK,0.0,1.03,6.95,7.64,15.0,10.0,40.61,20.82,NO_VERIFIED_CATALYST,368.97,16526892.0,1.3682683186556104,
radar:2026-09-09:1130,2026-09-09T11:30:00-04:00,COMPLETED,24,PG,OK,0.0,8.91,6.53,0.0,15.0,10.0,40.44,20.59,NO_VERIFIED_CATALYST|RELATIVE_STRENGTH_NEGATIVE,142.8,3608556.0,1.3163296933876285,
radar:2026-09-09:1130,2026-09-09T11:30:00-04:00,COMPLETED,25,AVGO,OK,0.0,10.43,3.83,0.0,15.0,10.0,39.26,19.02,NO_VERIFIED_CATALYST|RELATIVE_STRENGTH_NEGATIVE,360.32,7314281.0,0.9788690728439123,
radar:2026-09-09:1130,2026-09-09T11:30:00-04:00,COMPLETED,26,XAR,OK,0.0,9.07,4.75,0.0,15.0,10.0,38.82,18.43,NO_VERIFIED_CATALYST|RELATIVE_STRENGTH_NEGATIVE,248.35,70643.0,1.0941907804183524,
radar:2026-09-09:1130,2026-09-09T11:30:00-04:00,COMPLETED,27,MSTR,OK,0.0,8.82,4.68,0.0,15.0,10.0,38.5,18.0,NO_VERIFIED_CATALYST|RELATIVE_STRENGTH_NEGATIVE,133.94,9380425.0,1.0849499614420457,
radar:2026-09-09:1130,2026-09-09T11:30:00-04:00,COMPLETED,28,ITA,OK,0.0,6.03,7.3,0.0,15.0,10.0,38.34,17.78,NO_VERIFIED_CATALYST|RELATIVE_STRENGTH_NEGATIVE,220.64,246200.0,1.4128865732193239,
radar:2026-09-09:1130,2026-09-09T11:30:00-04:00,COMPLETED,29,ONDS,OK,0.0,10.1,3.14,0.0,15.0,10.0,38.24,17.66,NO_VERIFIED_CATALYST|RELATIVE_STRENGTH_NEGATIVE,7.455,18832173.0,0.8922851918986789,
radar:2026-09-09:1130,2026-09-09T11:30:00-04:00,COMPLETED,30,NOC,OK,0.0,0.11,6.1,6.46,15.0,10.0,37.67,16.89,NO_VERIFIED_CATALYST,518.7,273953.0,1.2625393004724026,
radar:2026-09-09:1130,2026-09-09T11:30:00-04:00,COMPLETED,31,HOOD,OK,0.0,3.43,7.18,1.91,15.0,10.0,37.52,16.7,NO_VERIFIED_CATALYST|RELATIVE_STRENGTH_NEGATIVE,116.478,9238817.0,1.397880381322544,
radar:2026-09-09:1130,2026-09-09T11:30:00-04:00,COMPLETED,32,CDNS,OK,0.0,1.16,3.14,7.65,15.0,10.0,36.95,15.94,NO_VERIFIED_CATALYST,284.74,652145.0,0.8926129911216913,
radar:2026-09-09:1130,2026-09-09T11:30:00-04:00,COMPLETED,33,GS,OK,0.0,4.98,5.59,1.09,15.0,10.0,36.66,15.54,NO_VERIFIED_CATALYST|RELATIVE_STRENGTH_NEGATIVE,1027.49,658315.0,1.198932399872939,
radar:2026-09-09:1130,2026-09-09T11:30:00-04:00,COMPLETED,34,QQQ,OK,0.0,2.14,5.84,3.57,15.0,10.0,36.55,15.4,NO_VERIFIED_CATALYST,715.06,11695421.0,1.2304486511383776,
radar:2026-09-09:1130,2026-09-09T11:30:00-04:00,COMPLETED,35,REMX,OK,0.0,3.92,6.08,1.28,15.0,10.0,36.28,15.04,NO_VERIFIED_CATALYST|RELATIVE_STRENGTH_NEGATIVE,76.085,216043.0,1.2602734970228633,
radar:2026-09-09:1130,2026-09-09T11:30:00-04:00,COMPLETED,36,ORCL,OK,0.0,3.39,5.7,1.96,15.0,10.0,36.05,14.74,NO_VERIFIED_CATALYST|RELATIVE_STRENGTH_NEGATIVE,161.34,8725276.0,1.2125828843785103,
radar:2026-09-09:1130,2026-09-09T11:30:00-04:00,COMPLETED,37,IBKR,OK,0.0,2.62,0.0,8.28,15.0,10.0,35.9,14.54,NO_VERIFIED_CATALYST,91.267,544972.0,0.4786160972605012,
radar:2026-09-09:1130,2026-09-09T11:30:00-04:00,COMPLETED,38,DIS,OK,0.0,5.14,2.03,3.55,15.0,10.0,35.72,14.29,NO_VERIFIED_CATALYST,104.575,1746762.0,0.7540463897899009,
radar:2026-09-09:1130,2026-09-09T11:30:00-04:00,COMPLETED,39,IBIT,OK,0.0,0.21,4.45,6.05,15.0,10.0,35.71,14.28,NO_VERIFIED_CATALYST,44.37,19312827.0,1.056234631693556,
radar:2026-09-09:1130,2026-09-09T11:30:00-04:00,COMPLETED,40,AAPL,OK,0.0,5.48,4.66,0.0,15.0,10.0,35.13,13.51,NO_VERIFIED_CATALYST|RELATIVE_STRENGTH_NEGATIVE,312.51,13048989.0,1.082238636405167,
radar:2026-09-09:1130,2026-09-09T11:30:00-04:00,COMPLETED,41,CSCO,OK,0.0,1.54,0.21,8.3,15.0,10.0,35.05,13.4,NO_VERIFIED_CATALYST,109.53,3114104.0,0.5264445773315796,
radar:2026-09-09:1130,2026-09-09T11:30:00-04:00,COMPLETED,42,TXN,OK,0.0,1.18,0.59,7.84,15.0,10.0,34.61,12.82,NO_VERIFIED_CATALYST,259.575,961628.0,0.574050091370811,
radar:2026-09-09:1130,2026-09-09T11:30:00-04:00,COMPLETED,43,NFLX,OK,0.0,1.73,2.5,4.56,15.0,10.0,33.79,11.72,NO_VERIFIED_CATALYST,76.545,7099742.0,0.8128175082468319,
radar:2026-09-09:1130,2026-09-09T11:30:00-04:00,COMPLETED,44,SPY,OK,0.0,2.58,2.87,3.0,15.0,10.0,33.45,11.26,NO_VERIFIED_CATALYST,761.72,9662946.0,0.8581394225725281,
radar:2026-09-09:1130,2026-09-09T11:30:00-04:00,COMPLETED,45,VOO,OK,0.0,2.59,2.86,2.99,15.0,10.0,33.44,11.26,NO_VERIFIED_CATALYST|RELATIVE_STRENGTH_NEGATIVE,700.165,1759249.0,0.8576348790485173,
radar:2026-09-09:1130,2026-09-09T11:30:00-04:00,COMPLETED,46,MRNA,OK,0.0,8.41,0.0,0.0,15.0,10.0,33.41,11.22,NO_VERIFIED_CATALYST|RELATIVE_STRENGTH_NEGATIVE,137.8,3550204.0,0.34263827982108264,
radar:2026-09-09:1130,2026-09-09T11:30:00-04:00,COMPLETED,47,NVDA,OK,0.0,4.42,3.14,0.63,15.0,10.0,33.2,10.93,NO_VERIFIED_CATALYST|RELATIVE_STRENGTH_NEGATIVE,223.59,35502814.0,0.8926692532927941,
radar:2026-09-09:1130,2026-09-09T11:30:00-04:00,COMPLETED,48,BA,OK,0.0,1.04,2.04,4.98,15.0,10.0,33.06,10.75,NO_VERIFIED_CATALYST,210.26,1145927.0,0.7547465014431239,
radar:2026-09-09:1130,2026-09-09T11:30:00-04:00,COMPLETED,49,COIN,OK,0.0,4.82,2.95,0.12,15.0,10.0,32.89,10.52,NO_VERIFIED_CATALYST|RELATIVE_STRENGTH_NEGATIVE,177.09,2652022.0,0.8682019991680736,
radar:2026-09-09:1130,2026-09-09T11:30:00-04:00,COMPLETED,50,AMAT,OK,0.0,7.41,0.4,0.0,15.0,10.0,32.81,10.42,NO_VERIFIED_CATALYST|RELATIVE_STRENGTH_NEGATIVE,465.28,1253104.0,0.5499593536169999,
radar:2026-09-09:1130,2026-09-09T11:30:00-04:00,COMPLETED,51,ADBE,OK,0.0,3.03,2.0,2.43,15.0,10.0,32.45,9.94,NO_VERIFIED_CATALYST|RELATIVE_STRENGTH_NEGATIVE,255.59,1012700.0,0.7496232213950981,
radar:2026-09-09:1130,2026-09-09T11:30:00-04:00,COMPLETED,52,WMT,OK,0.0,1.93,0.54,4.91,15.0,10.0,32.37,9.82,NO_VERIFIED_CATALYST,105.8,4902678.0,0.5669795555114475,
radar:2026-09-09:1130,2026-09-09T11:30:00-04:00,COMPLETED,53,NOW,OK,0.0,6.05,1.21,0.0,15.0,10.0,32.26,9.68,NO_VERIFIED_CATALYST|RELATIVE_STRENGTH_NEGATIVE,132.47,3489174.0,0.6515273003259754,
radar:2026-09-09:1130,2026-09-09T11:30:00-04:00,COMPLETED,54,V,OK,0.0,1.73,1.17,4.09,15.0,10.0,32.0,9.33,NO_VERIFIED_CATALYST,367.27,1290532.0,0.6462883229574825,
radar:2026-09-09:1130,2026-09-09T11:30:00-04:00,COMPLETED,55,PYPL,OK,0.0,4.17,1.65,0.96,15.0,10.0,31.78,9.04,NO_VERIFIED_CATALYST|RELATIVE_STRENGTH_NEGATIVE,52.705,2740456.0,0.7062625296060161,
radar:2026-09-09:1130,2026-09-09T11:30:00-04:00,COMPLETED,56,MS,OK,0.0,2.08,0.98,3.64,15.0,10.0,31.7,8.94,NO_VERIFIED_CATALYST,215.275,721487.0,0.6221433097219248,
radar:2026-09-09:1130,2026-09-09T11:30:00-04:00,COMPLETED,57,SNPS,OK,0.0,1.73,0.73,4.1,15.0,10.0,31.56,8.74,NO_VERIFIED_CATALYST,390.58,326442.0,0.5911862919094605,
radar:2026-09-09:1130,2026-09-09T11:30:00-04:00,COMPLETED,58,MSFT,OK,0.0,1.61,0.67,4.25,15.0,10.0,31.53,8.71,NO_VERIFIED_CATALYST,492.245,4018490.0,0.5835413505326728,
radar:2026-09-09:1130,2026-09-09T11:30:00-04:00,COMPLETED,59,LHX,OK,0.0,4.4,1.18,0.67,15.0,10.0,31.25,8.33,NO_VERIFIED_CATALYST|RELATIVE_STRENGTH_NEGATIVE,253.33,319422.0,0.6476346276994155,
radar:2026-09-09:1130,2026-09-09T11:30:00-04:00,COMPLETED,60,WDAY,OK,0.0,4.18,0.0,0.94,15.0,10.0,30.13,6.83,NO_VERIFIED_CATALYST|RELATIVE_STRENGTH_NEGATIVE,184.61,568128.0,0.37585311056013665,
radar:2026-09-09:1140,2026-09-09T11:40:00-04:00,COMPLETED,1,META,OK,0.0,17.96,20.0,15.0,15.0,10.0,77.96,70.61,NO_VERIFIED_CATALYST,652.02,18992127.0,3.5168842964487803,cece2f39-da8a-4a9b-a5ce-d50196484d6b
radar:2026-09-09:1140,2026-09-09T11:40:00-04:00,COMPLETED,2,AMD,OK,0.0,16.58,12.4,15.0,15.0,10.0,68.98,58.64,NO_VERIFIED_CATALYST|RISK_TOO_SMALL,521.33,12250198.0,2.0497810748707526,
radar:2026-09-09:1140,2026-09-09T11:40:00-04:00,COMPLETED,3,ALAB,OK,0.0,20.0,5.96,15.0,15.0,10.0,65.96,54.61,NO_VERIFIED_CATALYST|ADV_TOO_LOW,306.385,1454981.0,1.2444390590242473,
radar:2026-09-09:1140,2026-09-09T11:40:00-04:00,COMPLETED,4,MRVL,OK,0.0,14.0,7.52,15.0,15.0,10.0,61.52,48.69,NO_VERIFIED_CATALYST|SCORE_BELOW_PLAN_THRESHOLD,236.185,11733371.0,1.4397147839792725,
radar:2026-09-09:1140,2026-09-09T11:40:00-04:00,COMPLETED,5,MU,OK,0.0,11.99,7.82,15.0,15.0,10.0,59.81,46.41,NO_VERIFIED_CATALYST|SCORE_BELOW_PLAN_THRESHOLD,1025.13,13614100.0,1.4776624399788616,
radar:2026-09-09:1140,2026-09-09T11:40:00-04:00,COMPLETED,6,DELL,OK,0.0,11.01,7.23,15.0,15.0,10.0,58.24,44.32,NO_VERIFIED_CATALYST,546.48,3931626.0,1.4037120171345046,
radar:2026-09-09:1140,2026-09-09T11:40:00-04:00,COMPLETED,7,SNDK,OK,0.0,9.4,6.38,15.0,15.0,10.0,55.78,41.04,NO_VERIFIED_CATALYST,1773.0,5753583.0,1.2976607747482864,
radar:2026-09-09:1140,2026-09-09T11:40:00-04:00,COMPLETED,8,CVX,OK,0.0,7.16,7.33,14.93,15.0,10.0,54.42,39.22,NO_VERIFIED_CATALYST,213.02,3537384.0,1.4159319479156263,
radar:2026-09-09:1140,2026-09-09T11:40:00-04:00,COMPLETED,9,BAC,OK,0.0,7.73,7.3,10.05,15.0,10.0,50.07,33.43,NO_VERIFIED_CATALYST,62.84,13748761.0,1.4123124794325812,
radar:2026-09-09:1140,2026-09-09T11:40:00-04:00,COMPLETED,10,GOOGL,OK,0.0,12.21,12.05,0.0,15.0,10.0,49.26,32.35,NO_VERIFIED_CATALYST|RELATIVE_STRENGTH_NEGATIVE,329.505,15006548.0,2.006180669570656,
radar:2026-09-09:1140,2026-09-09T11:40:00-04:00,COMPLETED,11,GE,OK,0.0,14.1,10.13,0.0,15.0,10.0,49.23,32.31,NO_VERIFIED_CATALYST|RELATIVE_STRENGTH_NEGATIVE,324.805,2061569.0,1.766431476883654,
radar:2026-09-09:1140,2026-09-09T11:40:00-04:00,COMPLETED,12,QCOM,OK,0.0,3.66,9.98,10.43,15.0,10.0,49.08,32.1,LIQUIDITY_WEAK|NO_VERIFIED_CATALYST,175.457,5790231.0,1.7480372948123801,
radar:2026-09-09:1140,2026-09-09T11:40:00-04:00,COMPLETED,13,GLTR,OK,0.0,7.38,0.84,15.0,15.0,10.0,48.22,30.96,LIQUIDITY_WEAK|NO_VERIFIED_CATALYST,201.775,11877.0,0.604991303281374,
radar:2026-09-09:1140,2026-09-09T11:40:00-04:00,COMPLETED,14,INTC,OK,0.0,5.5,7.27,10.17,15.0,10.0,47.94,30.59,NO_VERIFIED_CATALYST,105.245,46871308.0,1.4087795861273802,
radar:2026-09-09:1140,2026-09-09T11:40:00-04:00,COMPLETED,15,XLE,OK,0.0,3.71,7.54,10.49,15.0,10.0,46.74,28.98,NO_VERIFIED_CATALYST,65.285,12215300.0,1.4421151369675393,
radar:2026-09-09:1140,2026-09-09T11:40:00-04:00,COMPLETED,16,EBAY,OK,0.0,6.27,8.26,6.06,15.0,10.0,45.59,27.45,NO_VERIFIED_CATALYST,104.65,2164955.0,1.5318983147258214,
radar:2026-09-09:1140,2026-09-09T11:40:00-04:00,COMPLETED,17,TSLA,OK,0.0,3.24,6.65,9.89,15.0,10.0,44.79,26.38,LIQUIDITY_WEAK|NO_VERIFIED_CATALYST,370.72,17423434.0,1.3315377682366762,
radar:2026-09-09:1140,2026-09-09T11:40:00-04:00,COMPLETED,18,DASH,OK,0.0,14.0,4.79,0.0,15.0,10.0,43.79,25.05,NO_VERIFIED_CATALYST|RELATIVE_STRENGTH_NEGATIVE,193.935,1464848.0,1.0984481170143416,
radar:2026-09-09:1140,2026-09-09T11:40:00-04:00,COMPLETED,19,UBER,OK,0.0,11.1,7.4,0.0,15.0,10.0,43.5,24.67,NO_VERIFIED_CATALYST|RELATIVE_STRENGTH_NEGATIVE,71.39,7314589.0,1.4248689473519671,
radar:2026-09-09:1140,2026-09-09T11:40:00-04:00,COMPLETED,20,CDNS,OK,0.0,5.26,2.78,9.37,15.0,10.0,42.42,23.22,NO_VERIFIED_CATALYST,285.84,671022.0,0.8478039704735179,
radar:2026-09-09:1140,2026-09-09T11:40:00-04:00,COMPLETED,21,JPM,OK,0.0,5.74,2.77,8.65,15.0,10.0,42.15,22.86,NO_VERIFIED_CATALYST,355.235,1542588.0,0.8457471342759951,
radar:2026-09-09:1140,2026-09-09T11:40:00-04:00,COMPLETED,22,AMZN,OK,0.0,10.24,6.12,0.0,15.0,10.0,41.36,21.81,NO_VERIFIED_CATALYST|RELATIVE_STRENGTH_NEGATIVE,251.33,13651113.0,1.264764512577811,
radar:2026-09-09:1140,2026-09-09T11:40:00-04:00,COMPLETED,23,ABNB,OK,0.0,12.86,3.01,0.0,15.0,10.0,40.87,21.16,NO_VERIFIED_CATALYST|RELATIVE_STRENGTH_NEGATIVE,169.73,1456072.0,0.8758125515546101,
radar:2026-09-09:1140,2026-09-09T11:40:00-04:00,COMPLETED,24,PLTR,OK,0.0,4.66,2.7,8.25,15.0,10.0,40.61,20.82,NO_VERIFIED_CATALYST,171.02,8799916.0,0.8377662833502614,
radar:2026-09-09:1140,2026-09-09T11:40:00-04:00,COMPLETED,25,TXN,OK,0.0,5.02,0.51,9.75,15.0,10.0,40.28,20.37,NO_VERIFIED_CATALYST,260.66,1022051.0,0.5631899680326004,
radar:2026-09-09:1140,2026-09-09T11:40:00-04:00,COMPLETED,26,PG,OK,0.0,8.91,5.97,0.0,15.0,10.0,39.88,19.85,NO_VERIFIED_CATALYST|RELATIVE_STRENGTH_NEGATIVE,142.8,3702098.0,1.246576089239135,
radar:2026-09-09:1140,2026-09-09T11:40:00-04:00,COMPLETED,27,ITA,OK,0.0,5.71,7.9,0.0,15.0,10.0,38.61,18.15,NO_VERIFIED_CATALYST|RELATIVE_STRENGTH_NEGATIVE,220.795,280877.0,1.4879045776659658,
radar:2026-09-09:1140,2026-09-09T11:40:00-04:00,COMPLETED,28,ONDS,OK,0.0,10.1,3.23,0.0,15.0,10.0,38.33,17.78,NO_VERIFIED_CATALYST|RELATIVE_STRENGTH_NEGATIVE,7.455,20656503.0,0.903440808036918,
radar:2026-09-09:1140,2026-09-09T11:40:00-04:00,COMPLETED,29,XAR,OK,0.0,8.33,4.75,0.0,15.0,10.0,38.08,17.44,NO_VERIFIED_CATALYST|RELATIVE_STRENGTH_NEGATIVE,248.75,76535.0,1.0942678914712454,
radar:2026-09-09:1140,2026-09-09T11:40:00-04:00,COMPLETED,30,IBIT,OK,0.0,1.37,4.18,7.48,15.0,10.0,38.02,17.36,LIQUIDITY_WEAK|NO_VERIFIED_CATALYST,44.52,20246748.0,1.0221378789321518,
radar:2026-09-09:1140,2026-09-09T11:40:00-04:00,COMPLETED,31,AVGO,OK,0.0,8.95,3.6,0.0,15.0,10.0,37.55,16.74,NO_VERIFIED_CATALYST|RELATIVE_STRENGTH_NEGATIVE,361.49,7690726.0,0.9500795227653288,
radar:2026-09-09:1140,2026-09-09T11:40:00-04:00,COMPLETED,32,GS,OK,0.0,5.21,5.11,1.71,15.0,10.0,37.03,16.04,NO_VERIFIED_CATALYST|RELATIVE_STRENGTH_NEGATIVE,1029.6,677674.0,1.1392562560920025,
radar:2026-09-09:1140,2026-09-09T11:40:00-04:00,COMPLETED,33,MSTR,OK,0.0,7.69,4.3,0.0,15.0,10.0,36.99,15.99,LIQUIDITY_WEAK|NO_VERIFIED_CATALYST|RELATIVE_STRENGTH_NEGATIVE,134.27,9719226.0,1.0376682454981543,
radar:2026-09-09:1140,2026-09-09T11:40:00-04:00,COMPLETED,34,HOOD,OK,0.0,1.91,6.79,3.26,15.0,10.0,36.96,15.95,NO_VERIFIED_CATALYST,116.86,9657185.0,1.3487884824174543,
radar:2026-09-09:1140,2026-09-09T11:40:00-04:00,COMPLETED,35,NOC,OK,0.0,0.13,5.86,5.89,15.0,10.0,36.88,15.84,NO_VERIFIED_CATALYST,518.725,289769.0,1.2327085827824429,
radar:2026-09-09:1140,2026-09-09T11:40:00-04:00,COMPLETED,36,REMX,OK,0.0,2.43,6.12,2.59,15.0,10.0,36.15,14.86,NO_VERIFIED_CATALYST|RELATIVE_STRENGTH_NEGATIVE,76.33,234997.0,1.265396342143888,
radar:2026-09-09:1140,2026-09-09T11:40:00-04:00,COMPLETED,37,QQQ,OK,0.0,1.42,5.68,3.9,15.0,10.0,35.99,14.66,NO_VERIFIED_CATALYST,716.18,12458455.0,1.2099055678449147,
radar:2026-09-09:1140,2026-09-09T11:40:00-04:00,COMPLETED,38,IBKR,OK,0.0,2.71,0.0,7.76,15.0,10.0,35.47,13.97,NO_VERIFIED_CATALYST,91.28,577208.0,0.4679345430908077,
radar:2026-09-09:1140,2026-09-09T11:40:00-04:00,COMPLETED,39,DIS,OK,0.0,5.1,1.82,3.38,15.0,10.0,35.29,13.72,NO_VERIFIED_CATALYST,104.65,1824682.0,0.7270950198799521,
radar:2026-09-09:1140,2026-09-09T11:40:00-04:00,COMPLETED,40,ORCL,OK,0.0,2.58,5.29,2.4,15.0,10.0,35.27,13.69,NO_VERIFIED_CATALYST|RELATIVE_STRENGTH_NEGATIVE,161.62,9047888.0,1.1606977136471177,
radar:2026-09-09:1140,2026-09-09T11:40:00-04:00,COMPLETED,41,CSCO,OK,0.0,1.71,0.13,7.92,15.0,10.0,34.76,13.01,NO_VERIFIED_CATALYST,109.57,3309478.0,0.5164386001747314,
radar:2026-09-09:1140,2026-09-09T11:40:00-04:00,COMPLETED,42,AAPL,OK,0.0,4.32,4.57,0.16,15.0,10.0,34.06,12.07,NO_VERIFIED_CATALYST|RELATIVE_STRENGTH_NEGATIVE,313.29,13997201.0,1.0715859755624813,
radar:2026-09-09:1140,2026-09-09T11:40:00-04:00,COMPLETED,43,MRNA,OK,0.0,9.01,0.0,0.0,15.0,10.0,34.01,12.02,NO_VERIFIED_CATALYST|RELATIVE_STRENGTH_NEGATIVE,137.62,3683533.0,0.32816086644375025,
radar:2026-09-09:1140,2026-09-09T11:40:00-04:00,COMPLETED,44,SPY,OK,0.0,2.11,3.0,3.0,15.0,10.0,33.11,10.82,NO_VERIFIED_CATALYST,762.49,10669965.0,0.8746835293763938,
radar:2026-09-09:1140,2026-09-09T11:40:00-04:00,COMPLETED,45,NFLX,OK,0.0,1.75,2.25,4.08,15.0,10.0,33.07,10.76,NO_VERIFIED_CATALYST,76.56,7387258.0,0.7806806273887202,
radar:2026-09-09:1140,2026-09-09T11:40:00-04:00,COMPLETED,46,NVDA,OK,0.0,2.4,2.9,2.63,15.0,10.0,32.93,10.57,NO_VERIFIED_CATALYST|RELATIVE_STRENGTH_NEGATIVE,224.57,37149979.0,0.8622357477290911,
radar:2026-09-09:1140,2026-09-09T11:40:00-04:00,COMPLETED,47,SNPS,OK,0.0,1.23,0.57,6.1,15.0,10.0,32.9,10.54,NO_VERIFIED_CATALYST,392.28,341861.0,0.5714885541186504,
radar:2026-09-09:1140,2026-09-09T11:40:00-04:00,COMPLETED,48,VOO,OK,0.0,2.13,2.71,2.97,15.0,10.0,32.82,10.43,NO_VERIFIED_CATALYST|RELATIVE_STRENGTH_NEGATIVE,700.85,1864002.0,0.8388052669547392,
radar:2026-09-09:1140,2026-09-09T11:40:00-04:00,COMPLETED,49,COIN,OK,0.0,2.14,2.71,2.97,15.0,10.0,32.81,10.42,LIQUIDITY_WEAK|NO_VERIFIED_CATALYST|RELATIVE_STRENGTH_NEGATIVE,178.12,2774221.0,0.8383480656331318,
radar:2026-09-09:1140,2026-09-09T11:40:00-04:00,COMPLETED,50,WMT,OK,0.0,2.02,0.44,5.04,15.0,10.0,32.5,10.0,NO_VERIFIED_CATALYST,105.93,5196689.0,0.5547539564391641,
radar:2026-09-09:1140,2026-09-09T11:40:00-04:00,COMPLETED,51,BA,OK,0.0,1.46,2.11,3.84,15.0,10.0,32.41,9.88,NO_VERIFIED_CATALYST,210.07,1255515.0,0.7633183707764813,
radar:2026-09-09:1140,2026-09-09T11:40:00-04:00,COMPLETED,52,MS,OK,0.0,2.13,0.78,4.05,15.0,10.0,31.97,9.29,NO_VERIFIED_CATALYST,215.64,750531.0,0.5974068702833584,
radar:2026-09-09:1140,2026-09-09T11:40:00-04:00,COMPLETED,53,ADBE,OK,0.0,2.41,1.83,2.62,15.0,10.0,31.86,9.15,NO_VERIFIED_CATALYST|RELATIVE_STRENGTH_NEGATIVE,255.93,1067198.0,0.7292003639707795,
radar:2026-09-09:1140,2026-09-09T11:40:00-04:00,COMPLETED,54,NOW,OK,0.0,5.7,1.0,0.0,15.0,10.0,31.7,8.94,NO_VERIFIED_CATALYST|RELATIVE_STRENGTH_NEGATIVE,132.57,3627422.0,0.6252413986418381,
radar:2026-09-09:1140,2026-09-09T11:40:00-04:00,COMPLETED,55,V,OK,0.0,2.0,1.03,3.14,15.0,10.0,31.18,8.24,NO_VERIFIED_CATALYST,367.059,1360902.0,0.62910630304668,
radar:2026-09-09:1140,2026-09-09T11:40:00-04:00,COMPLETED,56,PYPL,OK,0.0,3.69,1.45,0.98,15.0,10.0,31.11,8.15,NO_VERIFIED_CATALYST|RELATIVE_STRENGTH_NEGATIVE,52.76,2863392.0,0.6811829859172464,
radar:2026-09-09:1140,2026-09-09T11:40:00-04:00,COMPLETED,57,MSFT,OK,0.0,1.55,0.57,3.92,15.0,10.0,31.04,8.06,NO_VERIFIED_CATALYST,492.47,4261223.0,0.5711927144082468,
radar:2026-09-09:1140,2026-09-09T11:40:00-04:00,COMPLETED,58,AMAT,OK,0.0,5.73,0.23,0.0,15.0,10.0,30.96,7.95,NO_VERIFIED_CATALYST|RELATIVE_STRENGTH_NEGATIVE,466.98,1303853.0,0.528216252592051,
radar:2026-09-09:1140,2026-09-09T11:40:00-04:00,COMPLETED,59,LHX,OK,0.0,4.4,0.99,0.06,15.0,10.0,30.45,7.27,NO_VERIFIED_CATALYST|RELATIVE_STRENGTH_NEGATIVE,253.33,333435.0,0.6240452394118059,
radar:2026-09-09:1140,2026-09-09T11:40:00-04:00,COMPLETED,60,WDAY,OK,0.0,3.78,0.0,0.85,15.0,10.0,29.64,6.18,NO_VERIFIED_CATALYST|RELATIVE_STRENGTH_NEGATIVE,184.77,610091.0,0.37256857950841726,
radar:2026-09-09:1150,2026-09-09T11:50:00-04:00,COMPLETED,1,META,OK,0.0,16.29,20.0,15.0,15.0,10.0,76.29,68.39,NO_VERIFIED_CATALYST,650.291,19401681.0,3.336087736866403,e5d4cad0-b05c-4325-b966-fd1b06b8749c
radar:2026-09-09:1150,2026-09-09T11:50:00-04:00,COMPLETED,2,AMD,OK,0.0,19.28,11.76,15.0,15.0,10.0,71.04,61.39,NO_VERIFIED_CATALYST|RISK_TOO_SMALL,523.77,12680988.0,1.970294258096088,
radar:2026-09-09:1150,2026-09-09T11:50:00-04:00,COMPLETED,3,ALAB,OK,0.0,20.0,5.57,15.0,15.0,10.0,65.57,54.09,NO_VERIFIED_CATALYST|ADV_TOO_LOW,306.74,1505605.0,1.1957516514795659,
radar:2026-09-09:1150,2026-09-09T11:50:00-04:00,COMPLETED,4,MRVL,OK,0.0,15.3,7.03,15.0,15.0,10.0,62.34,49.78,NO_VERIFIED_CATALYST|SCORE_BELOW_PLAN_THRESHOLD,236.73,12104769.0,1.3791890382233505,
radar:2026-09-09:1150,2026-09-09T11:50:00-04:00,COMPLETED,5,MU,OK,0.0,11.25,7.27,15.0,15.0,10.0,58.52,44.69,NO_VERIFIED_CATALYST|SCORE_BELOW_PLAN_THRESHOLD,1024.364,13983490.0,1.4093391082933773,
radar:2026-09-09:1150,2026-09-09T11:50:00-04:00,COMPLETED,6,DELL,OK,0.0,8.99,6.78,15.0,15.0,10.0,55.77,41.02,NO_VERIFIED_CATALYST,544.16,4065397.0,1.3477905629063311,
radar:2026-09-09:1150,2026-09-09T11:50:00-04:00,COMPLETED,7,EBAY,OK,0.0,10.28,8.67,11.12,15.0,10.0,55.08,40.1,LIQUIDITY_WEAK|NO_VERIFIED_CATALYST,105.55,2410379.0,1.5837259358125468,
radar:2026-09-09:1150,2026-09-09T11:50:00-04:00,COMPLETED,8,SNDK,OK,0.0,7.7,5.85,15.0,15.0,10.0,53.55,38.07,NO_VERIFIED_CATALYST,1766.65,5881625.0,1.2317817215003821,
radar:2026-09-09:1150,2026-09-09T11:50:00-04:00,COMPLETED,9,CVX,OK,0.0,7.07,6.72,14.71,15.0,10.0,53.51,38.01,NO_VERIFIED_CATALYST,212.98,3606450.0,1.3404595668319577,
radar:2026-09-09:1150,2026-09-09T11:50:00-04:00,COMPLETED,10,GE,OK,0.0,14.63,9.49,0.0,15.0,10.0,49.13,32.17,NO_VERIFIED_CATALYST|RELATIVE_STRENGTH_NEGATIVE,325.84,2119923.0,1.6866797698438565,
radar:2026-09-09:1150,2026-09-09T11:50:00-04:00,COMPLETED,11,QCOM,OK,0.0,3.89,9.22,10.61,15.0,10.0,48.72,31.63,NO_VERIFIED_CATALYST,175.54,5896009.0,1.6528238503509547,
radar:2026-09-09:1150,2026-09-09T11:50:00-04:00,COMPLETED,12,GOOGL,OK,0.0,12.3,11.21,0.0,15.0,10.0,48.51,31.35,NO_VERIFIED_CATALYST|RELATIVE_STRENGTH_NEGATIVE,329.785,15312020.0,1.90079533209372,
radar:2026-09-09:1150,2026-09-09T11:50:00-04:00,COMPLETED,13,BAC,OK,0.0,6.7,6.73,9.42,15.0,10.0,47.84,30.45,NO_VERIFIED_CATALYST,62.785,14062744.0,1.3413772436613403,
radar:2026-09-09:1150,2026-09-09T11:50:00-04:00,COMPLETED,14,GLTR,OK,0.0,6.92,0.65,14.52,15.0,10.0,47.09,29.45,NO_VERIFIED_CATALYST,201.58,12292.0,0.5814047240068486,
radar:2026-09-09:1150,2026-09-09T11:50:00-04:00,COMPLETED,15,INTC,OK,0.0,4.59,6.81,9.58,15.0,10.0,45.97,27.97,NO_VERIFIED_CATALYST,105.16,48398191.0,1.3507616910921647,
radar:2026-09-09:1150,2026-09-09T11:50:00-04:00,COMPLETED,16,XLE,OK,0.0,3.39,7.2,9.97,15.0,10.0,45.56,27.41,NO_VERIFIED_CATALYST,65.24,12774086.0,1.400358600210196,
radar:2026-09-09:1150,2026-09-09T11:50:00-04:00,COMPLETED,17,TSLA,OK,0.0,3.24,6.29,9.78,15.0,10.0,44.31,25.75,NO_VERIFIED_CATALYST,370.715,18131947.0,1.2867014936399404,
radar:2026-09-09:1150,2026-09-09T11:50:00-04:00,COMPLETED,18,UBER,OK,0.0,11.47,6.96,0.0,15.0,10.0,43.44,24.58,NO_VERIFIED_CATALYST|RELATIVE_STRENGTH_NEGATIVE,71.332,7575969.0,1.3703667467999925,
radar:2026-09-09:1150,2026-09-09T11:50:00-04:00,COMPLETED,19,TXN,OK,0.0,6.75,0.86,10.76,15.0,10.0,43.37,24.5,NO_VERIFIED_CATALYST,261.14,1186658.0,0.6071857121007976,
radar:2026-09-09:1150,2026-09-09T11:50:00-04:00,COMPLETED,20,DASH,OK,0.0,13.71,4.46,0.0,15.0,10.0,43.17,24.23,NO_VERIFIED_CATALYST|RELATIVE_STRENGTH_NEGATIVE,194.55,1518206.0,1.0571371108404684,
radar:2026-09-09:1150,2026-09-09T11:50:00-04:00,COMPLETED,21,CDNS,OK,0.0,5.0,2.57,9.16,15.0,10.0,41.73,22.3,NO_VERIFIED_CATALYST,285.79,699596.0,0.8207665224422356,
radar:2026-09-09:1150,2026-09-09T11:50:00-04:00,COMPLETED,22,AMZN,OK,0.0,9.9,5.68,0.0,15.0,10.0,40.58,20.77,NO_VERIFIED_CATALYST|RELATIVE_STRENGTH_NEGATIVE,251.52,14064928.0,1.2100205676379625,
radar:2026-09-09:1150,2026-09-09T11:50:00-04:00,COMPLETED,23,JPM,OK,0.0,4.88,2.49,8.13,15.0,10.0,40.51,20.67,NO_VERIFIED_CATALYST,354.99,1594491.0,0.811757458866372,
radar:2026-09-09:1150,2026-09-09T11:50:00-04:00,COMPLETED,24,PG,OK,0.0,9.42,5.71,0.0,15.0,10.0,40.13,20.17,NO_VERIFIED_CATALYST|RELATIVE_STRENGTH_NEGATIVE,142.64,3880196.0,1.2132161260798409,
radar:2026-09-09:1150,2026-09-09T11:50:00-04:00,COMPLETED,25,ABNB,OK,0.0,12.06,2.76,0.0,15.0,10.0,39.82,19.75,NO_VERIFIED_CATALYST|RELATIVE_STRENGTH_NEGATIVE,170.03,1512205.0,0.8446029877170645,
radar:2026-09-09:1150,2026-09-09T11:50:00-04:00,COMPLETED,26,ITA,OK,0.0,5.77,7.32,0.0,15.0,10.0,38.09,17.45,NO_VERIFIED_CATALYST|RELATIVE_STRENGTH_NEGATIVE,221.01,287613.0,1.4147543680003958,
radar:2026-09-09:1150,2026-09-09T11:50:00-04:00,COMPLETED,27,IBIT,OK,0.0,1.42,3.75,7.44,15.0,10.0,37.61,16.81,NO_VERIFIED_CATALYST,44.525,20662488.0,0.968613346978555,
radar:2026-09-09:1150,2026-09-09T11:50:00-04:00,COMPLETED,28,XAR,OK,0.0,7.63,4.44,0.0,15.0,10.0,37.07,16.09,NO_VERIFIED_CATALYST|RELATIVE_STRENGTH_NEGATIVE,249.13,79456.0,1.0548820363981513,
radar:2026-09-09:1150,2026-09-09T11:50:00-04:00,COMPLETED,29,AVGO,OK,0.0,8.57,3.25,0.0,15.0,10.0,36.81,15.75,NO_VERIFIED_CATALYST|RELATIVE_STRENGTH_NEGATIVE,361.795,7896194.0,0.9057827760572916,
radar:2026-09-09:1150,2026-09-09T11:50:00-04:00,COMPLETED,30,ONDS,OK,0.0,8.57,3.18,0.0,15.0,10.0,36.76,15.68,NO_VERIFIED_CATALYST|RELATIVE_STRENGTH_NEGATIVE,7.48,22113919.0,0.8980949347162114,
radar:2026-09-09:1150,2026-09-09T11:50:00-04:00,COMPLETED,31,HOOD,OK,0.0,2.68,6.32,2.16,15.0,10.0,36.17,14.89,NO_VERIFIED_CATALYST|RELATIVE_STRENGTH_NEGATIVE,116.665,9946027.0,1.2899015386221495,
radar:2026-09-09:1150,2026-09-09T11:50:00-04:00,COMPLETED,32,NOC,OK,0.0,0.13,5.35,5.44,15.0,10.0,35.92,14.56,NO_VERIFIED_CATALYST,518.43,295718.0,1.1681534269471832,
radar:2026-09-09:1150,2026-09-09T11:50:00-04:00,COMPLETED,33,MSTR,OK,0.0,6.87,3.87,0.0,15.0,10.0,35.74,14.33,NO_VERIFIED_CATALYST|RELATIVE_STRENGTH_NEGATIVE,134.51,9928280.0,0.9842705523588275,
radar:2026-09-09:1150,2026-09-09T11:50:00-04:00,COMPLETED,34,IBKR,OK,0.0,2.88,0.0,7.79,15.0,10.0,35.68,14.24,NO_VERIFIED_CATALYST,91.3,609442.0,0.45877397574618506,
radar:2026-09-09:1150,2026-09-09T11:50:00-04:00,COMPLETED,35,QQQ,OK,0.0,1.21,5.31,4.05,15.0,10.0,35.58,14.11,NO_VERIFIED_CATALYST,716.49,12911168.0,1.1643041594017547,
radar:2026-09-09:1150,2026-09-09T11:50:00-04:00,COMPLETED,36,REMX,OK,0.0,3.19,5.37,1.51,15.0,10.0,35.07,13.43,NO_VERIFIED_CATALYST|RELATIVE_STRENGTH_NEGATIVE,76.205,234268.0,1.171361257851463,
radar:2026-09-09:1150,2026-09-09T11:50:00-04:00,COMPLETED,37,GS,OK,0.0,4.88,4.71,0.34,15.0,10.0,34.93,13.24,NO_VERIFIED_CATALYST|RELATIVE_STRENGTH_NEGATIVE,1027.42,697109.0,1.0882155252830088,
radar:2026-09-09:1150,2026-09-09T11:50:00-04:00,COMPLETED,38,DIS,OK,0.0,4.93,1.62,3.05,15.0,10.0,34.6,12.8,NO_VERIFIED_CATALYST,104.61,1898869.0,0.7026072323656232,
radar:2026-09-09:1150,2026-09-09T11:50:00-04:00,COMPLETED,39,ORCL,OK,0.0,3.56,4.88,1.04,15.0,10.0,34.48,12.64,NO_VERIFIED_CATALYST|RELATIVE_STRENGTH_NEGATIVE,161.28,9322776.0,1.1105312699030019,
radar:2026-09-09:1150,2026-09-09T11:50:00-04:00,COMPLETED,40,PLTR,OK,0.0,0.9,2.45,6.09,15.0,10.0,34.44,12.59,NO_VERIFIED_CATALYST,170.435,9119258.0,0.8061530164759055,
radar:2026-09-09:1150,2026-09-09T11:50:00-04:00,COMPLETED,41,MRNA,OK,0.0,9.26,0.0,0.0,15.0,10.0,34.26,12.35,NO_VERIFIED_CATALYST|RELATIVE_STRENGTH_NEGATIVE,137.545,3795770.0,0.31400440677711494,
radar:2026-09-09:1150,2026-09-09T11:50:00-04:00,COMPLETED,42,AAPL,OK,0.0,4.13,4.53,0.3,15.0,10.0,33.97,11.96,NO_VERIFIED_CATALYST|RELATIVE_STRENGTH_NEGATIVE,313.42,15001775.0,1.066453929611457,
radar:2026-09-09:1150,2026-09-09T11:50:00-04:00,COMPLETED,43,CSCO,OK,0.0,1.28,0.0,7.27,15.0,10.0,33.55,11.4,NO_VERIFIED_CATALYST,109.47,3434839.0,0.49771326023156187,
radar:2026-09-09:1150,2026-09-09T11:50:00-04:00,COMPLETED,44,SPY,OK,0.0,2.03,2.85,3.0,15.0,10.0,32.88,10.51,NO_VERIFIED_CATALYST,762.62,11243480.0,0.855859222468227,
radar:2026-09-09:1150,2026-09-09T11:50:00-04:00,COMPLETED,45,NOW,OK,0.0,7.02,0.85,0.0,15.0,10.0,32.87,10.5,NO_VERIFIED_CATALYST|RELATIVE_STRENGTH_NEGATIVE,132.19,3787863.0,0.6062580741468442,
radar:2026-09-09:1150,2026-09-09T11:50:00-04:00,COMPLETED,46,VOO,OK,0.0,2.04,2.62,3.0,15.0,10.0,32.66,10.21,NO_VERIFIED_CATALYST|RELATIVE_STRENGTH_NEGATIVE,700.995,1980940.0,0.8277510220166121,
radar:2026-09-09:1150,2026-09-09T11:50:00-04:00,COMPLETED,47,NVDA,OK,0.0,2.87,2.67,1.92,15.0,10.0,32.47,9.95,NO_VERIFIED_CATALYST|RELATIVE_STRENGTH_NEGATIVE,224.34,38690754.0,0.8338506553902838,
radar:2026-09-09:1150,2026-09-09T11:50:00-04:00,COMPLETED,48,COIN,OK,0.0,1.9,2.38,3.17,15.0,10.0,32.45,9.94,NO_VERIFIED_CATALYST,178.21,2842685.0,0.7976744451167878,
radar:2026-09-09:1150,2026-09-09T11:50:00-04:00,COMPLETED,49,WMT,OK,0.0,2.03,0.25,5.11,15.0,10.0,32.38,9.85,NO_VERIFIED_CATALYST,105.96,5359259.0,0.53124157623475,
radar:2026-09-09:1150,2026-09-09T11:50:00-04:00,COMPLETED,50,BA,OK,0.0,1.46,1.9,3.74,15.0,10.0,32.1,9.47,NO_VERIFIED_CATALYST,210.07,1306656.0,0.7376641971242576,
radar:2026-09-09:1150,2026-09-09T11:50:00-04:00,COMPLETED,51,NFLX,OK,0.0,2.22,2.02,2.76,15.0,10.0,32.0,9.33,NO_VERIFIED_CATALYST|RELATIVE_STRENGTH_NEGATIVE,76.405,7663195.0,0.7519927293773738,
radar:2026-09-09:1150,2026-09-09T11:50:00-04:00,COMPLETED,52,SNPS,OK,0.0,0.65,0.37,5.68,15.0,10.0,31.7,8.93,NO_VERIFIED_CATALYST,392.07,351977.0,0.5463688017247629,
radar:2026-09-09:1150,2026-09-09T11:50:00-04:00,COMPLETED,53,MS,OK,0.0,2.11,0.69,3.87,15.0,10.0,31.66,8.88,NO_VERIFIED_CATALYST,215.61,792638.0,0.5858549396928507,
radar:2026-09-09:1150,2026-09-09T11:50:00-04:00,COMPLETED,54,ADBE,OK,0.0,2.98,1.69,1.78,15.0,10.0,31.46,8.61,NO_VERIFIED_CATALYST|RELATIVE_STRENGTH_NEGATIVE,255.615,1121811.0,0.7117626550550815,
radar:2026-09-09:1150,2026-09-09T11:50:00-04:00,COMPLETED,55,V,OK,0.0,1.75,0.85,3.36,15.0,10.0,30.96,7.95,NO_VERIFIED_CATALYST,367.255,1412110.0,0.6061489287274245,
radar:2026-09-09:1150,2026-09-09T11:50:00-04:00,COMPLETED,56,PYPL,OK,0.0,4.25,1.21,0.16,15.0,10.0,30.61,7.49,NO_VERIFIED_CATALYST|RELATIVE_STRENGTH_NEGATIVE,52.696,2948799.0,0.6513910461848329,
radar:2026-09-09:1150,2026-09-09T11:50:00-04:00,COMPLETED,57,MSFT,OK,0.0,2.1,0.42,2.92,15.0,10.0,30.43,7.24,NO_VERIFIED_CATALYST|RELATIVE_STRENGTH_NEGATIVE,491.73,4435308.0,0.552059401200679,
radar:2026-09-09:1150,2026-09-09T11:50:00-04:00,COMPLETED,58,LHX,OK,0.0,4.3,0.79,0.09,15.0,10.0,30.18,6.9,NO_VERIFIED_CATALYST|RELATIVE_STRENGTH_NEGATIVE,253.385,344467.0,0.5986405643598768,
radar:2026-09-09:1150,2026-09-09T11:50:00-04:00,COMPLETED,59,AMAT,OK,0.0,4.6,0.08,0.0,15.0,10.0,29.68,6.24,NO_VERIFIED_CATALYST|RELATIVE_STRENGTH_NEGATIVE,468.188,1356120.0,0.5101464625215639,
radar:2026-09-09:1150,2026-09-09T11:50:00-04:00,COMPLETED,60,WDAY,OK,0.0,4.51,0.0,0.0,15.0,10.0,29.51,6.01,NO_VERIFIED_CATALYST|RELATIVE_STRENGTH_NEGATIVE,184.48,634233.0,0.35964503748295035,
radar:2026-09-09:1200,2026-09-09T12:00:00-04:00,COMPLETED,1,META,OK,0.0,17.91,20.0,15.0,15.0,10.0,77.91,70.55,NO_VERIFIED_CATALYST,652.11,19819123.0,3.1806721889423977,887c528c-98a5-4160-b3b4-bf8cdb5de854
radar:2026-09-09:1200,2026-09-09T12:00:00-04:00,COMPLETED,2,AMD,OK,0.0,20.0,11.56,15.0,15.0,10.0,71.56,62.08,NO_VERIFIED_CATALYST|RISK_TOO_SMALL,525.38,13410036.0,1.9446628529351562,
radar:2026-09-09:1200,2026-09-09T12:00:00-04:00,COMPLETED,3,ALAB,OK,0.0,20.0,5.21,15.0,15.0,10.0,65.21,53.61,NO_VERIFIED_CATALYST|ADV_TOO_LOW,305.47,1552409.0,1.1507274348702043,
radar:2026-09-09:1200,2026-09-09T12:00:00-04:00,COMPLETED,4,MRVL,OK,0.0,17.56,6.75,15.0,15.0,10.0,64.31,52.42,NO_VERIFIED_CATALYST|SCORE_BELOW_PLAN_THRESHOLD,237.7,12640945.0,1.344259786481801,
radar:2026-09-09:1200,2026-09-09T12:00:00-04:00,COMPLETED,5,MU,OK,0.0,11.16,6.72,15.0,15.0,10.0,57.88,43.84,NO_VERIFIED_CATALYST|SCORE_BELOW_PLAN_THRESHOLD,1024.17,14250373.0,1.3404867755921297,
radar:2026-09-09:1200,2026-09-09T12:00:00-04:00,COMPLETED,6,DELL,OK,0.0,8.92,6.31,15.0,15.0,10.0,55.22,40.3,NO_VERIFIED_CATALYST,544.08,4164194.0,1.2885069854772637,
radar:2026-09-09:1200,2026-09-09T12:00:00-04:00,COMPLETED,7,CVX,OK,0.0,7.03,6.53,14.95,15.0,10.0,53.51,38.01,NO_VERIFIED_CATALYST,212.96,3792997.0,1.3158084673987385,
radar:2026-09-09:1200,2026-09-09T12:00:00-04:00,COMPLETED,8,SNDK,OK,0.0,7.78,5.4,15.0,15.0,10.0,53.18,37.57,NO_VERIFIED_CATALYST,1766.98,6009080.0,1.1745750847887482,
radar:2026-09-09:1200,2026-09-09T12:00:00-04:00,COMPLETED,9,INTC,OK,0.0,7.21,6.33,11.38,15.0,10.0,49.92,33.23,NO_VERIFIED_CATALYST,105.422,49579659.0,1.2914854446127109,
radar:2026-09-09:1200,2026-09-09T12:00:00-04:00,COMPLETED,10,EBAY,OK,0.0,7.92,8.58,8.38,15.0,10.0,49.88,33.17,NO_VERIFIED_CATALYST,105.02,2563435.0,1.5720030277899908,
radar:2026-09-09:1200,2026-09-09T12:00:00-04:00,COMPLETED,11,GE,OK,0.0,14.36,8.84,0.0,15.0,10.0,48.2,30.94,NO_VERIFIED_CATALYST|RELATIVE_STRENGTH_NEGATIVE,325.285,2161930.0,1.6054269599148596,
radar:2026-09-09:1200,2026-09-09T12:00:00-04:00,COMPLETED,12,QCOM,OK,0.0,3.73,8.63,10.7,15.0,10.0,48.06,30.75,NO_VERIFIED_CATALYST,175.48,6035757.0,1.5791978881681148,
radar:2026-09-09:1200,2026-09-09T12:00:00-04:00,COMPLETED,13,GOOGL,OK,0.0,12.32,10.61,0.0,15.0,10.0,47.93,30.57,NO_VERIFIED_CATALYST|RELATIVE_STRENGTH_NEGATIVE,329.425,15759443.0,1.82591311205452,
radar:2026-09-09:1200,2026-09-09T12:00:00-04:00,COMPLETED,14,GLTR,OK,0.0,7.04,0.38,14.96,15.0,10.0,47.38,29.84,NO_VERIFIED_CATALYST,201.63,12405.0,0.5476324163305996,
radar:2026-09-09:1200,2026-09-09T12:00:00-04:00,COMPLETED,15,BAC,OK,0.0,5.25,6.25,8.94,15.0,10.0,45.44,27.26,NO_VERIFIED_CATALYST,62.705,14392093.0,1.2812715843858657,
radar:2026-09-09:1200,2026-09-09T12:00:00-04:00,COMPLETED,16,TSLA,OK,0.0,3.71,5.85,10.68,15.0,10.0,45.23,26.98,NO_VERIFIED_CATALYST,371.084,18582089.0,1.230734215327906,
radar:2026-09-09:1200,2026-09-09T12:00:00-04:00,COMPLETED,17,XLE,OK,0.0,3.13,6.83,9.94,15.0,10.0,44.91,26.55,NO_VERIFIED_CATALYST,65.205,13233525.0,1.3540083540844972,
radar:2026-09-09:1200,2026-09-09T12:00:00-04:00,COMPLETED,18,UBER,OK,0.0,11.77,7.37,0.0,15.0,10.0,44.14,25.52,NO_VERIFIED_CATALYST|RELATIVE_STRENGTH_NEGATIVE,71.285,8415602.0,1.42075824573892,
radar:2026-09-09:1200,2026-09-09T12:00:00-04:00,COMPLETED,19,DASH,OK,0.0,12.43,4.39,0.0,15.0,10.0,41.82,22.43,NO_VERIFIED_CATALYST|RELATIVE_STRENGTH_NEGATIVE,195.1,1613616.0,1.0486659857992775,
radar:2026-09-09:1200,2026-09-09T12:00:00-04:00,COMPLETED,20,ABNB,OK,0.0,14.0,2.53,0.0,15.0,10.0,41.53,22.04,NO_VERIFIED_CATALYST|RELATIVE_STRENGTH_NEGATIVE,169.06,1566496.0,0.8165966772404045,
radar:2026-09-09:1200,2026-09-09T12:00:00-04:00,COMPLETED,21,CDNS,OK,0.0,4.81,2.31,9.4,15.0,10.0,41.52,22.03,NO_VERIFIED_CATALYST,285.76,720412.0,0.7888412800601128,
radar:2026-09-09:1200,2026-09-09T12:00:00-04:00,COMPLETED,22,TXN,OK,0.0,5.14,0.71,10.2,15.0,10.0,41.05,21.4,NO_VERIFIED_CATALYST,260.77,1233933.0,0.5892830177770736,
radar:2026-09-09:1200,2026-09-09T12:00:00-04:00,COMPLETED,23,JPM,OK,0.0,4.46,2.67,8.32,15.0,10.0,40.46,20.61,NO_VERIFIED_CATALYST,354.93,1755547.0,0.8341670886115157,
radar:2026-09-09:1200,2026-09-09T12:00:00-04:00,COMPLETED,24,AMZN,OK,0.0,9.84,5.35,0.0,15.0,10.0,40.19,20.25,NO_VERIFIED_CATALYST|RELATIVE_STRENGTH_NEGATIVE,251.55,14550484.0,1.168339482392512,
radar:2026-09-09:1200,2026-09-09T12:00:00-04:00,COMPLETED,25,PG,OK,0.0,9.49,5.23,0.0,15.0,10.0,39.72,19.62,NO_VERIFIED_CATALYST|RELATIVE_STRENGTH_NEGATIVE,142.62,3953480.0,1.15372002659276,
radar:2026-09-09:1200,2026-09-09T12:00:00-04:00,COMPLETED,26,ONDS,OK,0.0,9.55,3.37,0.0,15.0,10.0,37.92,17.23,NO_VERIFIED_CATALYST|RELATIVE_STRENGTH_NEGATIVE,7.464,24295333.0,0.920906976315427,
radar:2026-09-09:1200,2026-09-09T12:00:00-04:00,COMPLETED,27,XAR,OK,0.0,8.6,4.26,0.0,15.0,10.0,37.86,17.14,NO_VERIFIED_CATALYST|RELATIVE_STRENGTH_NEGATIVE,248.605,83331.0,1.0325715785040597,
radar:2026-09-09:1200,2026-09-09T12:00:00-04:00,COMPLETED,28,AVGO,OK,0.0,9.62,3.09,0.0,15.0,10.0,37.71,16.95,NO_VERIFIED_CATALYST|RELATIVE_STRENGTH_NEGATIVE,360.96,8274658.0,0.8859162659726746,
radar:2026-09-09:1200,2026-09-09T12:00:00-04:00,COMPLETED,29,PLTR,OK,0.0,2.91,2.16,7.53,15.0,10.0,37.6,16.8,NO_VERIFIED_CATALYST,170.76,9326364.0,0.7694966201196491,
radar:2026-09-09:1200,2026-09-09T12:00:00-04:00,COMPLETED,30,ITA,OK,0.0,5.7,6.84,0.0,15.0,10.0,37.54,16.73,NO_VERIFIED_CATALYST|RELATIVE_STRENGTH_NEGATIVE,220.8,295264.0,1.3555620589462583,
radar:2026-09-09:1200,2026-09-09T12:00:00-04:00,COMPLETED,31,IBIT,OK,0.0,1.16,3.34,7.4,15.0,10.0,36.9,15.87,NO_VERIFIED_CATALYST,44.5,20980221.0,0.9179399425939471,
radar:2026-09-09:1200,2026-09-09T12:00:00-04:00,COMPLETED,32,MSTR,OK,0.0,7.66,3.46,0.0,15.0,10.0,36.12,14.83,NO_VERIFIED_CATALYST|RELATIVE_STRENGTH_NEGATIVE,134.28,10084122.0,0.9330715354995728,
radar:2026-09-09:1200,2026-09-09T12:00:00-04:00,COMPLETED,33,NOC,OK,0.0,0.35,5.14,5.46,15.0,10.0,35.95,14.6,NO_VERIFIED_CATALYST,518.19,309788.0,1.142149864045501,
radar:2026-09-09:1200,2026-09-09T12:00:00-04:00,COMPLETED,34,HOOD,OK,0.0,3.78,5.92,1.06,15.0,10.0,35.76,14.35,NO_VERIFIED_CATALYST|RELATIVE_STRENGTH_NEGATIVE,116.39,10249281.0,1.2406140680550117,
radar:2026-09-09:1200,2026-09-09T12:00:00-04:00,COMPLETED,35,QQQ,OK,0.0,1.34,5.17,4.19,15.0,10.0,35.7,14.27,NO_VERIFIED_CATALYST,716.3,13617520.0,1.1461337809391368,
radar:2026-09-09:1200,2026-09-09T12:00:00-04:00,COMPLETED,36,REMX,OK,0.0,3.19,5.66,1.81,15.0,10.0,35.66,14.22,NO_VERIFIED_CATALYST|RELATIVE_STRENGTH_NEGATIVE,76.205,258756.0,1.207548796475643,
radar:2026-09-09:1200,2026-09-09T12:00:00-04:00,COMPLETED,37,MRNA,OK,0.0,9.76,0.0,0.0,15.0,10.0,34.76,13.01,NO_VERIFIED_CATALYST|RELATIVE_STRENGTH_NEGATIVE,137.395,3958337.0,0.3056222680972925,
radar:2026-09-09:1200,2026-09-09T12:00:00-04:00,COMPLETED,38,ORCL,OK,0.0,3.17,4.58,1.83,15.0,10.0,34.58,12.78,NO_VERIFIED_CATALYST|RELATIVE_STRENGTH_NEGATIVE,161.415,9641006.0,1.0718753163621477,
radar:2026-09-09:1200,2026-09-09T12:00:00-04:00,COMPLETED,39,GS,OK,0.0,4.77,4.33,0.0,15.0,10.0,34.1,12.13,NO_VERIFIED_CATALYST|RELATIVE_STRENGTH_NEGATIVE,1025.94,714870.0,1.0415441268903352,
radar:2026-09-09:1200,2026-09-09T12:00:00-04:00,COMPLETED,40,AAPL,OK,0.0,4.5,4.21,0.13,15.0,10.0,33.84,11.78,NO_VERIFIED_CATALYST|RELATIVE_STRENGTH_NEGATIVE,313.17,15464960.0,1.026088043080605,
radar:2026-09-09:1200,2026-09-09T12:00:00-04:00,COMPLETED,41,IBKR,OK,0.0,1.32,0.0,7.23,15.0,10.0,33.55,11.4,NO_VERIFIED_CATALYST,91.17,650858.0,0.4572871688638565,
radar:2026-09-09:1200,2026-09-09T12:00:00-04:00,COMPLETED,42,DIS,OK,0.0,4.63,1.48,2.43,15.0,10.0,33.53,11.38,NO_VERIFIED_CATALYST|RELATIVE_STRENGTH_NEGATIVE,104.45,1982013.0,0.6844795614606292,
radar:2026-09-09:1200,2026-09-09T12:00:00-04:00,COMPLETED,43,CSCO,OK,0.0,1.07,0.0,7.29,15.0,10.0,33.36,11.14,NO_VERIFIED_CATALYST,109.42,3558623.0,0.4812726499170733,
radar:2026-09-09:1200,2026-09-09T12:00:00-04:00,COMPLETED,44,NOW,OK,0.0,7.25,0.81,0.0,15.0,10.0,33.06,10.74,NO_VERIFIED_CATALYST|RELATIVE_STRENGTH_NEGATIVE,132.125,4022402.0,0.6008763612820694,
radar:2026-09-09:1200,2026-09-09T12:00:00-04:00,COMPLETED,45,SPY,OK,0.0,2.27,2.62,3.0,15.0,10.0,32.89,10.52,NO_VERIFIED_CATALYST,762.24,11652139.0,0.8278346767346307,
radar:2026-09-09:1200,2026-09-09T12:00:00-04:00,COMPLETED,46,VOO,OK,0.0,2.25,2.34,3.03,15.0,10.0,32.61,10.15,NO_VERIFIED_CATALYST,700.68,2032669.0,0.7927412231617925,
radar:2026-09-09:1200,2026-09-09T12:00:00-04:00,COMPLETED,47,NVDA,OK,0.0,2.71,2.38,2.43,15.0,10.0,32.52,10.03,NO_VERIFIED_CATALYST|RELATIVE_STRENGTH_NEGATIVE,224.42,39656612.0,0.7976880092672127,
radar:2026-09-09:1200,2026-09-09T12:00:00-04:00,COMPLETED,48,NFLX,OK,0.0,1.76,1.85,3.65,15.0,10.0,32.26,9.69,NO_VERIFIED_CATALYST,76.48,7989469.0,0.7317421215794822,
radar:2026-09-09:1200,2026-09-09T12:00:00-04:00,COMPLETED,49,WMT,OK,0.0,1.91,0.13,5.15,15.0,10.0,32.19,9.59,NO_VERIFIED_CATALYST,105.915,5584914.0,0.5167020387177846,
radar:2026-09-09:1200,2026-09-09T12:00:00-04:00,COMPLETED,50,COIN,OK,0.0,2.95,2.11,2.13,15.0,10.0,32.18,9.58,NO_VERIFIED_CATALYST|RELATIVE_STRENGTH_NEGATIVE,177.81,2917230.0,0.7640186967812689,
radar:2026-09-09:1200,2026-09-09T12:00:00-04:00,COMPLETED,51,BA,OK,0.0,2.52,1.69,2.67,15.0,10.0,31.88,9.17,NO_VERIFIED_CATALYST|RELATIVE_STRENGTH_NEGATIVE,209.59,1349273.0,0.7109411340595331,
radar:2026-09-09:1200,2026-09-09T12:00:00-04:00,COMPLETED,52,ADBE,OK,0.0,2.6,1.53,2.57,15.0,10.0,31.7,8.93,NO_VERIFIED_CATALYST|RELATIVE_STRENGTH_NEGATIVE,255.825,1167259.0,0.691224477780752,
radar:2026-09-09:1200,2026-09-09T12:00:00-04:00,COMPLETED,53,SNPS,OK,0.0,0.5,0.19,5.85,15.0,10.0,31.54,8.71,NO_VERIFIED_CATALYST,391.99,361189.0,0.5232900743639436,
radar:2026-09-09:1200,2026-09-09T12:00:00-04:00,COMPLETED,54,MS,OK,0.0,1.96,0.66,3.54,15.0,10.0,31.16,8.22,NO_VERIFIED_CATALYST,215.385,844169.0,0.5823458450626844,
radar:2026-09-09:1200,2026-09-09T12:00:00-04:00,COMPLETED,55,PYPL,OK,0.0,5.09,0.98,0.0,15.0,10.0,31.07,8.09,NO_VERIFIED_CATALYST|RELATIVE_STRENGTH_NEGATIVE,52.6,3019926.0,0.6226289209237001,
radar:2026-09-09:1200,2026-09-09T12:00:00-04:00,COMPLETED,56,V,OK,0.0,1.88,0.66,3.5,15.0,10.0,31.04,8.05,NO_VERIFIED_CATALYST,367.155,1454737.0,0.5828162776264657,
radar:2026-09-09:1200,2026-09-09T12:00:00-04:00,COMPLETED,57,MSFT,OK,0.0,1.78,0.25,3.62,15.0,10.0,30.66,7.55,NO_VERIFIED_CATALYST,492.065,4577836.0,0.5318126099643998,
radar:2026-09-09:1200,2026-09-09T12:00:00-04:00,COMPLETED,58,LHX,OK,0.0,4.85,0.63,0.0,15.0,10.0,30.49,7.32,NO_VERIFIED_CATALYST|RELATIVE_STRENGTH_NEGATIVE,253.08,357155.0,0.5793108036578328,
radar:2026-09-09:1200,2026-09-09T12:00:00-04:00,COMPLETED,59,WDAY,OK,0.0,4.96,0.0,0.0,15.0,10.0,29.96,6.61,NO_VERIFIED_CATALYST|RELATIVE_STRENGTH_NEGATIVE,184.3,653942.0,0.3460993969759688,
radar:2026-09-09:1200,2026-09-09T12:00:00-04:00,COMPLETED,60,AMAT,OK,0.0,4.93,0.0,0.0,15.0,10.0,29.93,6.57,NO_VERIFIED_CATALYST|RELATIVE_STRENGTH_NEGATIVE,467.795,1404488.0,0.49311835235092544,
radar:2026-09-09:1210,2026-09-09T12:10:00-04:00,DATA_UNAVAILABLE,,NVDA,MISSING,,,,,,,,,ADV_TOO_LOW,,,,
radar:2026-09-09:1210,2026-09-09T12:10:00-04:00,DATA_UNAVAILABLE,,AVGO,MISSING,,,,,,,,,ADV_TOO_LOW,,,,
radar:2026-09-09:1210,2026-09-09T12:10:00-04:00,DATA_UNAVAILABLE,,DELL,MISSING,,,,,,,,,ADV_TOO_LOW,,,,
radar:2026-09-09:1210,2026-09-09T12:10:00-04:00,DATA_UNAVAILABLE,,AAPL,MISSING,,,,,,,,,ADV_TOO_LOW,,,,
radar:2026-09-09:1210,2026-09-09T12:10:00-04:00,DATA_UNAVAILABLE,,TXN,MISSING,,,,,,,,,ADV_TOO_LOW,,,,
radar:2026-09-09:1210,2026-09-09T12:10:00-04:00,DATA_UNAVAILABLE,,CDNS,MISSING,,,,,,,,,ADV_TOO_LOW,,,,
radar:2026-09-09:1210,2026-09-09T12:10:00-04:00,DATA_UNAVAILABLE,,SNPS,MISSING,,,,,,,,,ADV_TOO_LOW,,,,
radar:2026-09-09:1210,2026-09-09T12:10:00-04:00,DATA_UNAVAILABLE,,ORCL,MISSING,,,,,,,,,ADV_TOO_LOW,,,,
radar:2026-09-09:1210,2026-09-09T12:10:00-04:00,DATA_UNAVAILABLE,,NOW,MISSING,,,,,,,,,ADV_TOO_LOW,,,,
radar:2026-09-09:1210,2026-09-09T12:10:00-04:00,DATA_UNAVAILABLE,,ADBE,MISSING,,,,,,,,,ADV_TOO_LOW,,,,
radar:2026-09-09:1210,2026-09-09T12:10:00-04:00,DATA_UNAVAILABLE,,WDAY,MISSING,,,,,,,,,ADV_TOO_LOW,,,,
radar:2026-09-09:1210,2026-09-09T12:10:00-04:00,DATA_UNAVAILABLE,,MSFT,MISSING,,,,,,,,,ADV_TOO_LOW,,,,
radar:2026-09-09:1210,2026-09-09T12:10:00-04:00,DATA_UNAVAILABLE,,AMZN,MISSING,,,,,,,,,ADV_TOO_LOW,,,,
radar:2026-09-09:1210,2026-09-09T12:10:00-04:00,DATA_UNAVAILABLE,,BA,MISSING,,,,,,,,,ADV_TOO_LOW,,,,
radar:2026-09-09:1210,2026-09-09T12:10:00-04:00,DATA_UNAVAILABLE,,AMD,MISSING,,,,,,,,,ADV_TOO_LOW,,,,
radar:2026-09-09:1210,2026-09-09T12:10:00-04:00,DATA_UNAVAILABLE,,INTC,MISSING,,,,,,,,,ADV_TOO_LOW,,,,
radar:2026-09-09:1210,2026-09-09T12:10:00-04:00,DATA_UNAVAILABLE,,MRVL,MISSING,,,,,,,,,ADV_TOO_LOW,,,,
radar:2026-09-09:1210,2026-09-09T12:10:00-04:00,DATA_UNAVAILABLE,,MRNA,MISSING,,,,,,,,,ADV_TOO_LOW,,,,
radar:2026-09-09:1210,2026-09-09T12:10:00-04:00,DATA_UNAVAILABLE,,SNDK,MISSING,,,,,,,,,ADV_TOO_LOW,,,,
radar:2026-09-09:1210,2026-09-09T12:10:00-04:00,DATA_UNAVAILABLE,,GOOGL,MISSING,,,,,,,,,ADV_TOO_LOW,,,,
radar:2026-09-09:1210,2026-09-09T12:10:00-04:00,DATA_UNAVAILABLE,,GS,MISSING,,,,,,,,,ADV_TOO_LOW,,,,
radar:2026-09-09:1210,2026-09-09T12:10:00-04:00,DATA_UNAVAILABLE,,ABNB,MISSING,,,,,,,,,ADV_TOO_LOW,,,,
radar:2026-09-09:1210,2026-09-09T12:10:00-04:00,DATA_UNAVAILABLE,,DASH,MISSING,,,,,,,,,ADV_TOO_LOW,,,,
radar:2026-09-09:1210,2026-09-09T12:10:00-04:00,DATA_UNAVAILABLE,,MU,MISSING,,,,,,,,,ADV_TOO_LOW,,,,
radar:2026-09-09:1210,2026-09-09T12:10:00-04:00,DATA_UNAVAILABLE,,GE,MISSING,,,,,,,,,ADV_TOO_LOW,,,,
radar:2026-09-09:1210,2026-09-09T12:10:00-04:00,DATA_UNAVAILABLE,,JPM,MISSING,,,,,,,,,ADV_TOO_LOW,,,,
radar:2026-09-09:1210,2026-09-09T12:10:00-04:00,DATA_UNAVAILABLE,,BAC,MISSING,,,,,,,,,ADV_TOO_LOW,,,,
radar:2026-09-09:1210,2026-09-09T12:10:00-04:00,DATA_UNAVAILABLE,,MS,MISSING,,,,,,,,,ADV_TOO_LOW,,,,
radar:2026-09-09:1210,2026-09-09T12:10:00-04:00,DATA_UNAVAILABLE,,WMT,MISSING,,,,,,,,,ADV_TOO_LOW,,,,
radar:2026-09-09:1210,2026-09-09T12:10:00-04:00,DATA_UNAVAILABLE,,COIN,MISSING,,,,,,,,,ADV_TOO_LOW,,,,
radar:2026-09-09:1210,2026-09-09T12:10:00-04:00,DATA_UNAVAILABLE,,HOOD,MISSING,,,,,,,,,ADV_TOO_LOW,,,,
radar:2026-09-09:1210,2026-09-09T12:10:00-04:00,DATA_UNAVAILABLE,,PLTR,MISSING,,,,,,,,,ADV_TOO_LOW,,,,
radar:2026-09-09:1210,2026-09-09T12:10:00-04:00,DATA_UNAVAILABLE,,MSTR,MISSING,,,,,,,,,ADV_TOO_LOW,,,,
radar:2026-09-09:1210,2026-09-09T12:10:00-04:00,DATA_UNAVAILABLE,,META,MISSING,,,,,,,,,ADV_TOO_LOW,,,,
radar:2026-09-09:1210,2026-09-09T12:10:00-04:00,DATA_UNAVAILABLE,,NFLX,MISSING,,,,,,,,,ADV_TOO_LOW,,,,
radar:2026-09-09:1210,2026-09-09T12:10:00-04:00,DATA_UNAVAILABLE,,UBER,MISSING,,,,,,,,,ADV_TOO_LOW,,,,
radar:2026-09-09:1210,2026-09-09T12:10:00-04:00,DATA_UNAVAILABLE,,PYPL,MISSING,,,,,,,,,ADV_TOO_LOW,,,,
radar:2026-09-09:1210,2026-09-09T12:10:00-04:00,DATA_UNAVAILABLE,,V,MISSING,,,,,,,,,ADV_TOO_LOW,,,,
radar:2026-09-09:1210,2026-09-09T12:10:00-04:00,DATA_UNAVAILABLE,,EBAY,MISSING,,,,,,,,,ADV_TOO_LOW,,,,
radar:2026-09-09:1210,2026-09-09T12:10:00-04:00,DATA_UNAVAILABLE,,DIS,MISSING,,,,,,,,,ADV_TOO_LOW,,,,
radar:2026-09-09:1210,2026-09-09T12:10:00-04:00,DATA_UNAVAILABLE,,PG,MISSING,,,,,,,,,ADV_TOO_LOW,,,,
radar:2026-09-09:1210,2026-09-09T12:10:00-04:00,DATA_UNAVAILABLE,,CVX,MISSING,,,,,,,,,ADV_TOO_LOW,,,,
radar:2026-09-09:1210,2026-09-09T12:10:00-04:00,DATA_UNAVAILABLE,,QCOM,MISSING,,,,,,,,,ADV_TOO_LOW,,,,
radar:2026-09-09:1210,2026-09-09T12:10:00-04:00,DATA_UNAVAILABLE,,AMAT,MISSING,,,,,,,,,ADV_TOO_LOW,,,,
radar:2026-09-09:1210,2026-09-09T12:10:00-04:00,DATA_UNAVAILABLE,,TSLA,MISSING,,,,,,,,,ADV_TOO_LOW,,,,
radar:2026-09-09:1210,2026-09-09T12:10:00-04:00,DATA_UNAVAILABLE,,CSCO,MISSING,,,,,,,,,ADV_TOO_LOW,,,,
radar:2026-09-09:1210,2026-09-09T12:10:00-04:00,DATA_UNAVAILABLE,,ALAB,MISSING,,,,,,,,,ADV_TOO_LOW,,,,
radar:2026-09-09:1210,2026-09-09T12:10:00-04:00,DATA_UNAVAILABLE,,IBKR,MISSING,,,,,,,,,ADV_TOO_LOW,,,,
radar:2026-09-09:1210,2026-09-09T12:10:00-04:00,DATA_UNAVAILABLE,,LHX,MISSING,,,,,,,,,ADV_TOO_LOW,,,,
radar:2026-09-09:1210,2026-09-09T12:10:00-04:00,DATA_UNAVAILABLE,,NOC,MISSING,,,,,,,,,ADV_TOO_LOW,,,,
radar:2026-09-09:1210,2026-09-09T12:10:00-04:00,DATA_UNAVAILABLE,,ONDS,MISSING,,,,,,,,,ADV_TOO_LOW,,,,
radar:2026-09-09:1210,2026-09-09T12:10:00-04:00,DATA_UNAVAILABLE,,SPY,MISSING,,,,,,,,,ADV_TOO_LOW,,,,
radar:2026-09-09:1210,2026-09-09T12:10:00-04:00,DATA_UNAVAILABLE,,QQQ,MISSING,,,,,,,,,ADV_TOO_LOW,,,,
radar:2026-09-09:1210,2026-09-09T12:10:00-04:00,DATA_UNAVAILABLE,,VOO,MISSING,,,,,,,,,ADV_TOO_LOW,,,,
radar:2026-09-09:1210,2026-09-09T12:10:00-04:00,DATA_UNAVAILABLE,,IBIT,MISSING,,,,,,,,,ADV_TOO_LOW,,,,
radar:2026-09-09:1210,2026-09-09T12:10:00-04:00,DATA_UNAVAILABLE,,XLE,MISSING,,,,,,,,,ADV_TOO_LOW,,,,
radar:2026-09-09:1210,2026-09-09T12:10:00-04:00,DATA_UNAVAILABLE,,GLTR,MISSING,,,,,,,,,ADV_TOO_LOW,,,,
radar:2026-09-09:1210,2026-09-09T12:10:00-04:00,DATA_UNAVAILABLE,,REMX,MISSING,,,,,,,,,ADV_TOO_LOW,,,,
radar:2026-09-09:1210,2026-09-09T12:10:00-04:00,DATA_UNAVAILABLE,,ITA,MISSING,,,,,,,,,ADV_TOO_LOW,,,,
radar:2026-09-09:1210,2026-09-09T12:10:00-04:00,DATA_UNAVAILABLE,,XAR,MISSING,,,,,,,,,ADV_TOO_LOW,,,,
radar:2026-09-09:1220,2026-09-09T12:20:00-04:00,DATA_UNAVAILABLE,,NVDA,MISSING,,,,,,,,,ADV_TOO_LOW,,,,
radar:2026-09-09:1220,2026-09-09T12:20:00-04:00,DATA_UNAVAILABLE,,AVGO,MISSING,,,,,,,,,ADV_TOO_LOW,,,,
radar:2026-09-09:1220,2026-09-09T12:20:00-04:00,DATA_UNAVAILABLE,,DELL,MISSING,,,,,,,,,ADV_TOO_LOW,,,,
radar:2026-09-09:1220,2026-09-09T12:20:00-04:00,DATA_UNAVAILABLE,,AAPL,MISSING,,,,,,,,,ADV_TOO_LOW,,,,
radar:2026-09-09:1220,2026-09-09T12:20:00-04:00,DATA_UNAVAILABLE,,TXN,MISSING,,,,,,,,,ADV_TOO_LOW,,,,
radar:2026-09-09:1220,2026-09-09T12:20:00-04:00,DATA_UNAVAILABLE,,CDNS,MISSING,,,,,,,,,ADV_TOO_LOW,,,,
radar:2026-09-09:1220,2026-09-09T12:20:00-04:00,DATA_UNAVAILABLE,,SNPS,MISSING,,,,,,,,,ADV_TOO_LOW,,,,
radar:2026-09-09:1220,2026-09-09T12:20:00-04:00,DATA_UNAVAILABLE,,ORCL,MISSING,,,,,,,,,ADV_TOO_LOW,,,,
radar:2026-09-09:1220,2026-09-09T12:20:00-04:00,DATA_UNAVAILABLE,,NOW,MISSING,,,,,,,,,ADV_TOO_LOW,,,,
radar:2026-09-09:1220,2026-09-09T12:20:00-04:00,DATA_UNAVAILABLE,,ADBE,MISSING,,,,,,,,,ADV_TOO_LOW,,,,
radar:2026-09-09:1220,2026-09-09T12:20:00-04:00,DATA_UNAVAILABLE,,WDAY,MISSING,,,,,,,,,ADV_TOO_LOW,,,,
radar:2026-09-09:1220,2026-09-09T12:20:00-04:00,DATA_UNAVAILABLE,,MSFT,MISSING,,,,,,,,,ADV_TOO_LOW,,,,
radar:2026-09-09:1220,2026-09-09T12:20:00-04:00,DATA_UNAVAILABLE,,AMZN,MISSING,,,,,,,,,ADV_TOO_LOW,,,,
radar:2026-09-09:1220,2026-09-09T12:20:00-04:00,DATA_UNAVAILABLE,,BA,MISSING,,,,,,,,,ADV_TOO_LOW,,,,
radar:2026-09-09:1220,2026-09-09T12:20:00-04:00,DATA_UNAVAILABLE,,AMD,MISSING,,,,,,,,,ADV_TOO_LOW,,,,
radar:2026-09-09:1220,2026-09-09T12:20:00-04:00,DATA_UNAVAILABLE,,INTC,MISSING,,,,,,,,,ADV_TOO_LOW,,,,
radar:2026-09-09:1220,2026-09-09T12:20:00-04:00,DATA_UNAVAILABLE,,MRVL,MISSING,,,,,,,,,ADV_TOO_LOW,,,,
radar:2026-09-09:1220,2026-09-09T12:20:00-04:00,DATA_UNAVAILABLE,,MRNA,MISSING,,,,,,,,,ADV_TOO_LOW,,,,
radar:2026-09-09:1220,2026-09-09T12:20:00-04:00,DATA_UNAVAILABLE,,SNDK,MISSING,,,,,,,,,ADV_TOO_LOW,,,,
radar:2026-09-09:1220,2026-09-09T12:20:00-04:00,DATA_UNAVAILABLE,,GOOGL,MISSING,,,,,,,,,ADV_TOO_LOW,,,,
radar:2026-09-09:1220,2026-09-09T12:20:00-04:00,DATA_UNAVAILABLE,,GS,MISSING,,,,,,,,,ADV_TOO_LOW,,,,
radar:2026-09-09:1220,2026-09-09T12:20:00-04:00,DATA_UNAVAILABLE,,ABNB,MISSING,,,,,,,,,ADV_TOO_LOW,,,,
radar:2026-09-09:1220,2026-09-09T12:20:00-04:00,DATA_UNAVAILABLE,,DASH,MISSING,,,,,,,,,ADV_TOO_LOW,,,,
radar:2026-09-09:1220,2026-09-09T12:20:00-04:00,DATA_UNAVAILABLE,,MU,MISSING,,,,,,,,,ADV_TOO_LOW,,,,
radar:2026-09-09:1220,2026-09-09T12:20:00-04:00,DATA_UNAVAILABLE,,GE,MISSING,,,,,,,,,ADV_TOO_LOW,,,,
radar:2026-09-09:1220,2026-09-09T12:20:00-04:00,DATA_UNAVAILABLE,,JPM,MISSING,,,,,,,,,ADV_TOO_LOW,,,,
radar:2026-09-09:1220,2026-09-09T12:20:00-04:00,DATA_UNAVAILABLE,,BAC,MISSING,,,,,,,,,ADV_TOO_LOW,,,,
radar:2026-09-09:1220,2026-09-09T12:20:00-04:00,DATA_UNAVAILABLE,,MS,MISSING,,,,,,,,,ADV_TOO_LOW,,,,
radar:2026-09-09:1220,2026-09-09T12:20:00-04:00,DATA_UNAVAILABLE,,WMT,MISSING,,,,,,,,,ADV_TOO_LOW,,,,
radar:2026-09-09:1220,2026-09-09T12:20:00-04:00,DATA_UNAVAILABLE,,COIN,MISSING,,,,,,,,,ADV_TOO_LOW,,,,
radar:2026-09-09:1220,2026-09-09T12:20:00-04:00,DATA_UNAVAILABLE,,HOOD,MISSING,,,,,,,,,ADV_TOO_LOW,,,,
radar:2026-09-09:1220,2026-09-09T12:20:00-04:00,DATA_UNAVAILABLE,,PLTR,MISSING,,,,,,,,,ADV_TOO_LOW,,,,
radar:2026-09-09:1220,2026-09-09T12:20:00-04:00,DATA_UNAVAILABLE,,MSTR,MISSING,,,,,,,,,ADV_TOO_LOW,,,,
radar:2026-09-09:1220,2026-09-09T12:20:00-04:00,DATA_UNAVAILABLE,,META,MISSING,,,,,,,,,ADV_TOO_LOW,,,,
radar:2026-09-09:1220,2026-09-09T12:20:00-04:00,DATA_UNAVAILABLE,,NFLX,MISSING,,,,,,,,,ADV_TOO_LOW,,,,
radar:2026-09-09:1220,2026-09-09T12:20:00-04:00,DATA_UNAVAILABLE,,UBER,MISSING,,,,,,,,,ADV_TOO_LOW,,,,
radar:2026-09-09:1220,2026-09-09T12:20:00-04:00,DATA_UNAVAILABLE,,PYPL,MISSING,,,,,,,,,ADV_TOO_LOW,,,,
radar:2026-09-09:1220,2026-09-09T12:20:00-04:00,DATA_UNAVAILABLE,,V,MISSING,,,,,,,,,ADV_TOO_LOW,,,,
radar:2026-09-09:1220,2026-09-09T12:20:00-04:00,DATA_UNAVAILABLE,,EBAY,MISSING,,,,,,,,,ADV_TOO_LOW,,,,
radar:2026-09-09:1220,2026-09-09T12:20:00-04:00,DATA_UNAVAILABLE,,DIS,MISSING,,,,,,,,,ADV_TOO_LOW,,,,
radar:2026-09-09:1220,2026-09-09T12:20:00-04:00,DATA_UNAVAILABLE,,PG,MISSING,,,,,,,,,ADV_TOO_LOW,,,,
radar:2026-09-09:1220,2026-09-09T12:20:00-04:00,DATA_UNAVAILABLE,,CVX,MISSING,,,,,,,,,ADV_TOO_LOW,,,,
radar:2026-09-09:1220,2026-09-09T12:20:00-04:00,DATA_UNAVAILABLE,,QCOM,MISSING,,,,,,,,,ADV_TOO_LOW,,,,
radar:2026-09-09:1220,2026-09-09T12:20:00-04:00,DATA_UNAVAILABLE,,AMAT,MISSING,,,,,,,,,ADV_TOO_LOW,,,,
radar:2026-09-09:1220,2026-09-09T12:20:00-04:00,DATA_UNAVAILABLE,,TSLA,MISSING,,,,,,,,,ADV_TOO_LOW,,,,
radar:2026-09-09:1220,2026-09-09T12:20:00-04:00,DATA_UNAVAILABLE,,CSCO,MISSING,,,,,,,,,ADV_TOO_LOW,,,,
radar:2026-09-09:1220,2026-09-09T12:20:00-04:00,DATA_UNAVAILABLE,,ALAB,MISSING,,,,,,,,,ADV_TOO_LOW,,,,
radar:2026-09-09:1220,2026-09-09T12:20:00-04:00,DATA_UNAVAILABLE,,IBKR,MISSING,,,,,,,,,ADV_TOO_LOW,,,,
radar:2026-09-09:1220,2026-09-09T12:20:00-04:00,DATA_UNAVAILABLE,,LHX,MISSING,,,,,,,,,ADV_TOO_LOW,,,,
radar:2026-09-09:1220,2026-09-09T12:20:00-04:00,DATA_UNAVAILABLE,,NOC,MISSING,,,,,,,,,ADV_TOO_LOW,,,,
radar:2026-09-09:1220,2026-09-09T12:20:00-04:00,DATA_UNAVAILABLE,,ONDS,MISSING,,,,,,,,,ADV_TOO_LOW,,,,
radar:2026-09-09:1220,2026-09-09T12:20:00-04:00,DATA_UNAVAILABLE,,SPY,MISSING,,,,,,,,,ADV_TOO_LOW,,,,
radar:2026-09-09:1220,2026-09-09T12:20:00-04:00,DATA_UNAVAILABLE,,QQQ,MISSING,,,,,,,,,ADV_TOO_LOW,,,,
radar:2026-09-09:1220,2026-09-09T12:20:00-04:00,DATA_UNAVAILABLE,,VOO,MISSING,,,,,,,,,ADV_TOO_LOW,,,,
radar:2026-09-09:1220,2026-09-09T12:20:00-04:00,DATA_UNAVAILABLE,,IBIT,MISSING,,,,,,,,,ADV_TOO_LOW,,,,
radar:2026-09-09:1220,2026-09-09T12:20:00-04:00,DATA_UNAVAILABLE,,XLE,MISSING,,,,,,,,,ADV_TOO_LOW,,,,
radar:2026-09-09:1220,2026-09-09T12:20:00-04:00,DATA_UNAVAILABLE,,GLTR,MISSING,,,,,,,,,ADV_TOO_LOW,,,,
radar:2026-09-09:1220,2026-09-09T12:20:00-04:00,DATA_UNAVAILABLE,,REMX,MISSING,,,,,,,,,ADV_TOO_LOW,,,,
radar:2026-09-09:1220,2026-09-09T12:20:00-04:00,DATA_UNAVAILABLE,,ITA,MISSING,,,,,,,,,ADV_TOO_LOW,,,,
radar:2026-09-09:1220,2026-09-09T12:20:00-04:00,DATA_UNAVAILABLE,,XAR,MISSING,,,,,,,,,ADV_TOO_LOW,,,,
radar:2026-09-09:1230,2026-09-09T12:30:00-04:00,COMPLETED,1,META,OK,0.0,16.79,18.54,15.0,15.0,10.0,75.33,67.11,NO_VERIFIED_CATALYST,651.18,21068576.0,2.8176610317577886,2529b3bf-3ff7-4780-9575-400f628cedf3
radar:2026-09-09:1230,2026-09-09T12:30:00-04:00,COMPLETED,2,AMD,OK,0.0,15.92,10.07,15.0,15.0,10.0,65.99,54.65,NO_VERIFIED_CATALYST|RISK_TOO_SMALL,521.46,14551396.0,1.7584827739950812,
radar:2026-09-09:1230,2026-09-09T12:30:00-04:00,COMPLETED,3,ALAB,OK,0.0,17.24,4.43,15.0,15.0,10.0,61.67,48.9,NO_VERIFIED_CATALYST|ADV_TOO_LOW,303.66,1705974.0,1.053799061615466,
radar:2026-09-09:1230,2026-09-09T12:30:00-04:00,COMPLETED,4,MRVL,OK,0.0,14.0,5.46,15.0,15.0,10.0,59.46,45.94,NO_VERIFIED_CATALYST|SCORE_BELOW_PLAN_THRESHOLD,236.34,13339543.0,1.1821258123932386,
radar:2026-09-09:1230,2026-09-09T12:30:00-04:00,COMPLETED,5,GLTR,OK,0.0,8.31,7.5,15.0,15.0,10.0,55.8,41.07,NO_VERIFIED_CATALYST|ADV_TOO_LOW,202.0,39068.0,1.437251074919218,
radar:2026-09-09:1230,2026-09-09T12:30:00-04:00,COMPLETED,6,DELL,OK,0.0,9.45,5.2,15.0,15.0,10.0,54.65,39.53,NO_VERIFIED_CATALYST,544.69,4458823.0,1.1497280844054345,
radar:2026-09-09:1230,2026-09-09T12:30:00-04:00,COMPLETED,7,MU,OK,0.0,8.76,5.54,15.0,15.0,10.0,54.3,39.07,NO_VERIFIED_CATALYST,1019.035,15212897.0,1.1925245012480565,
radar:2026-09-09:1230,2026-09-09T12:30:00-04:00,COMPLETED,8,SNDK,OK,0.0,8.89,4.21,15.0,15.0,10.0,53.11,37.48,NO_VERIFIED_CATALYST,1771.115,6303824.0,1.0268238838202322,
radar:2026-09-09:1230,2026-09-09T12:30:00-04:00,COMPLETED,9,CVX,OK,0.0,7.53,5.35,15.0,15.0,10.0,52.88,37.17,NO_VERIFIED_CATALYST,213.185,4042192.0,1.1685470404803897,
radar:2026-09-09:1230,2026-09-09T12:30:00-04:00,COMPLETED,10,QCOM,OK,0.0,6.13,7.47,14.17,15.0,10.0,52.77,37.02,NO_VERIFIED_CATALYST,176.375,6577108.0,1.4340320744074633,
radar:2026-09-09:1230,2026-09-09T12:30:00-04:00,COMPLETED,11,EBAY,OK,0.0,7.87,7.79,8.7,15.0,10.0,49.37,32.49,NO_VERIFIED_CATALYST,105.01,2884790.0,1.4742269848346956,
radar:2026-09-09:1230,2026-09-09T12:30:00-04:00,COMPLETED,12,GE,OK,0.0,14.32,7.53,0.0,15.0,10.0,46.86,29.14,NO_VERIFIED_CATALYST|RELATIVE_STRENGTH_NEGATIVE,325.41,2329729.0,1.4416950704695994,
radar:2026-09-09:1230,2026-09-09T12:30:00-04:00,COMPLETED,13,GOOGL,OK,0.0,12.19,8.97,0.0,15.0,10.0,46.16,28.22,NO_VERIFIED_CATALYST|RELATIVE_STRENGTH_NEGATIVE,329.54,16791508.0,1.6212426802205702,
radar:2026-09-09:1230,2026-09-09T12:30:00-04:00,COMPLETED,14,ITA,OK,0.0,6.16,14.79,0.0,15.0,10.0,45.95,27.93,NO_VERIFIED_CATALYST|RELATIVE_STRENGTH_NEGATIVE,220.58,613819.0,2.348379698140532,
radar:2026-09-09:1230,2026-09-09T12:30:00-04:00,COMPLETED,15,XLE,OK,0.0,3.6,5.62,10.93,15.0,10.0,45.14,26.86,NO_VERIFIED_CATALYST,65.27,14097669.0,1.2020213879899055,
radar:2026-09-09:1230,2026-09-09T12:30:00-04:00,COMPLETED,16,TXN,OK,0.0,7.55,0.34,12.08,15.0,10.0,44.97,26.63,NO_VERIFIED_CATALYST,261.415,1364502.0,0.5430322306930425,
radar:2026-09-09:1230,2026-09-09T12:30:00-04:00,COMPLETED,17,BAC,OK,0.0,5.26,5.03,9.42,15.0,10.0,44.71,26.28,NO_VERIFIED_CATALYST,62.715,15208754.0,1.1283139489517557,
radar:2026-09-09:1230,2026-09-09T12:30:00-04:00,COMPLETED,18,INTC,OK,0.0,2.87,5.36,9.42,15.0,10.0,42.66,23.54,NO_VERIFIED_CATALYST,105.015,53897486.0,1.169966893948215,
radar:2026-09-09:1230,2026-09-09T12:30:00-04:00,COMPLETED,19,UBER,OK,0.0,10.31,6.25,0.0,15.0,10.0,41.55,22.07,NO_VERIFIED_CATALYST|RELATIVE_STRENGTH_NEGATIVE,71.515,9102790.0,1.2806445477356925,
radar:2026-09-09:1230,2026-09-09T12:30:00-04:00,COMPLETED,20,DASH,OK,0.0,10.45,5.0,0.0,15.0,10.0,40.45,20.6,NO_VERIFIED_CATALYST|RELATIVE_STRENGTH_NEGATIVE,196.415,2078280.0,1.1255379229624942,
radar:2026-09-09:1230,2026-09-09T12:30:00-04:00,COMPLETED,21,JPM,OK,0.0,4.1,2.24,8.64,15.0,10.0,39.98,19.98,NO_VERIFIED_CATALYST,354.895,1968666.0,0.7795279921924487,
radar:2026-09-09:1230,2026-09-09T12:30:00-04:00,COMPLETED,22,ABNB,OK,0.0,12.75,1.95,0.0,15.0,10.0,39.7,19.6,NO_VERIFIED_CATALYST|RELATIVE_STRENGTH_NEGATIVE,169.77,1711856.0,0.7436432351298361,
radar:2026-09-09:1230,2026-09-09T12:30:00-04:00,COMPLETED,23,AMZN,OK,0.0,10.19,4.47,0.0,15.0,10.0,39.66,19.55,NO_VERIFIED_CATALYST|RELATIVE_STRENGTH_NEGATIVE,251.36,15827830.0,1.0590880667415647,
radar:2026-09-09:1230,2026-09-09T12:30:00-04:00,COMPLETED,24,AVGO,OK,0.0,10.99,2.64,0.0,15.0,10.0,38.63,18.17,NO_VERIFIED_CATALYST|RELATIVE_STRENGTH_NEGATIVE,359.88,9303745.0,0.83007914990844,
radar:2026-09-09:1230,2026-09-09T12:30:00-04:00,COMPLETED,25,TSLA,OK,0.0,0.96,4.98,7.53,15.0,10.0,38.48,17.97,NO_VERIFIED_CATALYST,368.92,20344473.0,1.1228849656957058,
radar:2026-09-09:1230,2026-09-09T12:30:00-04:00,COMPLETED,26,IBIT,OK,0.0,1.79,2.63,8.59,15.0,10.0,38.01,17.34,NO_VERIFIED_CATALYST,44.56,22723984.0,0.8285291029352897,
radar:2026-09-09:1230,2026-09-09T12:30:00-04:00,COMPLETED,27,XAR,OK,0.0,8.82,3.7,0.0,15.0,10.0,37.52,16.69,NO_VERIFIED_CATALYST|RELATIVE_STRENGTH_NEGATIVE,248.485,93228.0,0.9626735176733636,
radar:2026-09-09:1230,2026-09-09T12:30:00-04:00,COMPLETED,28,PG,OK,0.0,8.3,4.17,0.0,15.0,10.0,37.47,16.63,NO_VERIFIED_CATALYST|RELATIVE_STRENGTH_NEGATIVE,142.99,4200487.0,1.0215029240958002,
radar:2026-09-09:1230,2026-09-09T12:30:00-04:00,COMPLETED,29,NOW,OK,0.0,11.16,0.77,0.0,15.0,10.0,36.93,15.9,NO_VERIFIED_CATALYST|RELATIVE_STRENGTH_NEGATIVE,131.0,4786424.0,0.5958403342205518,
radar:2026-09-09:1230,2026-09-09T12:30:00-04:00,COMPLETED,30,CDNS,OK,0.0,1.48,1.79,7.95,15.0,10.0,36.22,14.96,NO_VERIFIED_CATALYST,284.895,793744.0,0.7242828974514058,
radar:2026-09-09:1230,2026-09-09T12:30:00-04:00,COMPLETED,31,REMX,OK,0.0,1.53,4.79,4.61,15.0,10.0,35.94,14.58,NO_VERIFIED_CATALYST,76.515,282497.0,1.0986191998595594,
radar:2026-09-09:1230,2026-09-09T12:30:00-04:00,COMPLETED,32,ONDS,OK,0.0,7.7,3.18,0.0,15.0,10.0,35.88,14.51,NO_VERIFIED_CATALYST|RELATIVE_STRENGTH_NEGATIVE,7.495,28426374.0,0.8979113403921773,
radar:2026-09-09:1230,2026-09-09T12:30:00-04:00,COMPLETED,33,HOOD,OK,0.0,1.79,4.97,3.99,15.0,10.0,35.75,14.33,NO_VERIFIED_CATALYST,116.89,11110694.0,1.1207366446895421,
radar:2026-09-09:1230,2026-09-09T12:30:00-04:00,COMPLETED,34,MRNA,OK,0.0,10.59,0.0,0.0,15.0,10.0,35.59,14.12,NO_VERIFIED_CATALYST|RELATIVE_STRENGTH_NEGATIVE,137.145,4345746.0,0.2796119006729178,
radar:2026-09-09:1230,2026-09-09T12:30:00-04:00,COMPLETED,35,IBKR,OK,0.0,2.34,0.0,8.24,15.0,10.0,35.58,14.11,NO_VERIFIED_CATALYST,91.265,751969.0,0.4402727328388614,
radar:2026-09-09:1230,2026-09-09T12:30:00-04:00,COMPLETED,36,GS,OK,0.0,5.05,3.34,2.02,15.0,10.0,35.41,13.88,NO_VERIFIED_CATALYST|RELATIVE_STRENGTH_NEGATIVE,1029.15,755266.0,0.9170006019573352,
radar:2026-09-09:1230,2026-09-09T12:30:00-04:00,COMPLETED,37,NOC,OK,0.0,1.91,4.37,3.84,15.0,10.0,35.11,13.49,NO_VERIFIED_CATALYST,516.46,340368.0,1.0457462317641288,
radar:2026-09-09:1230,2026-09-09T12:30:00-04:00,COMPLETED,38,QQQ,OK,0.0,2.0,4.33,3.72,15.0,10.0,35.06,13.41,NO_VERIFIED_CATALYST,715.28,14851469.0,1.0416595223132838,
radar:2026-09-09:1230,2026-09-09T12:30:00-04:00,COMPLETED,39,PLTR,OK,0.0,0.95,1.43,6.86,15.0,10.0,34.24,12.32,NO_VERIFIED_CATALYST,170.46,9878248.0,0.6791932548817051,
radar:2026-09-09:1230,2026-09-09T12:30:00-04:00,COMPLETED,40,AAPL,OK,0.0,3.78,3.85,1.44,15.0,10.0,34.06,12.08,NO_VERIFIED_CATALYST|RELATIVE_STRENGTH_NEGATIVE,313.66,17740660.0,0.9808998825372539,
radar:2026-09-09:1230,2026-09-09T12:30:00-04:00,COMPLETED,41,WMT,OK,0.0,2.37,0.0,6.58,15.0,10.0,33.95,11.93,NO_VERIFIED_CATALYST,106.1,6222073.0,0.47970900529330207,
radar:2026-09-09:1230,2026-09-09T12:30:00-04:00,COMPLETED,42,ORCL,OK,0.0,4.29,3.78,0.77,15.0,10.0,33.85,11.8,NO_VERIFIED_CATALYST|RELATIVE_STRENGTH_NEGATIVE,161.025,10496228.0,0.9724656205101007,
radar:2026-09-09:1230,2026-09-09T12:30:00-04:00,COMPLETED,43,MSTR,OK,0.0,5.48,2.58,0.0,15.0,10.0,33.05,10.74,NO_VERIFIED_CATALYST|RELATIVE_STRENGTH_NEGATIVE,134.918,10659202.0,0.8219031146281308,
radar:2026-09-09:1230,2026-09-09T12:30:00-04:00,COMPLETED,44,CSCO,OK,0.0,0.71,0.0,7.2,15.0,10.0,32.91,10.54,NO_VERIFIED_CATALYST,109.335,3994446.0,0.4501785925812209,
radar:2026-09-09:1230,2026-09-09T12:30:00-04:00,COMPLETED,45,DIS,OK,0.0,4.36,1.14,2.38,15.0,10.0,32.88,10.5,NO_VERIFIED_CATALYST|RELATIVE_STRENGTH_NEGATIVE,104.375,2230854.0,0.6420135858917982,
radar:2026-09-09:1230,2026-09-09T12:30:00-04:00,COMPLETED,46,SPY,OK,0.0,2.56,2.09,3.0,15.0,10.0,32.65,10.2,NO_VERIFIED_CATALYST,761.755,12859366.0,0.7613364082842925,
radar:2026-09-09:1230,2026-09-09T12:30:00-04:00,COMPLETED,47,VOO,OK,0.0,2.5,1.83,3.08,15.0,10.0,32.41,9.89,NO_VERIFIED_CATALYST,700.294,2244222.0,0.7293729924490321,
radar:2026-09-09:1230,2026-09-09T12:30:00-04:00,COMPLETED,48,V,OK,0.0,1.56,0.29,5.38,15.0,10.0,32.23,9.64,NO_VERIFIED_CATALYST,368.08,1605430.0,0.5359911835701765,
radar:2026-09-09:1230,2026-09-09T12:30:00-04:00,COMPLETED,49,MS,OK,0.0,2.04,0.44,4.64,15.0,10.0,32.12,9.5,NO_VERIFIED_CATALYST,215.645,964438.0,0.5544277754830507,
radar:2026-09-09:1230,2026-09-09T12:30:00-04:00,COMPLETED,50,NFLX,OK,0.0,2.74,1.58,2.78,15.0,10.0,32.1,9.46,NO_VERIFIED_CATALYST|RELATIVE_STRENGTH_NEGATIVE,76.32,9143298.0,0.6978500241521162,
radar:2026-09-09:1230,2026-09-09T12:30:00-04:00,COMPLETED,51,COIN,OK,0.0,2.43,1.49,3.18,15.0,10.0,32.09,9.45,NO_VERIFIED_CATALYST,178.01,3142215.0,0.6857854979545738,
radar:2026-09-09:1230,2026-09-09T12:30:00-04:00,COMPLETED,52,BA,OK,0.0,2.33,1.4,3.3,15.0,10.0,32.03,9.37,NO_VERIFIED_CATALYST,209.68,1537445.0,0.6750757151906521,
radar:2026-09-09:1230,2026-09-09T12:30:00-04:00,COMPLETED,53,NVDA,OK,0.0,3.87,1.72,1.32,15.0,10.0,31.91,9.22,NO_VERIFIED_CATALYST|RELATIVE_STRENGTH_NEGATIVE,223.86,42670284.0,0.7152569279672487,
radar:2026-09-09:1230,2026-09-09T12:30:00-04:00,COMPLETED,54,ADBE,OK,0.0,2.62,1.22,2.92,15.0,10.0,31.76,9.02,NO_VERIFIED_CATALYST|RELATIVE_STRENGTH_NEGATIVE,255.815,1322017.0,0.6523910609775593,
radar:2026-09-09:1230,2026-09-09T12:30:00-04:00,COMPLETED,55,LHX,OK,0.0,5.9,0.58,0.0,15.0,10.0,31.49,8.65,NO_VERIFIED_CATALYST|RELATIVE_STRENGTH_NEGATIVE,252.504,423821.0,0.5728704874037406,
radar:2026-09-09:1230,2026-09-09T12:30:00-04:00,COMPLETED,56,AMAT,OK,0.0,6.1,0.0,0.0,15.0,10.0,31.1,8.13,NO_VERIFIED_CATALYST|RELATIVE_STRENGTH_NEGATIVE,466.615,1525670.0,0.44638832110799415,
radar:2026-09-09:1230,2026-09-09T12:30:00-04:00,COMPLETED,57,SNPS,OK,0.0,1.51,0.0,4.35,15.0,10.0,30.86,7.82,NO_VERIFIED_CATALYST,390.76,405397.0,0.48944916996980836,
radar:2026-09-09:1230,2026-09-09T12:30:00-04:00,COMPLETED,58,PYPL,OK,0.0,3.69,0.52,1.56,15.0,10.0,30.76,7.68,NO_VERIFIED_CATALYST|RELATIVE_STRENGTH_NEGATIVE,52.76,3285124.0,0.5644218781427839,
radar:2026-09-09:1230,2026-09-09T12:30:00-04:00,COMPLETED,59,MSFT,OK,0.0,2.33,0.0,3.29,15.0,10.0,30.63,7.5,NO_VERIFIED_CATALYST,491.48,4975225.0,0.48164849856174835,
radar:2026-09-09:1230,2026-09-09T12:30:00-04:00,COMPLETED,60,WDAY,OK,0.0,5.54,0.0,0.0,15.0,10.0,30.54,7.38,NO_VERIFIED_CATALYST|RELATIVE_STRENGTH_NEGATIVE,184.07,746077.0,0.32905185786278685,
radar:2026-09-09:1240,2026-09-09T12:40:00-04:00,DATA_UNAVAILABLE,,NVDA,MISSING,,,,,,,,,PRICE_CROSS_CHECK_FAILED,,,,
radar:2026-09-09:1240,2026-09-09T12:40:00-04:00,DATA_UNAVAILABLE,,AVGO,MISSING,,,,,,,,,PRICE_CROSS_CHECK_FAILED,,,,
radar:2026-09-09:1240,2026-09-09T12:40:00-04:00,DATA_UNAVAILABLE,,DELL,MISSING,,,,,,,,,PRICE_CROSS_CHECK_FAILED,,,,
radar:2026-09-09:1240,2026-09-09T12:40:00-04:00,DATA_UNAVAILABLE,,AAPL,MISSING,,,,,,,,,PRICE_CROSS_CHECK_FAILED,,,,
radar:2026-09-09:1240,2026-09-09T12:40:00-04:00,DATA_UNAVAILABLE,,TXN,MISSING,,,,,,,,,PRICE_CROSS_CHECK_FAILED,,,,
radar:2026-09-09:1240,2026-09-09T12:40:00-04:00,DATA_UNAVAILABLE,,CDNS,MISSING,,,,,,,,,PRICE_CROSS_CHECK_FAILED,,,,
radar:2026-09-09:1240,2026-09-09T12:40:00-04:00,DATA_UNAVAILABLE,,SNPS,MISSING,,,,,,,,,PRICE_CROSS_CHECK_FAILED,,,,
radar:2026-09-09:1240,2026-09-09T12:40:00-04:00,DATA_UNAVAILABLE,,ORCL,MISSING,,,,,,,,,PRICE_CROSS_CHECK_FAILED,,,,
radar:2026-09-09:1240,2026-09-09T12:40:00-04:00,DATA_UNAVAILABLE,,NOW,MISSING,,,,,,,,,PRICE_CROSS_CHECK_FAILED,,,,
radar:2026-09-09:1240,2026-09-09T12:40:00-04:00,DATA_UNAVAILABLE,,ADBE,MISSING,,,,,,,,,PRICE_CROSS_CHECK_FAILED,,,,
radar:2026-09-09:1240,2026-09-09T12:40:00-04:00,DATA_UNAVAILABLE,,WDAY,MISSING,,,,,,,,,PRICE_CROSS_CHECK_FAILED,,,,
radar:2026-09-09:1240,2026-09-09T12:40:00-04:00,DATA_UNAVAILABLE,,MSFT,MISSING,,,,,,,,,PRICE_CROSS_CHECK_FAILED,,,,
radar:2026-09-09:1240,2026-09-09T12:40:00-04:00,DATA_UNAVAILABLE,,AMZN,MISSING,,,,,,,,,PRICE_CROSS_CHECK_FAILED,,,,
radar:2026-09-09:1240,2026-09-09T12:40:00-04:00,DATA_UNAVAILABLE,,BA,MISSING,,,,,,,,,PRICE_CROSS_CHECK_FAILED,,,,
radar:2026-09-09:1240,2026-09-09T12:40:00-04:00,DATA_UNAVAILABLE,,AMD,MISSING,,,,,,,,,PRICE_CROSS_CHECK_FAILED,,,,
radar:2026-09-09:1240,2026-09-09T12:40:00-04:00,DATA_UNAVAILABLE,,INTC,MISSING,,,,,,,,,PRICE_CROSS_CHECK_FAILED,,,,
radar:2026-09-09:1240,2026-09-09T12:40:00-04:00,DATA_UNAVAILABLE,,MRVL,MISSING,,,,,,,,,PRICE_CROSS_CHECK_FAILED,,,,
radar:2026-09-09:1240,2026-09-09T12:40:00-04:00,DATA_UNAVAILABLE,,MRNA,MISSING,,,,,,,,,PRICE_CROSS_CHECK_FAILED,,,,
radar:2026-09-09:1240,2026-09-09T12:40:00-04:00,DATA_UNAVAILABLE,,SNDK,MISSING,,,,,,,,,PRICE_CROSS_CHECK_FAILED,,,,
radar:2026-09-09:1240,2026-09-09T12:40:00-04:00,DATA_UNAVAILABLE,,GOOGL,MISSING,,,,,,,,,PRICE_CROSS_CHECK_FAILED,,,,
radar:2026-09-09:1240,2026-09-09T12:40:00-04:00,DATA_UNAVAILABLE,,GS,MISSING,,,,,,,,,PRICE_CROSS_CHECK_FAILED,,,,
radar:2026-09-09:1240,2026-09-09T12:40:00-04:00,DATA_UNAVAILABLE,,ABNB,MISSING,,,,,,,,,PRICE_CROSS_CHECK_FAILED,,,,
radar:2026-09-09:1240,2026-09-09T12:40:00-04:00,DATA_UNAVAILABLE,,DASH,MISSING,,,,,,,,,PRICE_CROSS_CHECK_FAILED,,,,
radar:2026-09-09:1240,2026-09-09T12:40:00-04:00,DATA_UNAVAILABLE,,MU,MISSING,,,,,,,,,PRICE_CROSS_CHECK_FAILED,,,,
radar:2026-09-09:1240,2026-09-09T12:40:00-04:00,DATA_UNAVAILABLE,,GE,MISSING,,,,,,,,,PRICE_CROSS_CHECK_FAILED,,,,
radar:2026-09-09:1240,2026-09-09T12:40:00-04:00,DATA_UNAVAILABLE,,JPM,MISSING,,,,,,,,,PRICE_CROSS_CHECK_FAILED,,,,
radar:2026-09-09:1240,2026-09-09T12:40:00-04:00,DATA_UNAVAILABLE,,BAC,MISSING,,,,,,,,,PRICE_CROSS_CHECK_FAILED,,,,
radar:2026-09-09:1240,2026-09-09T12:40:00-04:00,DATA_UNAVAILABLE,,MS,MISSING,,,,,,,,,PRICE_CROSS_CHECK_FAILED,,,,
radar:2026-09-09:1240,2026-09-09T12:40:00-04:00,DATA_UNAVAILABLE,,WMT,MISSING,,,,,,,,,PRICE_CROSS_CHECK_FAILED,,,,
radar:2026-09-09:1240,2026-09-09T12:40:00-04:00,DATA_UNAVAILABLE,,COIN,MISSING,,,,,,,,,PRICE_CROSS_CHECK_FAILED,,,,
radar:2026-09-09:1240,2026-09-09T12:40:00-04:00,DATA_UNAVAILABLE,,HOOD,MISSING,,,,,,,,,PRICE_CROSS_CHECK_FAILED,,,,
radar:2026-09-09:1240,2026-09-09T12:40:00-04:00,DATA_UNAVAILABLE,,PLTR,MISSING,,,,,,,,,PRICE_CROSS_CHECK_FAILED,,,,
radar:2026-09-09:1240,2026-09-09T12:40:00-04:00,DATA_UNAVAILABLE,,MSTR,MISSING,,,,,,,,,PRICE_CROSS_CHECK_FAILED,,,,
radar:2026-09-09:1240,2026-09-09T12:40:00-04:00,DATA_UNAVAILABLE,,META,MISSING,,,,,,,,,PRICE_CROSS_CHECK_FAILED,,,,
radar:2026-09-09:1240,2026-09-09T12:40:00-04:00,DATA_UNAVAILABLE,,NFLX,MISSING,,,,,,,,,PRICE_CROSS_CHECK_FAILED,,,,
radar:2026-09-09:1240,2026-09-09T12:40:00-04:00,DATA_UNAVAILABLE,,UBER,MISSING,,,,,,,,,PRICE_CROSS_CHECK_FAILED,,,,
radar:2026-09-09:1240,2026-09-09T12:40:00-04:00,DATA_UNAVAILABLE,,PYPL,MISSING,,,,,,,,,PRICE_CROSS_CHECK_FAILED,,,,
radar:2026-09-09:1240,2026-09-09T12:40:00-04:00,DATA_UNAVAILABLE,,V,MISSING,,,,,,,,,PRICE_CROSS_CHECK_FAILED,,,,
radar:2026-09-09:1240,2026-09-09T12:40:00-04:00,DATA_UNAVAILABLE,,EBAY,MISSING,,,,,,,,,PRICE_CROSS_CHECK_FAILED,,,,
radar:2026-09-09:1240,2026-09-09T12:40:00-04:00,DATA_UNAVAILABLE,,DIS,MISSING,,,,,,,,,PRICE_CROSS_CHECK_FAILED,,,,
radar:2026-09-09:1240,2026-09-09T12:40:00-04:00,DATA_UNAVAILABLE,,PG,MISSING,,,,,,,,,PRICE_CROSS_CHECK_FAILED,,,,
radar:2026-09-09:1240,2026-09-09T12:40:00-04:00,DATA_UNAVAILABLE,,CVX,MISSING,,,,,,,,,PRICE_CROSS_CHECK_FAILED,,,,
radar:2026-09-09:1240,2026-09-09T12:40:00-04:00,DATA_UNAVAILABLE,,QCOM,MISSING,,,,,,,,,PRICE_CROSS_CHECK_FAILED,,,,
radar:2026-09-09:1240,2026-09-09T12:40:00-04:00,DATA_UNAVAILABLE,,AMAT,MISSING,,,,,,,,,PRICE_CROSS_CHECK_FAILED,,,,
radar:2026-09-09:1240,2026-09-09T12:40:00-04:00,DATA_UNAVAILABLE,,TSLA,MISSING,,,,,,,,,PRICE_CROSS_CHECK_FAILED,,,,
radar:2026-09-09:1240,2026-09-09T12:40:00-04:00,DATA_UNAVAILABLE,,CSCO,MISSING,,,,,,,,,PRICE_CROSS_CHECK_FAILED,,,,
radar:2026-09-09:1240,2026-09-09T12:40:00-04:00,DATA_UNAVAILABLE,,ALAB,MISSING,,,,,,,,,PRICE_CROSS_CHECK_FAILED,,,,
radar:2026-09-09:1240,2026-09-09T12:40:00-04:00,DATA_UNAVAILABLE,,IBKR,MISSING,,,,,,,,,PRICE_CROSS_CHECK_FAILED,,,,
radar:2026-09-09:1240,2026-09-09T12:40:00-04:00,DATA_UNAVAILABLE,,LHX,MISSING,,,,,,,,,PRICE_CROSS_CHECK_FAILED,,,,
radar:2026-09-09:1240,2026-09-09T12:40:00-04:00,DATA_UNAVAILABLE,,NOC,MISSING,,,,,,,,,PRICE_CROSS_CHECK_FAILED,,,,
radar:2026-09-09:1240,2026-09-09T12:40:00-04:00,DATA_UNAVAILABLE,,ONDS,MISSING,,,,,,,,,PRICE_CROSS_CHECK_FAILED,,,,
radar:2026-09-09:1240,2026-09-09T12:40:00-04:00,DATA_UNAVAILABLE,,SPY,MISSING,,,,,,,,,PRICE_CROSS_CHECK_FAILED,,,,
radar:2026-09-09:1240,2026-09-09T12:40:00-04:00,DATA_UNAVAILABLE,,QQQ,MISSING,,,,,,,,,PRICE_CROSS_CHECK_FAILED,,,,
radar:2026-09-09:1240,2026-09-09T12:40:00-04:00,DATA_UNAVAILABLE,,VOO,MISSING,,,,,,,,,PRICE_CROSS_CHECK_FAILED,,,,
radar:2026-09-09:1240,2026-09-09T12:40:00-04:00,DATA_UNAVAILABLE,,IBIT,MISSING,,,,,,,,,PRICE_CROSS_CHECK_FAILED,,,,
radar:2026-09-09:1240,2026-09-09T12:40:00-04:00,DATA_UNAVAILABLE,,XLE,MISSING,,,,,,,,,PRICE_CROSS_CHECK_FAILED,,,,
radar:2026-09-09:1240,2026-09-09T12:40:00-04:00,DATA_UNAVAILABLE,,GLTR,MISSING,,,,,,,,,PRICE_CROSS_CHECK_FAILED,,,,
radar:2026-09-09:1240,2026-09-09T12:40:00-04:00,DATA_UNAVAILABLE,,REMX,MISSING,,,,,,,,,PRICE_CROSS_CHECK_FAILED,,,,
radar:2026-09-09:1240,2026-09-09T12:40:00-04:00,DATA_UNAVAILABLE,,ITA,MISSING,,,,,,,,,PRICE_CROSS_CHECK_FAILED,,,,
radar:2026-09-09:1240,2026-09-09T12:40:00-04:00,DATA_UNAVAILABLE,,XAR,MISSING,,,,,,,,,PRICE_CROSS_CHECK_FAILED,,,,
radar:2026-09-09:1250,2026-09-09T12:50:00-04:00,COMPLETED,1,META,OK,0.0,16.25,16.96,15.0,15.0,10.0,73.21,64.28,NO_VERIFIED_CATALYST,650.675,21767958.0,2.62007676405711,84ec7316-02e5-450c-ab46-c5dc03d71ff0
radar:2026-09-09:1250,2026-09-09T12:50:00-04:00,COMPLETED,2,AMD,OK,0.0,18.6,9.17,15.0,15.0,10.0,67.77,57.02,NO_VERIFIED_CATALYST|RISK_TOO_SMALL,523.9,15137283.0,1.646357518227997,
radar:2026-09-09:1250,2026-09-09T12:50:00-04:00,COMPLETED,3,MRVL,OK,0.0,16.33,4.78,15.0,15.0,10.0,61.11,48.15,NO_VERIFIED_CATALYST|SCORE_BELOW_PLAN_THRESHOLD,237.3,13760498.0,1.0974877033729336,
radar:2026-09-09:1250,2026-09-09T12:50:00-04:00,COMPLETED,4,ALAB,OK,0.0,16.49,3.9,15.0,15.0,10.0,60.4,47.19,NO_VERIFIED_CATALYST|ADV_TOO_LOW,303.36,1776880.0,0.987839210844421,
radar:2026-09-09:1250,2026-09-09T12:50:00-04:00,COMPLETED,5,INTC,OK,0.0,13.59,5.2,15.0,15.0,10.0,58.8,45.06,NO_VERIFIED_CATALYST|SCORE_BELOW_PLAN_THRESHOLD,106.17,58878767.0,1.150287852376659,
radar:2026-09-09:1250,2026-09-09T12:50:00-04:00,COMPLETED,6,SNDK,OK,0.0,14.15,3.75,15.0,15.0,10.0,57.91,43.87,NO_VERIFIED_CATALYST,1782.1,6611813.0,0.969293290871837,
radar:2026-09-09:1250,2026-09-09T12:50:00-04:00,COMPLETED,7,GLTR,OK,0.0,9.2,7.17,15.0,15.0,10.0,56.37,41.82,NO_VERIFIED_CATALYST,202.175,42176.0,1.3964314261816284,
radar:2026-09-09:1250,2026-09-09T12:50:00-04:00,COMPLETED,8,MU,OK,0.0,10.7,4.9,15.0,15.0,10.0,55.6,40.8,NO_VERIFIED_CATALYST,1023.2,15763457.0,1.112114784915897,
radar:2026-09-09:1250,2026-09-09T12:50:00-04:00,COMPLETED,9,DELL,OK,0.0,9.15,4.56,15.0,15.0,10.0,53.71,38.28,NO_VERIFIED_CATALYST,544.35,4610663.0,1.0699932789436886,
radar:2026-09-09:1250,2026-09-09T12:50:00-04:00,COMPLETED,10,EBAY,OK,0.0,9.32,7.19,9.81,15.0,10.0,51.32,35.1,NO_VERIFIED_CATALYST,105.335,3040385.0,1.3983680608533473,
radar:2026-09-09:1250,2026-09-09T12:50:00-04:00,COMPLETED,11,QCOM,OK,0.0,6.03,6.78,13.29,15.0,10.0,51.1,34.8,NO_VERIFIED_CATALYST,176.34,6865884.0,1.3472962958250625,
radar:2026-09-09:1250,2026-09-09T12:50:00-04:00,COMPLETED,12,CVX,OK,0.0,6.62,4.74,14.05,15.0,10.0,50.4,33.87,NO_VERIFIED_CATALYST,212.775,4196851.0,1.091931952523275,
radar:2026-09-09:1250,2026-09-09T12:50:00-04:00,COMPLETED,13,TXN,OK,0.0,11.23,0.14,13.54,15.0,10.0,49.92,33.22,NO_VERIFIED_CATALYST,262.375,1445934.0,0.5178961263877448,
radar:2026-09-09:1250,2026-09-09T12:50:00-04:00,COMPLETED,14,GE,OK,0.0,14.34,6.76,0.0,15.0,10.0,46.11,28.15,NO_VERIFIED_CATALYST|RELATIVE_STRENGTH_NEGATIVE,325.55,2416079.0,1.3456183489700044,
radar:2026-09-09:1250,2026-09-09T12:50:00-04:00,COMPLETED,15,BAC,OK,0.0,6.95,4.38,9.67,15.0,10.0,46.01,28.02,NO_VERIFIED_CATALYST,62.82,15696110.0,1.048023733529432,
radar:2026-09-09:1250,2026-09-09T12:50:00-04:00,COMPLETED,16,GOOGL,OK,0.0,12.31,8.37,0.0,15.0,10.0,45.69,27.58,NO_VERIFIED_CATALYST|RELATIVE_STRENGTH_NEGATIVE,329.849,17796033.0,1.546408728090551,
radar:2026-09-09:1250,2026-09-09T12:50:00-04:00,COMPLETED,17,ITA,OK,0.0,5.81,13.35,0.0,15.0,10.0,44.17,25.56,NO_VERIFIED_CATALYST|RELATIVE_STRENGTH_NEGATIVE,220.745,629954.0,2.1691000782449885,
radar:2026-09-09:1250,2026-09-09T12:50:00-04:00,COMPLETED,18,XLE,OK,0.0,2.59,5.21,8.87,15.0,10.0,41.68,22.23,NO_VERIFIED_CATALYST,65.13,15001019.0,1.1511406997789504,
radar:2026-09-09:1250,2026-09-09T12:50:00-04:00,COMPLETED,19,DASH,OK,0.0,11.14,4.95,0.0,15.0,10.0,41.09,21.45,LIQUIDITY_WEAK|NO_VERIFIED_CATALYST|RELATIVE_STRENGTH_NEGATIVE,197.62,2294164.0,1.1182098070872342,
radar:2026-09-09:1250,2026-09-09T12:50:00-04:00,COMPLETED,20,UBER,OK,0.0,9.73,6.01,0.0,15.0,10.0,40.74,20.99,NO_VERIFIED_CATALYST|RELATIVE_STRENGTH_NEGATIVE,71.605,9884350.0,1.2515406455853149,
radar:2026-09-09:1250,2026-09-09T12:50:00-04:00,COMPLETED,21,TSLA,OK,0.0,2.26,4.43,8.44,15.0,10.0,40.13,20.17,NO_VERIFIED_CATALYST,369.94,21216389.0,1.053908857286201,
radar:2026-09-09:1250,2026-09-09T12:50:00-04:00,COMPLETED,22,JPM,OK,0.0,4.55,2.07,8.25,15.0,10.0,39.87,19.83,NO_VERIFIED_CATALYST,355.11,2128306.0,0.7584666783494768,
radar:2026-09-09:1250,2026-09-09T12:50:00-04:00,COMPLETED,23,CDNS,OK,0.0,4.3,1.45,8.82,15.0,10.0,39.57,19.43,NO_VERIFIED_CATALYST,285.665,829355.0,0.6811001945942877,
radar:2026-09-09:1250,2026-09-09T12:50:00-04:00,COMPLETED,24,AMZN,OK,0.0,9.63,4.03,0.0,15.0,10.0,38.67,18.22,NO_VERIFIED_CATALYST|RELATIVE_STRENGTH_NEGATIVE,251.665,16671486.0,1.0039862659315273,
radar:2026-09-09:1250,2026-09-09T12:50:00-04:00,COMPLETED,25,ABNB,OK,0.0,11.38,1.67,0.0,15.0,10.0,38.05,17.4,NO_VERIFIED_CATALYST|RELATIVE_STRENGTH_NEGATIVE,170.48,1813464.0,0.709004681851387,
radar:2026-09-09:1250,2026-09-09T12:50:00-04:00,COMPLETED,26,PG,OK,0.0,9.15,3.57,0.0,15.0,10.0,37.72,16.97,NO_VERIFIED_CATALYST|RELATIVE_STRENGTH_NEGATIVE,142.725,4324630.0,0.946524125855064,
radar:2026-09-09:1250,2026-09-09T12:50:00-04:00,COMPLETED,27,CSCO,OK,0.0,3.43,0.0,9.11,15.0,10.0,37.54,16.72,NO_VERIFIED_CATALYST,109.82,4258348.0,0.43192883386025427,
radar:2026-09-09:1250,2026-09-09T12:50:00-04:00,COMPLETED,28,IBIT,OK,0.0,2.1,2.18,8.24,15.0,10.0,37.52,16.69,NO_VERIFIED_CATALYST,44.59,23530372.0,0.7721378618121986,
radar:2026-09-09:1250,2026-09-09T12:50:00-04:00,COMPLETED,29,GS,OK,0.0,5.45,2.97,3.7,15.0,10.0,37.12,16.16,NO_VERIFIED_CATALYST,1033.35,797648.0,0.871613060456045,
radar:2026-09-09:1250,2026-09-09T12:50:00-04:00,COMPLETED,30,IBKR,OK,0.0,3.6,0.0,8.24,15.0,10.0,36.84,15.79,NO_VERIFIED_CATALYST,91.38,803513.0,0.4234065011604586,
radar:2026-09-09:1250,2026-09-09T12:50:00-04:00,COMPLETED,31,AVGO,OK,0.0,9.22,2.4,0.0,15.0,10.0,36.62,15.49,NO_VERIFIED_CATALYST|RELATIVE_STRENGTH_NEGATIVE,361.28,9961076.0,0.7998540028837018,
radar:2026-09-09:1250,2026-09-09T12:50:00-04:00,COMPLETED,32,XAR,OK,0.0,8.17,3.37,0.0,15.0,10.0,36.54,15.39,NO_VERIFIED_CATALYST|RELATIVE_STRENGTH_NEGATIVE,248.835,99110.0,0.9210705483967734,
radar:2026-09-09:1250,2026-09-09T12:50:00-04:00,COMPLETED,33,PLTR,OK,0.0,3.11,1.04,7.33,15.0,10.0,36.48,15.31,NO_VERIFIED_CATALYST,170.81,10184353.0,0.6302163197707955,
radar:2026-09-09:1250,2026-09-09T12:50:00-04:00,COMPLETED,34,NOW,OK,0.0,10.41,0.62,0.0,15.0,10.0,36.03,14.71,NO_VERIFIED_CATALYST|RELATIVE_STRENGTH_NEGATIVE,131.215,5152645.0,0.5772869172052855,
radar:2026-09-09:1250,2026-09-09T12:50:00-04:00,COMPLETED,35,ONDS,OK,0.0,7.66,3.29,0.0,15.0,10.0,35.95,14.6,NO_VERIFIED_CATALYST|RELATIVE_STRENGTH_NEGATIVE,7.495,32058341.0,0.9113722427001918,
radar:2026-09-09:1250,2026-09-09T12:50:00-04:00,COMPLETED,36,REMX,OK,0.0,1.71,4.04,4.68,15.0,10.0,35.43,13.91,NO_VERIFIED_CATALYST,76.62,287204.0,1.0052326612502565,
radar:2026-09-09:1250,2026-09-09T12:50:00-04:00,COMPLETED,37,MRNA,OK,0.0,9.84,0.0,0.0,15.0,10.0,34.84,13.12,NO_VERIFIED_CATALYST|RELATIVE_STRENGTH_NEGATIVE,137.37,4494362.0,0.2602568234217251,
radar:2026-09-09:1250,2026-09-09T12:50:00-04:00,COMPLETED,38,HOOD,OK,0.0,2.41,4.41,2.44,15.0,10.0,34.26,12.35,NO_VERIFIED_CATALYST|RELATIVE_STRENGTH_NEGATIVE,116.735,11578321.0,1.0511162096366071,
radar:2026-09-09:1250,2026-09-09T12:50:00-04:00,COMPLETED,39,QQQ,OK,0.0,1.07,3.86,4.17,15.0,10.0,34.09,12.12,NO_VERIFIED_CATALYST,716.72,15556278.0,0.9819849530319438,
radar:2026-09-09:1250,2026-09-09T12:50:00-04:00,COMPLETED,40,NOC,OK,0.0,1.84,3.79,3.17,15.0,10.0,33.8,11.73,NO_VERIFIED_CATALYST,516.53,352090.0,0.9735853680600769,
radar:2026-09-09:1250,2026-09-09T12:50:00-04:00,COMPLETED,41,MSTR,OK,0.0,6.46,2.08,0.0,15.0,10.0,33.54,11.39,NO_VERIFIED_CATALYST|RELATIVE_STRENGTH_NEGATIVE,134.63,10958254.0,0.7604664497831016,
radar:2026-09-09:1250,2026-09-09T12:50:00-04:00,COMPLETED,42,ORCL,OK,0.0,1.78,3.49,3.25,15.0,10.0,33.52,11.36,NO_VERIFIED_CATALYST,161.9,11226925.0,0.9361481522149434,
radar:2026-09-09:1250,2026-09-09T12:50:00-04:00,COMPLETED,43,AAPL,OK,0.0,3.7,3.55,0.78,15.0,10.0,33.03,10.71,NO_VERIFIED_CATALYST|RELATIVE_STRENGTH_NEGATIVE,313.71,18963214.0,0.9436471186065437,
radar:2026-09-09:1250,2026-09-09T12:50:00-04:00,COMPLETED,44,MS,OK,0.0,2.28,0.17,5.21,15.0,10.0,32.65,10.2,NO_VERIFIED_CATALYST,216.12,1006939.0,0.520974647722699,
radar:2026-09-09:1250,2026-09-09T12:50:00-04:00,COMPLETED,45,V,OK,0.0,1.7,0.09,5.51,15.0,10.0,32.29,9.73,NO_VERIFIED_CATALYST,368.62,1701323.0,0.511205840977824,
radar:2026-09-09:1250,2026-09-09T12:50:00-04:00,COMPLETED,46,SPY,OK,0.0,1.97,1.85,3.0,15.0,10.0,31.83,9.1,NO_VERIFIED_CATALYST,762.72,13732593.0,0.7317325134923353,
radar:2026-09-09:1250,2026-09-09T12:50:00-04:00,COMPLETED,47,DIS,OK,0.0,4.27,0.95,1.48,15.0,10.0,31.7,8.93,NO_VERIFIED_CATALYST|RELATIVE_STRENGTH_NEGATIVE,104.35,2387278.0,0.6183278786024304,
radar:2026-09-09:1250,2026-09-09T12:50:00-04:00,COMPLETED,48,WMT,OK,0.0,1.66,0.0,4.86,15.0,10.0,31.52,8.69,NO_VERIFIED_CATALYST,105.93,6489635.0,0.4503039977828747,
radar:2026-09-09:1250,2026-09-09T12:50:00-04:00,COMPLETED,49,VOO,OK,0.0,1.94,1.48,3.05,15.0,10.0,31.46,8.61,NO_VERIFIED_CATALYST,701.15,2339950.0,0.684436563942653,
radar:2026-09-09:1250,2026-09-09T12:50:00-04:00,COMPLETED,50,SNPS,OK,0.0,0.65,0.0,5.57,15.0,10.0,31.22,8.29,NO_VERIFIED_CATALYST,392.05,434879.0,0.4725396599764464,
radar:2026-09-09:1250,2026-09-09T12:50:00-04:00,COMPLETED,51,LHX,OK,0.0,5.82,0.38,0.0,15.0,10.0,31.2,8.26,NO_VERIFIED_CATALYST|RELATIVE_STRENGTH_NEGATIVE,252.55,449664.0,0.5470220831726466,
radar:2026-09-09:1250,2026-09-09T12:50:00-04:00,COMPLETED,52,NFLX,OK,0.0,2.71,1.37,2.06,15.0,10.0,31.14,8.18,NO_VERIFIED_CATALYST|RELATIVE_STRENGTH_NEGATIVE,76.325,9776737.0,0.6715771607405573,
radar:2026-09-09:1250,2026-09-09T12:50:00-04:00,COMPLETED,53,ADBE,OK,0.0,1.52,0.96,3.58,15.0,10.0,31.07,8.09,NO_VERIFIED_CATALYST,256.42,1396740.0,0.620339298830803,
radar:2026-09-09:1250,2026-09-09T12:50:00-04:00,COMPLETED,54,BA,OK,0.0,2.61,1.15,2.18,15.0,10.0,30.94,7.92,NO_VERIFIED_CATALYST|RELATIVE_STRENGTH_NEGATIVE,209.55,1628158.0,0.6434165186189654,
radar:2026-09-09:1250,2026-09-09T12:50:00-04:00,COMPLETED,55,NVDA,OK,0.0,3.33,1.34,1.26,15.0,10.0,30.93,7.9,NO_VERIFIED_CATALYST|RELATIVE_STRENGTH_NEGATIVE,224.12,44242718.0,0.6674536331500367,
radar:2026-09-09:1250,2026-09-09T12:50:00-04:00,COMPLETED,56,MSFT,OK,0.0,1.72,0.0,3.92,15.0,10.0,30.64,7.52,NO_VERIFIED_CATALYST,492.618,5196316.0,0.45274722864884126,
radar:2026-09-09:1250,2026-09-09T12:50:00-04:00,COMPLETED,57,COIN,OK,0.0,3.44,1.08,1.11,15.0,10.0,30.64,7.51,NO_VERIFIED_CATALYST|RELATIVE_STRENGTH_NEGATIVE,177.62,3233705.0,0.6351781644640796,
radar:2026-09-09:1250,2026-09-09T12:50:00-04:00,COMPLETED,58,AMAT,OK,0.0,4.94,0.0,0.42,15.0,10.0,30.36,7.15,NO_VERIFIED_CATALYST|RELATIVE_STRENGTH_NEGATIVE,468.755,1608989.0,0.4236898443406457,
radar:2026-09-09:1250,2026-09-09T12:50:00-04:00,COMPLETED,59,PYPL,OK,0.0,3.5,0.23,1.14,15.0,10.0,29.87,6.49,NO_VERIFIED_CATALYST|RELATIVE_STRENGTH_NEGATIVE,52.79,3420599.0,0.5289285373028283,
radar:2026-09-09:1250,2026-09-09T12:50:00-04:00,COMPLETED,60,WDAY,OK,0.0,3.71,0.0,1.03,15.0,10.0,29.74,6.31,NO_VERIFIED_CATALYST|RELATIVE_STRENGTH_NEGATIVE,184.88,806002.0,0.3199333968566963,
radar:2026-09-09:1300,2026-09-09T13:00:00-04:00,COMPLETED,1,META,OK,0.0,16.35,16.28,15.0,15.0,10.0,72.63,63.51,NO_VERIFIED_CATALYST,650.83,22189640.0,2.535182400430779,114be58e-0ca3-44b3-b6b5-5a09af7aa9ce
radar:2026-09-09:1300,2026-09-09T13:00:00-04:00,COMPLETED,2,AMD,OK,0.0,17.72,8.66,15.0,15.0,10.0,66.39,55.18,NO_VERIFIED_CATALYST|RISK_TOO_SMALL,523.195,15329807.0,1.5826159491728202,
radar:2026-09-09:1300,2026-09-09T13:00:00-04:00,COMPLETED,3,MRVL,OK,0.0,16.41,4.42,15.0,15.0,10.0,60.83,47.78,NO_VERIFIED_CATALYST|SCORE_BELOW_PLAN_THRESHOLD,237.34,13910313.0,1.0530889209096022,
radar:2026-09-09:1300,2026-09-09T13:00:00-04:00,COMPLETED,4,ALAB,OK,0.0,15.31,3.67,15.0,15.0,10.0,58.98,45.3,NO_VERIFIED_CATALYST|ADV_TOO_LOW,302.795,1816326.0,0.9584833908093798,
radar:2026-09-09:1300,2026-09-09T13:00:00-04:00,COMPLETED,5,GLTR,OK,0.0,9.23,6.25,15.0,15.0,10.0,55.48,40.64,NO_VERIFIED_CATALYST|ADV_TOO_LOW,202.175,40762.0,1.2810684631395757,
radar:2026-09-09:1300,2026-09-09T13:00:00-04:00,COMPLETED,6,MU,OK,0.0,9.68,4.56,15.0,15.0,10.0,54.23,38.98,NO_VERIFIED_CATALYST,1021.0,15975467.0,1.0698289368926135,
radar:2026-09-09:1300,2026-09-09T13:00:00-04:00,COMPLETED,7,DELL,OK,0.0,9.25,4.24,15.0,15.0,10.0,53.48,37.98,NO_VERIFIED_CATALYST,544.46,4673792.0,1.0295553043914911,
radar:2026-09-09:1300,2026-09-09T13:00:00-04:00,COMPLETED,8,SNDK,OK,0.0,9.94,3.47,15.0,15.0,10.0,53.41,37.88,NO_VERIFIED_CATALYST,1775.015,6710809.0,0.9338393130056745,
radar:2026-09-09:1300,2026-09-09T13:00:00-04:00,COMPLETED,9,CVX,OK,0.0,6.58,4.47,14.17,15.0,10.0,50.22,33.63,NO_VERIFIED_CATALYST,212.76,4287210.0,1.0587889763154457,
radar:2026-09-09:1300,2026-09-09T13:00:00-04:00,COMPLETED,10,TXN,OK,0.0,11.25,0.04,13.8,15.0,10.0,50.09,33.45,NO_VERIFIED_CATALYST,262.415,1484708.0,0.5047750395365683,
radar:2026-09-09:1300,2026-09-09T13:00:00-04:00,COMPLETED,11,QCOM,OK,0.0,5.27,6.42,12.47,15.0,10.0,49.16,32.22,NO_VERIFIED_CATALYST,176.055,6992967.0,1.3025390819600826,
radar:2026-09-09:1300,2026-09-09T13:00:00-04:00,COMPLETED,12,EBAY,OK,0.0,8.03,6.96,8.31,15.0,10.0,48.3,31.07,NO_VERIFIED_CATALYST,105.045,3137289.0,1.3696514814595842,
radar:2026-09-09:1300,2026-09-09T13:00:00-04:00,COMPLETED,13,GE,OK,0.0,14.12,6.4,0.0,15.0,10.0,45.52,27.35,NO_VERIFIED_CATALYST|RELATIVE_STRENGTH_NEGATIVE,325.085,2458680.0,1.299796635768954,
radar:2026-09-09:1300,2026-09-09T13:00:00-04:00,COMPLETED,14,GOOGL,OK,0.0,12.47,7.99,0.0,15.0,10.0,45.45,27.27,NO_VERIFIED_CATALYST|RELATIVE_STRENGTH_NEGATIVE,330.24,18166286.0,1.4984072547951488,
radar:2026-09-09:1300,2026-09-09T13:00:00-04:00,COMPLETED,15,INTC,OK,0.0,4.97,4.97,10.35,15.0,10.0,45.29,27.05,LIQUIDITY_WEAK|NO_VERIFIED_CATALYST,105.28,60437718.0,1.1207752057121412,
radar:2026-09-09:1300,2026-09-09T13:00:00-04:00,COMPLETED,16,ITA,OK,0.0,6.57,12.67,0.0,15.0,10.0,44.23,25.64,NO_VERIFIED_CATALYST|RELATIVE_STRENGTH_NEGATIVE,220.385,637459.0,2.083462266071991,
radar:2026-09-09:1300,2026-09-09T13:00:00-04:00,COMPLETED,17,BAC,OK,0.0,5.77,4.12,9.21,15.0,10.0,44.11,25.48,NO_VERIFIED_CATALYST,62.755,16023515.0,1.0155457791544786,
radar:2026-09-09:1300,2026-09-09T13:00:00-04:00,COMPLETED,18,XLE,OK,0.0,2.49,4.94,8.9,15.0,10.0,41.33,21.77,NO_VERIFIED_CATALYST,65.115,15347790.0,1.1179339012204348,
radar:2026-09-09:1300,2026-09-09T13:00:00-04:00,COMPLETED,19,UBER,OK,0.0,10.43,5.76,0.0,15.0,10.0,41.19,21.59,NO_VERIFIED_CATALYST|RELATIVE_STRENGTH_NEGATIVE,71.495,10151739.0,1.2201126138171556,
radar:2026-09-09:1300,2026-09-09T13:00:00-04:00,COMPLETED,20,DASH,OK,0.0,10.48,4.63,0.0,15.0,10.0,40.11,20.15,NO_VERIFIED_CATALYST|RELATIVE_STRENGTH_NEGATIVE,196.785,2332564.0,1.0791828497679794,
radar:2026-09-09:1300,2026-09-09T13:00:00-04:00,COMPLETED,21,JPM,OK,0.0,3.63,2.02,7.96,15.0,10.0,38.61,18.15,NO_VERIFIED_CATALYST,354.84,2223646.0,0.7521954741504893,
radar:2026-09-09:1300,2026-09-09T13:00:00-04:00,COMPLETED,22,CDNS,OK,0.0,3.48,1.3,8.55,15.0,10.0,38.34,17.79,NO_VERIFIED_CATALYST,285.46,850140.0,0.6627101432638839,
radar:2026-09-09:1300,2026-09-09T13:00:00-04:00,COMPLETED,23,CSCO,OK,0.0,3.79,0.0,9.49,15.0,10.0,38.29,17.71,NO_VERIFIED_CATALYST,109.86,4387026.0,0.42238052460284536,
radar:2026-09-09:1300,2026-09-09T13:00:00-04:00,COMPLETED,24,ABNB,OK,0.0,11.68,1.51,0.0,15.0,10.0,38.2,17.6,NO_VERIFIED_CATALYST|RELATIVE_STRENGTH_NEGATIVE,170.17,1857526.0,0.6893466919418937,
radar:2026-09-09:1300,2026-09-09T13:00:00-04:00,COMPLETED,25,AMZN,OK,0.0,9.1,3.79,0.0,15.0,10.0,37.89,17.18,NO_VERIFIED_CATALYST|RELATIVE_STRENGTH_NEGATIVE,251.96,17031211.0,0.9735575281742572,
radar:2026-09-09:1300,2026-09-09T13:00:00-04:00,COMPLETED,26,PG,OK,0.0,9.55,3.32,0.0,15.0,10.0,37.88,17.17,NO_VERIFIED_CATALYST|RELATIVE_STRENGTH_NEGATIVE,142.6,4405791.0,0.9153122040192299,
radar:2026-09-09:1300,2026-09-09T13:00:00-04:00,COMPLETED,27,IBIT,OK,0.0,2.04,1.92,8.32,15.0,10.0,37.28,16.38,NO_VERIFIED_CATALYST,44.584,23752147.0,0.7398293527197032,
radar:2026-09-09:1300,2026-09-09T13:00:00-04:00,COMPLETED,28,XAR,OK,0.0,8.83,3.16,0.0,15.0,10.0,36.98,15.97,NO_VERIFIED_CATALYST|RELATIVE_STRENGTH_NEGATIVE,248.48,101390.0,0.8944028465968753,
radar:2026-09-09:1300,2026-09-09T13:00:00-04:00,COMPLETED,29,PLTR,OK,0.0,3.31,0.9,7.64,15.0,10.0,36.84,15.79,NO_VERIFIED_CATALYST,170.85,10417940.0,0.6119285037663005,
radar:2026-09-09:1300,2026-09-09T13:00:00-04:00,COMPLETED,30,TSLA,OK,0.0,0.8,4.18,6.73,15.0,10.0,36.71,15.61,NO_VERIFIED_CATALYST,368.79,21683406.0,1.0224020616846383,
radar:2026-09-09:1300,2026-09-09T13:00:00-04:00,COMPLETED,31,GS,OK,0.0,5.2,2.75,3.11,15.0,10.0,36.06,14.75,NO_VERIFIED_CATALYST,1032.045,813497.0,0.8437835111880069,
radar:2026-09-09:1300,2026-09-09T13:00:00-04:00,COMPLETED,32,ONDS,OK,0.0,7.66,3.28,0.0,15.0,10.0,35.93,14.58,NO_VERIFIED_CATALYST|RELATIVE_STRENGTH_NEGATIVE,7.495,33713203.0,0.9097402271261233,
radar:2026-09-09:1300,2026-09-09T13:00:00-04:00,COMPLETED,33,ORCL,OK,0.0,1.7,3.32,5.73,15.0,10.0,35.75,14.34,NO_VERIFIED_CATALYST,162.528,11566116.0,0.9154485407412628,
radar:2026-09-09:1300,2026-09-09T13:00:00-04:00,COMPLETED,34,SNPS,OK,0.0,3.26,0.0,7.23,15.0,10.0,35.5,14.0,NO_VERIFIED_CATALYST,393.03,450354.0,0.4645008174041165,
radar:2026-09-09:1300,2026-09-09T13:00:00-04:00,COMPLETED,35,REMX,OK,0.0,1.73,3.69,4.92,15.0,10.0,35.33,13.78,NO_VERIFIED_CATALYST,76.63,289283.0,0.9610846687626629,
radar:2026-09-09:1300,2026-09-09T13:00:00-04:00,COMPLETED,36,NOW,OK,0.0,9.74,0.51,0.0,15.0,10.0,35.25,13.67,NO_VERIFIED_CATALYST|RELATIVE_STRENGTH_NEGATIVE,131.41,5306635.0,0.5643432572633286,
radar:2026-09-09:1300,2026-09-09T13:00:00-04:00,COMPLETED,37,AVGO,OK,0.0,8.0,2.22,0.0,15.0,10.0,35.22,13.63,NO_VERIFIED_CATALYST|RELATIVE_STRENGTH_NEGATIVE,362.24,10195727.0,0.7771150097537571,
radar:2026-09-09:1300,2026-09-09T13:00:00-04:00,COMPLETED,38,MRNA,OK,0.0,9.38,0.0,0.0,15.0,10.0,34.38,12.5,NO_VERIFIED_CATALYST|RELATIVE_STRENGTH_NEGATIVE,137.51,4598471.0,0.25276105349924066,
radar:2026-09-09:1300,2026-09-09T13:00:00-04:00,COMPLETED,39,IBKR,OK,0.0,1.79,0.0,7.42,15.0,10.0,34.2,12.27,NO_VERIFIED_CATALYST,91.23,846927.0,0.42361684651796444,
radar:2026-09-09:1300,2026-09-09T13:00:00-04:00,COMPLETED,40,HOOD,OK,0.0,2.31,4.15,2.74,15.0,10.0,34.19,12.25,NO_VERIFIED_CATALYST|RELATIVE_STRENGTH_NEGATIVE,116.76,11816821.0,1.0182828623273303,
radar:2026-09-09:1300,2026-09-09T13:00:00-04:00,COMPLETED,41,QQQ,OK,0.0,1.31,3.68,4.01,15.0,10.0,34.01,12.02,NO_VERIFIED_CATALYST,716.339,16031110.0,0.9605619110474266,
radar:2026-09-09:1300,2026-09-09T13:00:00-04:00,COMPLETED,42,NOC,OK,0.0,1.98,3.44,3.16,15.0,10.0,33.58,11.44,NO_VERIFIED_CATALYST,516.385,354350.0,0.9300695263057839,
radar:2026-09-09:1300,2026-09-09T13:00:00-04:00,COMPLETED,43,AAPL,OK,0.0,2.98,3.43,1.87,15.0,10.0,33.28,11.04,NO_VERIFIED_CATALYST|RELATIVE_STRENGTH_NEGATIVE,314.198,19665665.0,0.9288999487027368,
radar:2026-09-09:1300,2026-09-09T13:00:00-04:00,COMPLETED,44,MSTR,OK,0.0,6.26,1.82,0.0,15.0,10.0,33.08,10.77,NO_VERIFIED_CATALYST|RELATIVE_STRENGTH_NEGATIVE,134.69,11051020.0,0.7279535879157638,
radar:2026-09-09:1300,2026-09-09T13:00:00-04:00,COMPLETED,45,MS,OK,0.0,2.1,0.11,4.87,15.0,10.0,32.07,9.43,NO_VERIFIED_CATALYST,215.94,1044842.0,0.5131291413866235,
radar:2026-09-09:1300,2026-09-09T13:00:00-04:00,COMPLETED,46,V,OK,0.0,1.58,0.0,5.3,15.0,10.0,31.88,9.18,NO_VERIFIED_CATALYST,368.395,1749333.0,0.4989352097720274,
radar:2026-09-09:1300,2026-09-09T13:00:00-04:00,COMPLETED,47,SPY,OK,0.0,2.1,1.72,3.0,15.0,10.0,31.82,9.1,NO_VERIFIED_CATALYST,762.51,14142236.0,0.7152873001273472,
radar:2026-09-09:1300,2026-09-09T13:00:00-04:00,COMPLETED,48,WMT,OK,0.0,1.65,0.0,5.11,15.0,10.0,31.76,9.02,NO_VERIFIED_CATALYST,105.945,6622979.0,0.436215948176247,
radar:2026-09-09:1300,2026-09-09T13:00:00-04:00,COMPLETED,49,MSFT,OK,0.0,1.88,0.0,4.86,15.0,10.0,31.74,8.99,NO_VERIFIED_CATALYST,493.26,5317227.0,0.43975225825449843,
radar:2026-09-09:1300,2026-09-09T13:00:00-04:00,COMPLETED,50,ADBE,OK,0.0,1.02,0.86,4.71,15.0,10.0,31.59,8.79,NO_VERIFIED_CATALYST,256.835,1442294.0,0.608037200840803,
radar:2026-09-09:1300,2026-09-09T13:00:00-04:00,COMPLETED,51,VOO,OK,0.0,2.06,1.37,3.05,15.0,10.0,31.48,8.64,NO_VERIFIED_CATALYST,700.955,2416532.0,0.670937097207779,
radar:2026-09-09:1300,2026-09-09T13:00:00-04:00,COMPLETED,52,NFLX,OK,0.0,3.5,1.33,1.21,15.0,10.0,31.04,8.05,NO_VERIFIED_CATALYST|RELATIVE_STRENGTH_NEGATIVE,76.195,10223830.0,0.6666198400529082,
radar:2026-09-09:1300,2026-09-09T13:00:00-04:00,COMPLETED,53,LHX,OK,0.0,5.64,0.27,0.0,15.0,10.0,30.9,7.87,NO_VERIFIED_CATALYST|RELATIVE_STRENGTH_NEGATIVE,252.65,461847.0,0.5333072609650612,
radar:2026-09-09:1300,2026-09-09T13:00:00-04:00,COMPLETED,54,NVDA,OK,0.0,3.66,1.16,1.0,15.0,10.0,30.82,7.76,NO_VERIFIED_CATALYST|RELATIVE_STRENGTH_NEGATIVE,223.96,45068606.0,0.6453808240666645,
radar:2026-09-09:1300,2026-09-09T13:00:00-04:00,COMPLETED,55,BA,OK,0.0,3.6,1.07,1.08,15.0,10.0,30.75,7.66,NO_VERIFIED_CATALYST|RELATIVE_STRENGTH_NEGATIVE,209.105,1690812.0,0.6342399737487667,
radar:2026-09-09:1300,2026-09-09T13:00:00-04:00,COMPLETED,56,DIS,OK,0.0,4.07,0.82,0.85,15.0,10.0,30.74,7.66,NO_VERIFIED_CATALYST|RELATIVE_STRENGTH_NEGATIVE,104.21,2452245.0,0.6028958854444559,
radar:2026-09-09:1300,2026-09-09T13:00:00-04:00,COMPLETED,57,COIN,OK,0.0,4.59,0.9,0.0,15.0,10.0,30.49,7.33,NO_VERIFIED_CATALYST|RELATIVE_STRENGTH_NEGATIVE,177.18,3288097.0,0.6130591979917724,
radar:2026-09-09:1300,2026-09-09T13:00:00-04:00,COMPLETED,58,AMAT,OK,0.0,4.98,0.0,0.0,15.0,10.0,29.98,6.65,NO_VERIFIED_CATALYST|RELATIVE_STRENGTH_NEGATIVE,467.74,1642323.0,0.4105028572848455,
radar:2026-09-09:1300,2026-09-09T13:00:00-04:00,COMPLETED,59,PYPL,OK,0.0,3.82,0.13,0.79,15.0,10.0,29.74,6.32,NO_VERIFIED_CATALYST|RELATIVE_STRENGTH_NEGATIVE,52.745,3513432.0,0.515690365036892,
radar:2026-09-09:1300,2026-09-09T13:00:00-04:00,COMPLETED,60,WDAY,OK,0.0,3.83,0.0,0.77,15.0,10.0,29.61,6.14,NO_VERIFIED_CATALYST|RELATIVE_STRENGTH_NEGATIVE,184.75,833637.0,0.31409648025233117,
radar:2026-09-09:1310,2026-09-09T13:10:00-04:00,COMPLETED,1,META,OK,0.0,16.12,15.63,15.0,15.0,10.0,71.74,62.33,NO_VERIFIED_CATALYST,650.606,22420321.0,2.4532793791639174,4dced3bf-6d69-4e56-b2ad-b0bb7c06f764
radar:2026-09-09:1310,2026-09-09T13:10:00-04:00,COMPLETED,2,AMD,OK,0.0,17.86,8.29,15.0,15.0,10.0,66.15,54.87,NO_VERIFIED_CATALYST|RISK_TOO_SMALL,523.36,15535976.0,1.5361146104768573,
radar:2026-09-09:1310,2026-09-09T13:10:00-04:00,COMPLETED,3,MRVL,OK,0.0,17.92,4.23,15.0,15.0,10.0,62.16,49.54,NO_VERIFIED_CATALYST|SCORE_BELOW_PLAN_THRESHOLD,237.97,14193602.0,1.029122306783626,
radar:2026-09-09:1310,2026-09-09T13:10:00-04:00,COMPLETED,4,GLTR,OK,0.0,11.57,6.21,15.0,15.0,10.0,57.78,43.71,NO_VERIFIED_CATALYST|ADV_TOO_LOW,202.62,42417.0,1.27674166662489,
radar:2026-09-09:1310,2026-09-09T13:10:00-04:00,COMPLETED,5,ALAB,OK,0.0,14.19,3.45,15.0,15.0,10.0,57.64,43.52,NO_VERIFIED_CATALYST|ADV_TOO_LOW,302.24,1841716.0,0.9308070846630644,
radar:2026-09-09:1310,2026-09-09T13:10:00-04:00,COMPLETED,6,INTC,OK,0.0,12.4,4.87,14.39,15.0,10.0,56.66,42.22,NO_VERIFIED_CATALYST,106.02,62456330.0,1.109259470125582,
radar:2026-09-09:1310,2026-09-09T13:10:00-04:00,COMPLETED,7,MU,OK,0.0,9.28,4.3,15.0,15.0,10.0,53.58,38.11,NO_VERIFIED_CATALYST,1020.15,16184475.0,1.0380197614366393,
radar:2026-09-09:1310,2026-09-09T13:10:00-04:00,COMPLETED,8,SNDK,OK,0.0,9.71,3.23,15.0,15.0,10.0,52.93,37.24,NO_VERIFIED_CATALYST,1774.135,6778194.0,0.9033530115385616,
radar:2026-09-09:1310,2026-09-09T13:10:00-04:00,COMPLETED,9,EBAY,OK,0.0,9.75,7.07,10.31,15.0,10.0,52.13,36.17,NO_VERIFIED_CATALYST,105.43,3309573.0,1.3838013086232122,
radar:2026-09-09:1310,2026-09-09T13:10:00-04:00,COMPLETED,10,DELL,OK,0.0,7.26,4.04,14.83,15.0,10.0,51.14,34.85,NO_VERIFIED_CATALYST,542.19,4765246.0,1.0053374304197384,
radar:2026-09-09:1310,2026-09-09T13:10:00-04:00,COMPLETED,11,CVX,OK,0.0,7.05,4.26,14.56,15.0,10.0,50.87,34.49,NO_VERIFIED_CATALYST,212.97,4364906.0,1.0324184965367666,
radar:2026-09-09:1310,2026-09-09T13:10:00-04:00,COMPLETED,12,QCOM,OK,0.0,6.14,6.11,13.38,15.0,10.0,50.63,34.17,NO_VERIFIED_CATALYST,176.38,7082211.0,1.2634101830052888,
radar:2026-09-09:1310,2026-09-09T13:10:00-04:00,COMPLETED,13,TXN,OK,0.0,10.29,0.0,13.14,15.0,10.0,48.43,31.24,NO_VERIFIED_CATALYST,262.22,1534617.0,0.4996927576615865,
radar:2026-09-09:1310,2026-09-09T13:10:00-04:00,COMPLETED,14,GOOGL,OK,0.0,12.57,7.69,0.0,15.0,10.0,45.26,27.01,NO_VERIFIED_CATALYST|RELATIVE_STRENGTH_NEGATIVE,330.535,18499593.0,1.4614101555572359,
radar:2026-09-09:1310,2026-09-09T13:10:00-04:00,COMPLETED,15,GE,OK,0.0,14.06,6.11,0.0,15.0,10.0,45.17,26.9,NO_VERIFIED_CATALYST|RELATIVE_STRENGTH_NEGATIVE,324.973,2496103.0,1.263810995732562,
radar:2026-09-09:1310,2026-09-09T13:10:00-04:00,COMPLETED,16,ITA,OK,0.0,6.91,12.13,0.0,15.0,10.0,44.04,25.39,NO_VERIFIED_CATALYST|RELATIVE_STRENGTH_NEGATIVE,220.22,644096.0,2.0161842209772023,
radar:2026-09-09:1310,2026-09-09T13:10:00-04:00,COMPLETED,17,BAC,OK,0.0,5.56,3.9,8.91,15.0,10.0,43.36,24.48,NO_VERIFIED_CATALYST,62.745,16258332.0,0.9868790491138981,
radar:2026-09-09:1310,2026-09-09T13:10:00-04:00,COMPLETED,18,XLE,OK,0.0,3.21,5.07,9.61,15.0,10.0,42.89,23.86,NO_VERIFIED_CATALYST,65.215,16257309.0,1.13413607728514,
radar:2026-09-09:1310,2026-09-09T13:10:00-04:00,COMPLETED,19,UBER,OK,0.0,10.43,5.51,0.0,15.0,10.0,40.94,21.26,NO_VERIFIED_CATALYST|RELATIVE_STRENGTH_NEGATIVE,71.495,10328590.0,1.1889038649401646,
radar:2026-09-09:1310,2026-09-09T13:10:00-04:00,COMPLETED,20,DASH,OK,0.0,10.91,4.39,0.0,15.0,10.0,40.3,20.41,NO_VERIFIED_CATALYST|RELATIVE_STRENGTH_NEGATIVE,197.43,2366934.0,1.0488028089449577,
radar:2026-09-09:1310,2026-09-09T13:10:00-04:00,COMPLETED,21,CDNS,OK,0.0,4.37,1.16,8.86,15.0,10.0,39.4,19.2,NO_VERIFIED_CATALYST,285.705,864763.0,0.6456192841423749,
radar:2026-09-09:1310,2026-09-09T13:10:00-04:00,COMPLETED,22,JPM,OK,0.0,4.1,1.84,8.02,15.0,10.0,38.96,18.61,NO_VERIFIED_CATALYST,355.0,2253369.0,0.7300348774549892,
radar:2026-09-09:1310,2026-09-09T13:10:00-04:00,COMPLETED,23,ABNB,OK,0.0,11.46,1.39,0.0,15.0,10.0,37.85,17.14,NO_VERIFIED_CATALYST|RELATIVE_STRENGTH_NEGATIVE,170.58,1896185.0,0.6739531825578916,
radar:2026-09-09:1310,2026-09-09T13:10:00-04:00,COMPLETED,24,XAR,OK,0.0,9.71,3.01,0.0,15.0,10.0,37.72,16.96,NO_VERIFIED_CATALYST|RELATIVE_STRENGTH_NEGATIVE,248.0,103714.0,0.8762371483498501,
radar:2026-09-09:1310,2026-09-09T13:10:00-04:00,COMPLETED,25,AMZN,OK,0.0,9.07,3.6,0.0,15.0,10.0,37.67,16.89,NO_VERIFIED_CATALYST|RELATIVE_STRENGTH_NEGATIVE,252.09,17347211.0,0.9497121151673379,
radar:2026-09-09:1310,2026-09-09T13:10:00-04:00,COMPLETED,26,IBIT,OK,0.0,2.29,1.72,8.44,15.0,10.0,37.45,16.6,NO_VERIFIED_CATALYST,44.608,23973295.0,0.7151590559302963,
radar:2026-09-09:1310,2026-09-09T13:10:00-04:00,COMPLETED,27,ONDS,OK,0.0,9.19,3.22,0.0,15.0,10.0,37.41,16.55,NO_VERIFIED_CATALYST|RELATIVE_STRENGTH_NEGATIVE,7.47,34935198.0,0.9028733195960166,
radar:2026-09-09:1310,2026-09-09T13:10:00-04:00,COMPLETED,28,PG,OK,0.0,9.09,3.14,0.0,15.0,10.0,37.23,16.3,NO_VERIFIED_CATALYST|RELATIVE_STRENGTH_NEGATIVE,142.745,4485581.0,0.8925042488750998,
radar:2026-09-09:1310,2026-09-09T13:10:00-04:00,COMPLETED,29,CSCO,OK,0.0,3.19,0.0,8.95,15.0,10.0,37.14,16.19,NO_VERIFIED_CATALYST,109.8,4503309.0,0.41525192259268756,
radar:2026-09-09:1310,2026-09-09T13:10:00-04:00,COMPLETED,30,PLTR,OK,0.0,3.58,0.78,7.6,15.0,10.0,36.96,15.95,NO_VERIFIED_CATALYST,170.9,10610651.0,0.5969075729426783,
radar:2026-09-09:1310,2026-09-09T13:10:00-04:00,COMPLETED,31,SNPS,OK,0.0,3.58,0.18,7.38,15.0,10.0,36.14,14.86,NO_VERIFIED_CATALYST,393.265,529290.0,0.5228442958024186,
radar:2026-09-09:1310,2026-09-09T13:10:00-04:00,COMPLETED,32,GS,OK,0.0,5.19,2.63,3.19,15.0,10.0,36.01,14.67,NO_VERIFIED_CATALYST,1032.55,833871.0,0.8283620159321149,
radar:2026-09-09:1310,2026-09-09T13:10:00-04:00,COMPLETED,33,NOW,OK,0.0,10.19,0.45,0.0,15.0,10.0,35.64,14.19,NO_VERIFIED_CATALYST|RELATIVE_STRENGTH_NEGATIVE,131.28,5466448.0,0.5567696736084067,
radar:2026-09-09:1310,2026-09-09T13:10:00-04:00,COMPLETED,34,AVGO,OK,0.0,7.98,2.11,0.0,15.0,10.0,35.09,13.46,NO_VERIFIED_CATALYST|RELATIVE_STRENGTH_NEGATIVE,362.94,10458837.0,0.7634783405928492,
radar:2026-09-09:1310,2026-09-09T13:10:00-04:00,COMPLETED,35,TSLA,OK,0.0,0.22,3.97,5.78,15.0,10.0,34.97,13.29,NO_VERIFIED_CATALYST,368.335,22067926.0,0.9965565804761543,
radar:2026-09-09:1310,2026-09-09T13:10:00-04:00,COMPLETED,36,MRNA,OK,0.0,9.88,0.0,0.0,15.0,10.0,34.88,13.17,NO_VERIFIED_CATALYST|RELATIVE_STRENGTH_NEGATIVE,137.36,4666685.0,0.24566960030304028,
radar:2026-09-09:1310,2026-09-09T13:10:00-04:00,COMPLETED,37,REMX,OK,0.0,1.63,3.4,4.32,15.0,10.0,34.35,12.46,NO_VERIFIED_CATALYST,76.58,290543.0,0.9244754455222798,
radar:2026-09-09:1310,2026-09-09T13:10:00-04:00,COMPLETED,38,QQQ,OK,0.0,1.25,3.54,3.89,15.0,10.0,33.68,11.57,NO_VERIFIED_CATALYST,716.44,16429775.0,0.9428434987837162,
radar:2026-09-09:1310,2026-09-09T13:10:00-04:00,COMPLETED,39,HOOD,OK,0.0,4.55,4.04,0.0,15.0,10.0,33.6,11.46,NO_VERIFIED_CATALYST|RELATIVE_STRENGTH_NEGATIVE,116.195,12183857.0,1.005538719140906,
radar:2026-09-09:1310,2026-09-09T13:10:00-04:00,COMPLETED,40,ORCL,OK,0.0,1.29,3.22,3.98,15.0,10.0,33.49,11.32,NO_VERIFIED_CATALYST,162.11,11910610.0,0.9028729145582436,
radar:2026-09-09:1310,2026-09-09T13:10:00-04:00,COMPLETED,41,MSTR,OK,0.0,6.63,1.64,0.0,15.0,10.0,33.27,11.03,NO_VERIFIED_CATALYST|RELATIVE_STRENGTH_NEGATIVE,134.58,11180682.0,0.7053681549331738,
radar:2026-09-09:1310,2026-09-09T13:10:00-04:00,COMPLETED,42,AAPL,OK,0.0,3.87,3.87,0.52,15.0,10.0,33.26,11.01,NO_VERIFIED_CATALYST|RELATIVE_STRENGTH_NEGATIVE,313.6,21754436.0,0.9841342756368804,
radar:2026-09-09:1310,2026-09-09T13:10:00-04:00,COMPLETED,43,NOC,OK,0.0,2.16,3.3,2.71,15.0,10.0,33.18,10.9,NO_VERIFIED_CATALYST|RELATIVE_STRENGTH_NEGATIVE,516.18,363204.0,0.9130190265533172,
radar:2026-09-09:1310,2026-09-09T13:10:00-04:00,COMPLETED,44,IBKR,OK,0.0,1.19,0.0,6.88,15.0,10.0,33.07,10.76,NO_VERIFIED_CATALYST,91.18,867784.0,0.41570486806178975,
radar:2026-09-09:1310,2026-09-09T13:10:00-04:00,COMPLETED,45,MS,OK,0.0,2.17,0.02,5.17,15.0,10.0,32.37,9.82,NO_VERIFIED_CATALYST,216.125,1069431.0,0.5030081874135174,
radar:2026-09-09:1310,2026-09-09T13:10:00-04:00,COMPLETED,46,V,OK,0.0,1.59,0.0,5.34,15.0,10.0,31.94,9.25,NO_VERIFIED_CATALYST,368.55,1799840.0,0.4916451858483509,
radar:2026-09-09:1310,2026-09-09T13:10:00-04:00,COMPLETED,47,WMT,OK,0.0,1.69,0.0,5.21,15.0,10.0,31.9,9.2,NO_VERIFIED_CATALYST,106.0,6745052.0,0.4254805293714361,
radar:2026-09-09:1310,2026-09-09T13:10:00-04:00,COMPLETED,48,SPY,OK,0.0,1.94,1.66,3.0,15.0,10.0,31.6,8.8,NO_VERIFIED_CATALYST,762.78,14609046.0,0.7076695644306318,
radar:2026-09-09:1310,2026-09-09T13:10:00-04:00,COMPLETED,49,VOO,OK,0.0,1.94,1.25,2.99,15.0,10.0,31.18,8.24,NO_VERIFIED_CATALYST|RELATIVE_STRENGTH_NEGATIVE,701.14,2466268.0,0.6558065502935376,
radar:2026-09-09:1310,2026-09-09T13:10:00-04:00,COMPLETED,50,COIN,OK,0.0,5.29,0.8,0.0,15.0,10.0,31.09,8.12,NO_VERIFIED_CATALYST|RELATIVE_STRENGTH_NEGATIVE,176.91,3357949.0,0.5996227681291255,
radar:2026-09-09:1310,2026-09-09T13:10:00-04:00,COMPLETED,51,DIS,OK,0.0,4.18,0.72,1.15,15.0,10.0,31.05,8.07,NO_VERIFIED_CATALYST|RELATIVE_STRENGTH_NEGATIVE,104.3,2507536.0,0.5904346907216194,
radar:2026-09-09:1310,2026-09-09T13:10:00-04:00,COMPLETED,52,ADBE,OK,0.0,0.97,0.77,4.28,15.0,10.0,31.01,8.02,NO_VERIFIED_CATALYST,256.74,1475250.0,0.5956459658845056,
radar:2026-09-09:1310,2026-09-09T13:10:00-04:00,COMPLETED,53,LHX,OK,0.0,5.75,0.19,0.0,15.0,10.0,30.94,7.92,NO_VERIFIED_CATALYST|RELATIVE_STRENGTH_NEGATIVE,252.59,474112.0,0.5243322186617339,
radar:2026-09-09:1310,2026-09-09T13:10:00-04:00,COMPLETED,54,MSFT,OK,0.0,1.72,0.0,4.11,15.0,10.0,30.84,7.78,NO_VERIFIED_CATALYST,492.815,5462592.0,0.43268104371695393,
radar:2026-09-09:1310,2026-09-09T13:10:00-04:00,COMPLETED,55,NFLX,OK,0.0,2.98,1.2,1.66,15.0,10.0,30.84,7.78,NO_VERIFIED_CATALYST|RELATIVE_STRENGTH_NEGATIVE,76.28,10402180.0,0.6495838328130272,
radar:2026-09-09:1310,2026-09-09T13:10:00-04:00,COMPLETED,56,NVDA,OK,0.0,3.38,1.02,1.14,15.0,10.0,30.55,7.4,NO_VERIFIED_CATALYST|RELATIVE_STRENGTH_NEGATIVE,224.094,45781281.0,0.6278792049912489,
radar:2026-09-09:1310,2026-09-09T13:10:00-04:00,COMPLETED,57,BA,OK,0.0,4.25,1.07,0.02,15.0,10.0,30.35,7.13,NO_VERIFIED_CATALYST|RELATIVE_STRENGTH_NEGATIVE,208.81,1764274.0,0.6338267298024067,
radar:2026-09-09:1310,2026-09-09T13:10:00-04:00,COMPLETED,58,AMAT,OK,0.0,4.97,0.0,0.0,15.0,10.0,29.97,6.63,NO_VERIFIED_CATALYST|RELATIVE_STRENGTH_NEGATIVE,467.75,1666276.0,0.3988878202777629,
radar:2026-09-09:1310,2026-09-09T13:10:00-04:00,COMPLETED,59,PYPL,OK,0.0,3.73,0.02,0.7,15.0,10.0,29.45,5.93,NO_VERIFIED_CATALYST|RELATIVE_STRENGTH_NEGATIVE,52.755,3575104.0,0.5025651529946343,
radar:2026-09-09:1310,2026-09-09T13:10:00-04:00,COMPLETED,60,WDAY,OK,0.0,4.38,0.0,0.0,15.0,10.0,29.38,5.85,NO_VERIFIED_CATALYST|RELATIVE_STRENGTH_NEGATIVE,184.53,856823.0,0.3091885701731587,
radar:2026-09-09:1320,2026-09-09T13:20:00-04:00,COMPLETED,1,META,OK,0.0,16.06,15.21,15.0,15.0,10.0,71.27,61.7,NO_VERIFIED_CATALYST,650.625,22942004.0,2.401213152170329,3b925663-7025-472d-9add-2bc1699938ea
radar:2026-09-09:1320,2026-09-09T13:20:00-04:00,COMPLETED,2,AMD,OK,0.0,18.42,7.9,15.0,15.0,10.0,66.32,55.09,NO_VERIFIED_CATALYST|RISK_TOO_SMALL,523.89,15732267.0,1.487889115626321,
radar:2026-09-09:1320,2026-09-09T13:20:00-04:00,COMPLETED,3,MRVL,OK,0.0,15.3,4.0,15.0,15.0,10.0,59.3,45.73,NO_VERIFIED_CATALYST|SCORE_BELOW_PLAN_THRESHOLD,236.955,14412347.0,0.9995470892668539,
radar:2026-09-09:1320,2026-09-09T13:20:00-04:00,COMPLETED,4,GLTR,OK,0.0,13.0,6.04,15.0,15.0,10.0,59.04,45.39,NO_VERIFIED_CATALYST|ADV_TOO_LOW,202.895,43600.0,1.255289083596654,
radar:2026-09-09:1320,2026-09-09T13:20:00-04:00,COMPLETED,5,ALAB,OK,0.0,14.59,3.29,15.0,15.0,10.0,57.88,43.84,NO_VERIFIED_CATALYST|ADV_TOO_LOW,302.445,1884974.0,0.9112479482448231,
radar:2026-09-09:1320,2026-09-09T13:20:00-04:00,COMPLETED,6,INTC,OK,0.0,13.03,4.81,14.77,15.0,10.0,57.62,43.49,NO_VERIFIED_CATALYST,106.11,64852994.0,1.101744509046803,
radar:2026-09-09:1320,2026-09-09T13:20:00-04:00,COMPLETED,7,EBAY,OK,0.0,10.86,6.95,11.6,15.0,10.0,54.41,39.22,NO_VERIFIED_CATALYST,105.68,3421741.0,1.36849459314608,
radar:2026-09-09:1320,2026-09-09T13:20:00-04:00,COMPLETED,8,MU,OK,0.0,10.24,4.07,15.0,15.0,10.0,54.31,39.08,NO_VERIFIED_CATALYST,1022.21,16439457.0,1.0085296116009337,
radar:2026-09-09:1320,2026-09-09T13:20:00-04:00,COMPLETED,9,SNDK,OK,0.0,10.92,3.0,15.0,15.0,10.0,53.93,38.57,NO_VERIFIED_CATALYST,1776.825,6864892.0,0.8751276209777105,
radar:2026-09-09:1320,2026-09-09T13:20:00-04:00,COMPLETED,10,CVX,OK,0.0,7.59,4.06,15.0,15.0,10.0,51.64,35.52,NO_VERIFIED_CATALYST,213.21,4451192.0,1.0070508239184097,
radar:2026-09-09:1320,2026-09-09T13:20:00-04:00,COMPLETED,11,DELL,OK,0.0,7.34,3.82,14.79,15.0,10.0,50.96,34.61,NO_VERIFIED_CATALYST,542.282,4844424.0,0.9776037392971086,
radar:2026-09-09:1320,2026-09-09T13:20:00-04:00,COMPLETED,12,SNPS,OK,0.0,9.94,0.7,11.08,15.0,10.0,46.72,28.97,NO_VERIFIED_CATALYST,395.776,621703.0,0.5874296029522346,
radar:2026-09-09:1320,2026-09-09T13:20:00-04:00,COMPLETED,13,TXN,OK,0.0,8.93,0.0,12.28,15.0,10.0,46.21,28.28,NO_VERIFIED_CATALYST,261.91,1567759.0,0.4882885413980615,
radar:2026-09-09:1320,2026-09-09T13:20:00-04:00,COMPLETED,14,GOOGL,OK,0.0,12.78,7.42,0.0,15.0,10.0,45.19,26.92,NO_VERIFIED_CATALYST|RELATIVE_STRENGTH_NEGATIVE,331.13,18884037.0,1.426917847403557,
radar:2026-09-09:1320,2026-09-09T13:20:00-04:00,COMPLETED,15,GE,OK,0.0,14.2,5.91,0.0,15.0,10.0,45.12,26.82,NO_VERIFIED_CATALYST|RELATIVE_STRENGTH_NEGATIVE,325.345,2558094.0,1.2388830370291704,
radar:2026-09-09:1320,2026-09-09T13:20:00-04:00,COMPLETED,16,QCOM,OK,0.0,3.39,5.96,9.71,15.0,10.0,44.06,25.41,NO_VERIFIED_CATALYST,175.355,7294896.0,1.244769092530888,
radar:2026-09-09:1320,2026-09-09T13:20:00-04:00,COMPLETED,17,XLE,OK,0.0,3.85,4.77,10.31,15.0,10.0,43.93,25.24,NO_VERIFIED_CATALYST,65.305,16429711.0,1.0963282617057992,
radar:2026-09-09:1320,2026-09-09T13:20:00-04:00,COMPLETED,18,BAC,OK,0.0,5.94,3.66,9.0,15.0,10.0,43.6,24.8,NO_VERIFIED_CATALYST,62.77,16496960.0,0.9578247237308176,
radar:2026-09-09:1320,2026-09-09T13:20:00-04:00,COMPLETED,19,ITA,OK,0.0,6.61,11.53,0.0,15.0,10.0,43.14,24.18,NO_VERIFIED_CATALYST|RELATIVE_STRENGTH_NEGATIVE,220.365,648308.0,1.9411324525893519,
radar:2026-09-09:1320,2026-09-09T13:20:00-04:00,COMPLETED,20,CDNS,OK,0.0,6.6,1.05,10.0,15.0,10.0,42.64,23.52,NO_VERIFIED_CATALYST,286.31,883113.0,0.6306521091144464,
radar:2026-09-09:1320,2026-09-09T13:20:00-04:00,COMPLETED,21,DASH,OK,0.0,11.09,4.16,0.0,15.0,10.0,40.25,20.34,NO_VERIFIED_CATALYST|RELATIVE_STRENGTH_NEGATIVE,197.77,2406974.0,1.020171702437614,
radar:2026-09-09:1320,2026-09-09T13:20:00-04:00,COMPLETED,22,UBER,OK,0.0,9.57,5.39,0.0,15.0,10.0,39.96,19.95,NO_VERIFIED_CATALYST|RELATIVE_STRENGTH_NEGATIVE,71.63,10660771.0,1.1737848380854172,
radar:2026-09-09:1320,2026-09-09T13:20:00-04:00,COMPLETED,23,JPM,OK,0.0,4.76,1.76,8.29,15.0,10.0,39.81,19.75,NO_VERIFIED_CATALYST,355.245,2321739.0,0.7194802393309588,
radar:2026-09-09:1320,2026-09-09T13:20:00-04:00,COMPLETED,24,ABNB,OK,0.0,12.03,1.3,0.0,15.0,10.0,38.33,17.78,NO_VERIFIED_CATALYST|RELATIVE_STRENGTH_NEGATIVE,171.325,1950329.0,0.6630573298264701,
radar:2026-09-09:1320,2026-09-09T13:20:00-04:00,COMPLETED,25,ONDS,OK,0.0,10.1,3.08,0.0,15.0,10.0,38.18,17.58,NO_VERIFIED_CATALYST|RELATIVE_STRENGTH_NEGATIVE,7.455,35796426.0,0.8849066493969882,
radar:2026-09-09:1320,2026-09-09T13:20:00-04:00,COMPLETED,26,IBKR,OK,0.0,4.33,0.0,8.52,15.0,10.0,37.85,17.13,NO_VERIFIED_CATALYST,91.45,892495.0,0.4089530426527316,
radar:2026-09-09:1320,2026-09-09T13:20:00-04:00,COMPLETED,27,IBIT,OK,0.0,2.52,1.54,8.59,15.0,10.0,37.66,16.88,NO_VERIFIED_CATALYST,44.63,24266753.0,0.6924377916681981,
radar:2026-09-09:1320,2026-09-09T13:20:00-04:00,COMPLETED,28,AMZN,OK,0.0,9.19,3.42,0.0,15.0,10.0,37.61,16.81,NO_VERIFIED_CATALYST|RELATIVE_STRENGTH_NEGATIVE,252.32,17714900.0,0.9276736105522234,
radar:2026-09-09:1320,2026-09-09T13:20:00-04:00,COMPLETED,29,PLTR,OK,0.0,4.07,0.64,7.76,15.0,10.0,37.47,16.63,NO_VERIFIED_CATALYST,170.985,10770625.0,0.5795623224967335,
radar:2026-09-09:1320,2026-09-09T13:20:00-04:00,COMPLETED,30,XAR,OK,0.0,9.3,2.87,0.0,15.0,10.0,37.17,16.23,NO_VERIFIED_CATALYST|RELATIVE_STRENGTH_NEGATIVE,248.22,106234.0,0.8585033443059686,
radar:2026-09-09:1320,2026-09-09T13:20:00-04:00,COMPLETED,31,GS,OK,0.0,5.39,2.47,4.28,15.0,10.0,37.14,16.19,NO_VERIFIED_CATALYST,1034.69,850781.0,0.8084129624787028,
radar:2026-09-09:1320,2026-09-09T13:20:00-04:00,COMPLETED,32,PG,OK,0.0,8.99,2.93,0.0,15.0,10.0,36.92,15.89,NO_VERIFIED_CATALYST|RELATIVE_STRENGTH_NEGATIVE,142.775,4551145.0,0.8661765887450685,
radar:2026-09-09:1320,2026-09-09T13:20:00-04:00,COMPLETED,33,AAPL,OK,0.0,7.03,4.28,0.0,15.0,10.0,36.31,15.09,NO_VERIFIED_CATALYST|RELATIVE_STRENGTH_NEGATIVE,311.455,23924910.0,1.035263785569821,
radar:2026-09-09:1320,2026-09-09T13:20:00-04:00,COMPLETED,34,ORCL,OK,0.0,2.2,3.07,5.68,15.0,10.0,35.95,14.6,NO_VERIFIED_CATALYST,162.61,12182982.0,0.8833654374598465,
radar:2026-09-09:1320,2026-09-09T13:20:00-04:00,COMPLETED,35,CSCO,OK,0.0,2.22,0.0,8.21,15.0,10.0,35.43,13.91,NO_VERIFIED_CATALYST,109.69,4600764.0,0.405792523124919,
radar:2026-09-09:1320,2026-09-09T13:20:00-04:00,COMPLETED,36,AVGO,OK,0.0,8.28,2.05,0.0,15.0,10.0,35.33,13.78,NO_VERIFIED_CATALYST|RELATIVE_STRENGTH_NEGATIVE,363.85,10830082.0,0.7562044893883638,
radar:2026-09-09:1320,2026-09-09T13:20:00-04:00,COMPLETED,37,NOW,OK,0.0,9.84,0.42,0.0,15.0,10.0,35.26,13.68,NO_VERIFIED_CATALYST|RELATIVE_STRENGTH_NEGATIVE,131.38,5668865.0,0.5522816904950056,
radar:2026-09-09:1320,2026-09-09T13:20:00-04:00,COMPLETED,38,MRNA,OK,0.0,9.51,0.0,0.0,15.0,10.0,34.51,12.68,NO_VERIFIED_CATALYST|RELATIVE_STRENGTH_NEGATIVE,137.47,4734444.0,0.238399915023482,
radar:2026-09-09:1320,2026-09-09T13:20:00-04:00,COMPLETED,39,V,OK,0.0,3.16,0.0,6.25,15.0,10.0,34.4,12.54,NO_VERIFIED_CATALYST,369.19,1852059.0,0.48391255428622604,
radar:2026-09-09:1320,2026-09-09T13:20:00-04:00,COMPLETED,40,TSLA,OK,0.0,0.02,3.74,5.32,15.0,10.0,34.08,12.11,NO_VERIFIED_CATALYST,368.144,22399924.0,0.9675672660145178,
radar:2026-09-09:1320,2026-09-09T13:20:00-04:00,COMPLETED,41,REMX,OK,0.0,1.55,3.15,3.83,15.0,10.0,33.53,11.37,NO_VERIFIED_CATALYST,76.535,293821.0,0.8942562346970636,
radar:2026-09-09:1320,2026-09-09T13:20:00-04:00,COMPLETED,42,QQQ,OK,0.0,1.2,3.33,3.81,15.0,10.0,33.34,11.12,NO_VERIFIED_CATALYST,716.52,16698331.0,0.9165902653756581,
radar:2026-09-09:1320,2026-09-09T13:20:00-04:00,COMPLETED,43,HOOD,OK,0.0,3.62,3.82,0.7,15.0,10.0,33.14,10.85,NO_VERIFIED_CATALYST|RELATIVE_STRENGTH_NEGATIVE,116.43,12388433.0,0.9779678132014292,
radar:2026-09-09:1320,2026-09-09T13:20:00-04:00,COMPLETED,44,NOC,OK,0.0,1.57,3.09,3.33,15.0,10.0,32.99,10.65,NO_VERIFIED_CATALYST,516.83,368461.0,0.8859616264231446,
radar:2026-09-09:1320,2026-09-09T13:20:00-04:00,COMPLETED,45,DIS,OK,0.0,4.5,0.65,2.61,15.0,10.0,32.75,10.34,NO_VERIFIED_CATALYST|RELATIVE_STRENGTH_NEGATIVE,104.58,2578450.0,0.5807344421497894,
radar:2026-09-09:1320,2026-09-09T13:20:00-04:00,COMPLETED,46,ADBE,OK,0.0,1.3,0.72,5.4,15.0,10.0,32.42,9.89,NO_VERIFIED_CATALYST,257.28,1527913.0,0.5900861041945539,
radar:2026-09-09:1320,2026-09-09T13:20:00-04:00,COMPLETED,47,MS,OK,0.0,2.16,0.0,5.18,15.0,10.0,32.34,9.79,NO_VERIFIED_CATALYST,216.18,1092396.0,0.4914694945917256,
radar:2026-09-09:1320,2026-09-09T13:20:00-04:00,COMPLETED,48,WMT,OK,0.0,1.63,0.0,4.9,15.0,10.0,31.53,8.7,NO_VERIFIED_CATALYST,105.97,6861099.0,0.4139827591839985,
radar:2026-09-09:1320,2026-09-09T13:20:00-04:00,COMPLETED,49,MSTR,OK,0.0,5.06,1.46,0.0,15.0,10.0,31.51,8.69,NO_VERIFIED_CATALYST|RELATIVE_STRENGTH_NEGATIVE,135.04,11300801.0,0.6819475301158751,
radar:2026-09-09:1320,2026-09-09T13:20:00-04:00,COMPLETED,50,SPY,OK,0.0,1.93,1.57,3.0,15.0,10.0,31.5,8.67,NO_VERIFIED_CATALYST,762.96,15016077.0,0.6957597932058157,
radar:2026-09-09:1320,2026-09-09T13:20:00-04:00,COMPLETED,51,VOO,OK,0.0,1.84,1.16,2.98,15.0,10.0,30.99,7.98,NO_VERIFIED_CATALYST|RELATIVE_STRENGTH_NEGATIVE,701.29,2538229.0,0.6455954546806225,
radar:2026-09-09:1320,2026-09-09T13:20:00-04:00,COMPLETED,52,MSFT,OK,0.0,1.76,0.0,4.2,15.0,10.0,30.95,7.94,NO_VERIFIED_CATALYST,493.0,5613972.0,0.4253373556114096,
radar:2026-09-09:1320,2026-09-09T13:20:00-04:00,COMPLETED,53,NFLX,OK,0.0,2.4,1.1,2.26,15.0,10.0,30.76,7.68,NO_VERIFIED_CATALYST|RELATIVE_STRENGTH_NEGATIVE,76.375,10662506.0,0.6368898263649612,
radar:2026-09-09:1320,2026-09-09T13:20:00-04:00,COMPLETED,54,LHX,OK,0.0,5.45,0.1,0.0,15.0,10.0,30.55,7.4,NO_VERIFIED_CATALYST|RELATIVE_STRENGTH_NEGATIVE,252.755,484778.0,0.5128173141411453,
radar:2026-09-09:1320,2026-09-09T13:20:00-04:00,COMPLETED,55,NVDA,OK,0.0,3.1,0.89,1.36,15.0,10.0,30.36,7.14,NO_VERIFIED_CATALYST|RELATIVE_STRENGTH_NEGATIVE,224.23,46622928.0,0.6116202893468223,
radar:2026-09-09:1320,2026-09-09T13:20:00-04:00,COMPLETED,56,BA,OK,0.0,4.05,1.05,0.14,15.0,10.0,30.25,7.0,NO_VERIFIED_CATALYST|RELATIVE_STRENGTH_NEGATIVE,208.9,1838734.0,0.6318552570290719,
radar:2026-09-09:1320,2026-09-09T13:20:00-04:00,COMPLETED,57,COIN,OK,0.0,3.25,0.7,1.18,15.0,10.0,30.13,6.83,NO_VERIFIED_CATALYST|RELATIVE_STRENGTH_NEGATIVE,177.695,3441856.0,0.587882991778166,
radar:2026-09-09:1320,2026-09-09T13:20:00-04:00,COMPLETED,58,AMAT,OK,0.0,4.9,0.0,0.0,15.0,10.0,29.9,6.53,NO_VERIFIED_CATALYST|RELATIVE_STRENGTH_NEGATIVE,467.83,1690120.0,0.38700409260803026,
radar:2026-09-09:1320,2026-09-09T13:20:00-04:00,COMPLETED,59,PYPL,OK,0.0,3.53,0.0,1.06,15.0,10.0,29.59,6.12,NO_VERIFIED_CATALYST|RELATIVE_STRENGTH_NEGATIVE,52.8,3676725.0,0.49437786804638173,
radar:2026-09-09:1320,2026-09-09T13:20:00-04:00,COMPLETED,60,WDAY,OK,0.0,4.18,0.0,0.0,15.0,10.0,29.18,5.58,NO_VERIFIED_CATALYST|RELATIVE_STRENGTH_NEGATIVE,184.61,882593.0,0.30464003303618725,
radar:2026-09-09:1330,2026-09-09T13:30:00-04:00,COMPLETED,1,META,OK,0.0,19.22,14.82,15.0,15.0,10.0,74.04,65.39,NO_VERIFIED_CATALYST,654.145,23449203.0,2.352042001627685,b975032e-25f2-43f0-8083-08e417f70ff4
radar:2026-09-09:1330,2026-09-09T13:30:00-04:00,COMPLETED,2,AMD,OK,0.0,16.5,7.53,15.0,15.0,10.0,64.03,52.04,NO_VERIFIED_CATALYST|SCORE_BELOW_PLAN_THRESHOLD,522.26,15904864.0,1.4415404804311378,
radar:2026-09-09:1330,2026-09-09T13:30:00-04:00,COMPLETED,3,MRVL,OK,0.0,14.19,3.75,15.0,15.0,10.0,57.94,43.92,NO_VERIFIED_CATALYST|SCORE_BELOW_PLAN_THRESHOLD,236.52,14584671.0,0.969354899941825,
radar:2026-09-09:1330,2026-09-09T13:30:00-04:00,COMPLETED,4,GLTR,OK,0.0,11.92,5.76,15.0,15.0,10.0,57.68,43.57,NO_VERIFIED_CATALYST|ADV_TOO_LOW,202.7,44194.0,1.2193775596771181,
radar:2026-09-09:1330,2026-09-09T13:30:00-04:00,COMPLETED,5,ALAB,OK,0.0,14.0,3.11,15.0,15.0,10.0,57.11,42.81,NO_VERIFIED_CATALYST|ADV_TOO_LOW,300.871,1917519.0,0.888358985352319,
radar:2026-09-09:1330,2026-09-09T13:30:00-04:00,COMPLETED,6,MU,OK,0.0,10.42,3.82,15.0,15.0,10.0,54.24,38.99,NO_VERIFIED_CATALYST,1022.595,16629505.0,0.977683153367577,
radar:2026-09-09:1330,2026-09-09T13:30:00-04:00,COMPLETED,7,SNDK,OK,0.0,10.37,2.77,15.0,15.0,10.0,53.15,37.53,NO_VERIFIED_CATALYST,1775.92,6931547.0,0.8468090265976334,
radar:2026-09-09:1330,2026-09-09T13:30:00-04:00,COMPLETED,8,EBAY,OK,0.0,10.35,6.71,10.88,15.0,10.0,52.94,37.25,NO_VERIFIED_CATALYST,105.565,3492385.0,1.3385533666743876,
radar:2026-09-09:1330,2026-09-09T13:30:00-04:00,COMPLETED,9,CVX,OK,0.0,7.72,3.87,15.0,15.0,10.0,51.59,35.45,NO_VERIFIED_CATALYST,213.27,4536694.0,0.9836309212418759,
radar:2026-09-09:1330,2026-09-09T13:30:00-04:00,COMPLETED,10,INTC,OK,0.0,8.35,4.64,12.12,15.0,10.0,50.11,33.49,NO_VERIFIED_CATALYST,105.66,66318570.0,1.0797013430475153,
radar:2026-09-09:1330,2026-09-09T13:30:00-04:00,COMPLETED,11,SNPS,OK,0.0,11.33,0.69,12.14,15.0,10.0,49.16,32.22,NO_VERIFIED_CATALYST,396.508,647696.0,0.5864914763488976,
radar:2026-09-09:1330,2026-09-09T13:30:00-04:00,COMPLETED,12,DELL,OK,0.0,5.72,3.71,12.64,15.0,10.0,47.06,29.42,NO_VERIFIED_CATALYST,540.42,4983149.0,0.9637007664537842,
radar:2026-09-09:1330,2026-09-09T13:30:00-04:00,COMPLETED,13,CDNS,OK,0.0,8.92,1.03,11.33,15.0,10.0,46.28,28.37,NO_VERIFIED_CATALYST,286.97,918767.0,0.6287769123886957,
radar:2026-09-09:1330,2026-09-09T13:30:00-04:00,COMPLETED,14,GOOGL,OK,0.0,12.75,7.15,0.0,15.0,10.0,44.9,26.53,NO_VERIFIED_CATALYST|RELATIVE_STRENGTH_NEGATIVE,331.2,19249458.0,1.3939277284628382,
radar:2026-09-09:1330,2026-09-09T13:30:00-04:00,COMPLETED,15,GE,OK,0.0,14.03,5.58,0.0,15.0,10.0,44.61,26.15,NO_VERIFIED_CATALYST|RELATIVE_STRENGTH_NEGATIVE,324.96,2579582.0,1.1972387630355166,
radar:2026-09-09:1330,2026-09-09T13:30:00-04:00,COMPLETED,16,TXN,OK,0.0,7.46,0.0,11.44,15.0,10.0,43.9,25.21,NO_VERIFIED_CATALYST,261.575,1610737.0,0.48077235741613056,
radar:2026-09-09:1330,2026-09-09T13:30:00-04:00,COMPLETED,17,BAC,OK,0.0,6.16,3.43,9.09,15.0,10.0,43.67,24.89,NO_VERIFIED_CATALYST,62.785,16684226.0,0.9283373202306802,
radar:2026-09-09:1330,2026-09-09T13:30:00-04:00,COMPLETED,18,QCOM,OK,0.0,3.35,5.68,9.59,15.0,10.0,43.62,24.82,NO_VERIFIED_CATALYST,175.339,7396217.0,1.2094751796804062,
radar:2026-09-09:1330,2026-09-09T13:30:00-04:00,COMPLETED,19,XLE,OK,0.0,3.78,4.61,10.15,15.0,10.0,43.54,24.72,NO_VERIFIED_CATALYST,65.295,16828232.0,1.0761351088475644,
radar:2026-09-09:1330,2026-09-09T13:30:00-04:00,COMPLETED,20,ITA,OK,0.0,7.06,11.0,0.0,15.0,10.0,43.05,24.07,NO_VERIFIED_CATALYST|RELATIVE_STRENGTH_NEGATIVE,220.15,653321.0,1.874640658159159,
radar:2026-09-09:1330,2026-09-09T13:30:00-04:00,COMPLETED,21,ORCL,OK,0.0,5.8,3.11,7.74,15.0,10.0,41.65,22.21,NO_VERIFIED_CATALYST,163.185,12785500.0,0.888427803298993,
radar:2026-09-09:1330,2026-09-09T13:30:00-04:00,COMPLETED,22,JPM,OK,0.0,5.17,1.65,8.5,15.0,10.0,40.32,20.42,NO_VERIFIED_CATALYST,355.4,2379172.0,0.7065598223241042,
radar:2026-09-09:1330,2026-09-09T13:30:00-04:00,COMPLETED,23,UBER,OK,0.0,9.89,5.28,0.0,15.0,10.0,40.17,20.23,NO_VERIFIED_CATALYST|RELATIVE_STRENGTH_NEGATIVE,71.58,10993402.0,1.159977630974917,
radar:2026-09-09:1330,2026-09-09T13:30:00-04:00,COMPLETED,24,DASH,OK,0.0,11.07,4.01,0.0,15.0,10.0,40.08,20.1,NO_VERIFIED_CATALYST|RELATIVE_STRENGTH_NEGATIVE,197.89,2463865.0,1.0007749043333491,
radar:2026-09-09:1330,2026-09-09T13:30:00-04:00,COMPLETED,25,GS,OK,0.0,6.37,2.33,5.76,15.0,10.0,39.46,19.28,NO_VERIFIED_CATALYST,1037.35,869547.0,0.7918194609404963,
radar:2026-09-09:1330,2026-09-09T13:30:00-04:00,COMPLETED,26,ONDS,OK,0.0,10.41,2.97,0.0,15.0,10.0,38.38,17.84,NO_VERIFIED_CATALYST|RELATIVE_STRENGTH_NEGATIVE,7.45,36787121.0,0.871507674247565,
radar:2026-09-09:1330,2026-09-09T13:30:00-04:00,COMPLETED,27,ABNB,OK,0.0,11.8,1.17,0.0,15.0,10.0,37.96,17.28,NO_VERIFIED_CATALYST|RELATIVE_STRENGTH_NEGATIVE,171.105,1982781.0,0.6460045468940034,
radar:2026-09-09:1330,2026-09-09T13:30:00-04:00,COMPLETED,28,IBIT,OK,0.0,2.68,1.4,8.73,15.0,10.0,37.81,17.08,NO_VERIFIED_CATALYST,44.645,24675942.0,0.6747772903886474,
radar:2026-09-09:1330,2026-09-09T13:30:00-04:00,COMPLETED,29,IBKR,OK,0.0,4.27,0.0,8.45,15.0,10.0,37.73,16.97,NO_VERIFIED_CATALYST,91.45,917684.0,0.40297530808081566,
radar:2026-09-09:1330,2026-09-09T13:30:00-04:00,COMPLETED,30,XAR,OK,0.0,9.88,2.73,0.0,15.0,10.0,37.61,16.81,NO_VERIFIED_CATALYST|RELATIVE_STRENGTH_NEGATIVE,247.91,108690.0,0.8417549328878218,
radar:2026-09-09:1330,2026-09-09T13:30:00-04:00,COMPLETED,31,AMZN,OK,0.0,9.13,3.23,0.0,15.0,10.0,37.36,16.48,NO_VERIFIED_CATALYST|RELATIVE_STRENGTH_NEGATIVE,252.24,18017803.0,0.9042238455936566,
radar:2026-09-09:1330,2026-09-09T13:30:00-04:00,COMPLETED,32,PG,OK,0.0,8.69,2.77,0.0,15.0,10.0,36.45,15.27,NO_VERIFIED_CATALYST|RELATIVE_STRENGTH_NEGATIVE,142.87,4637571.0,0.8458511902726018,
radar:2026-09-09:1330,2026-09-09T13:30:00-04:00,COMPLETED,33,AAPL,OK,0.0,6.66,4.53,0.0,15.0,10.0,36.19,14.92,NO_VERIFIED_CATALYST|RELATIVE_STRENGTH_NEGATIVE,311.71,25716579.0,1.0664279745611938,
radar:2026-09-09:1330,2026-09-09T13:30:00-04:00,COMPLETED,34,PLTR,OK,0.0,3.08,0.51,7.15,15.0,10.0,35.74,14.32,NO_VERIFIED_CATALYST,170.83,10936156.0,0.563951244856631,
radar:2026-09-09:1330,2026-09-09T13:30:00-04:00,COMPLETED,35,CSCO,OK,0.0,2.36,0.0,8.28,15.0,10.0,35.64,14.19,NO_VERIFIED_CATALYST,109.715,4696049.0,0.39693950928673966,
radar:2026-09-09:1330,2026-09-09T13:30:00-04:00,COMPLETED,36,NOW,OK,0.0,10.22,0.33,0.0,15.0,10.0,35.56,14.08,NO_VERIFIED_CATALYST|RELATIVE_STRENGTH_NEGATIVE,131.27,5802039.0,0.5417049433505472,
radar:2026-09-09:1330,2026-09-09T13:30:00-04:00,COMPLETED,37,AVGO,OK,0.0,8.29,1.99,0.0,15.0,10.0,35.28,13.7,NO_VERIFIED_CATALYST|RELATIVE_STRENGTH_NEGATIVE,364.05,11181778.0,0.7482315147944176,
radar:2026-09-09:1330,2026-09-09T13:30:00-04:00,COMPLETED,38,TSLA,OK,0.0,0.15,3.57,5.48,15.0,10.0,34.2,12.27,NO_VERIFIED_CATALYST,368.28,22847063.0,0.9457636669781732,
radar:2026-09-09:1330,2026-09-09T13:30:00-04:00,COMPLETED,39,MS,OK,0.0,3.2,0.0,5.87,15.0,10.0,34.07,12.09,NO_VERIFIED_CATALYST,216.45,1110321.0,0.4787211811178036,
radar:2026-09-09:1330,2026-09-09T13:30:00-04:00,COMPLETED,40,V,OK,0.0,2.95,0.0,6.1,15.0,10.0,34.05,12.07,NO_VERIFIED_CATALYST,369.14,1897956.0,0.47524311729836594,
radar:2026-09-09:1330,2026-09-09T13:30:00-04:00,COMPLETED,41,MRNA,OK,0.0,8.56,0.0,0.0,15.0,10.0,33.56,11.42,NO_VERIFIED_CATALYST|RELATIVE_STRENGTH_NEGATIVE,137.755,4813863.0,0.23229960045950765,
radar:2026-09-09:1330,2026-09-09T13:30:00-04:00,COMPLETED,42,ADBE,OK,0.0,1.99,0.68,5.75,15.0,10.0,33.42,11.23,NO_VERIFIED_CATALYST,257.46,1579789.0,0.5847005083105551,
radar:2026-09-09:1330,2026-09-09T13:30:00-04:00,COMPLETED,43,QQQ,OK,0.0,1.22,3.12,3.72,15.0,10.0,33.06,10.75,NO_VERIFIED_CATALYST,716.48,16921337.0,0.8901321229127137,
radar:2026-09-09:1330,2026-09-09T13:30:00-04:00,COMPLETED,44,HOOD,OK,0.0,3.04,3.58,1.38,15.0,10.0,33.0,10.66,NO_VERIFIED_CATALYST|RELATIVE_STRENGTH_NEGATIVE,116.575,12523336.0,0.9474271855048275,
radar:2026-09-09:1330,2026-09-09T13:30:00-04:00,COMPLETED,45,DIS,OK,0.0,4.51,0.56,2.83,15.0,10.0,32.9,10.54,NO_VERIFIED_CATALYST|RELATIVE_STRENGTH_NEGATIVE,104.63,2641155.0,0.5700728829260499,
radar:2026-09-09:1330,2026-09-09T13:30:00-04:00,COMPLETED,46,NOC,OK,0.0,1.79,2.99,2.98,15.0,10.0,32.77,10.36,NO_VERIFIED_CATALYST|RELATIVE_STRENGTH_NEGATIVE,516.59,379243.0,0.8738936486171688,
radar:2026-09-09:1330,2026-09-09T13:30:00-04:00,COMPLETED,47,REMX,OK,0.0,1.58,2.93,3.25,15.0,10.0,32.77,10.36,NO_VERIFIED_CATALYST,76.47,297156.0,0.866724897279008,
radar:2026-09-09:1330,2026-09-09T13:30:00-04:00,COMPLETED,48,LHX,OK,0.0,6.31,0.1,0.0,15.0,10.0,31.42,8.55,NO_VERIFIED_CATALYST|RELATIVE_STRENGTH_NEGATIVE,252.28,505764.0,0.5127259691247354,
radar:2026-09-09:1330,2026-09-09T13:30:00-04:00,COMPLETED,49,SPY,OK,0.0,1.95,1.43,3.0,15.0,10.0,31.38,8.51,NO_VERIFIED_CATALYST,763.04,15294360.0,0.6791282150838402,
radar:2026-09-09:1330,2026-09-09T13:30:00-04:00,COMPLETED,50,MSFT,OK,0.0,1.82,0.0,4.46,15.0,10.0,31.28,8.37,NO_VERIFIED_CATALYST,493.273,5733229.0,0.416274873629524,
radar:2026-09-09:1330,2026-09-09T13:30:00-04:00,COMPLETED,51,VOO,OK,0.0,1.82,1.04,3.02,15.0,10.0,30.88,7.84,NO_VERIFIED_CATALYST,701.41,2583219.0,0.629663491043946,
radar:2026-09-09:1330,2026-09-09T13:30:00-04:00,COMPLETED,52,AMAT,OK,0.0,5.86,0.0,0.0,15.0,10.0,30.86,7.82,NO_VERIFIED_CATALYST|RELATIVE_STRENGTH_NEGATIVE,466.85,1716537.0,0.376676746060934,
radar:2026-09-09:1330,2026-09-09T13:30:00-04:00,COMPLETED,53,WMT,OK,0.0,1.5,0.0,4.35,15.0,10.0,30.86,7.81,NO_VERIFIED_CATALYST,105.885,6990913.0,0.40424074965850987,
radar:2026-09-09:1330,2026-09-09T13:30:00-04:00,COMPLETED,54,NFLX,OK,0.0,2.16,1.08,2.51,15.0,10.0,30.75,7.67,NO_VERIFIED_CATALYST|RELATIVE_STRENGTH_NEGATIVE,76.415,11091447.0,0.6349080821508608,
radar:2026-09-09:1330,2026-09-09T13:30:00-04:00,COMPLETED,55,BA,OK,0.0,4.63,1.02,0.0,15.0,10.0,30.65,7.53,NO_VERIFIED_CATALYST|RELATIVE_STRENGTH_NEGATIVE,208.64,1905243.0,0.6274320444838936,
radar:2026-09-09:1330,2026-09-09T13:30:00-04:00,COMPLETED,56,MSTR,OK,0.0,3.62,1.3,0.63,15.0,10.0,30.55,7.4,NO_VERIFIED_CATALYST|RELATIVE_STRENGTH_NEGATIVE,135.46,11455737.0,0.6624946756433923,
radar:2026-09-09:1330,2026-09-09T13:30:00-04:00,COMPLETED,57,COIN,OK,0.0,1.74,0.58,3.05,15.0,10.0,30.37,7.17,NO_VERIFIED_CATALYST,178.274,3499839.0,0.5728803022466032,
radar:2026-09-09:1330,2026-09-09T13:30:00-04:00,COMPLETED,58,NVDA,OK,0.0,3.02,0.76,1.41,15.0,10.0,30.18,6.91,NO_VERIFIED_CATALYST|RELATIVE_STRENGTH_NEGATIVE,224.27,47284097.0,0.594449632947828,
radar:2026-09-09:1330,2026-09-09T13:30:00-04:00,COMPLETED,59,PYPL,OK,0.0,3.56,0.0,1.17,15.0,10.0,29.73,6.31,NO_VERIFIED_CATALYST|RELATIVE_STRENGTH_NEGATIVE,52.815,3754763.0,0.4838358295598794,
radar:2026-09-09:1330,2026-09-09T13:30:00-04:00,COMPLETED,60,WDAY,OK,0.0,3.86,0.0,0.33,15.0,10.0,29.19,5.58,NO_VERIFIED_CATALYST|RELATIVE_STRENGTH_NEGATIVE,184.74,901582.0,0.2982286426344209,
radar:2026-09-09:1340,2026-09-09T13:40:00-04:00,COMPLETED,1,META,OK,0.0,17.41,14.54,15.0,15.0,10.0,71.96,62.61,NO_VERIFIED_CATALYST,652.32,24071776.0,2.3179021321828333,4070fb3e-33b6-46c3-8d2b-e075f9a28a0f
radar:2026-09-09:1340,2026-09-09T13:40:00-04:00,COMPLETED,2,AMD,OK,0.0,15.93,7.25,15.0,15.0,10.0,63.17,50.9,NO_VERIFIED_CATALYST|SCORE_BELOW_PLAN_THRESHOLD,521.795,16156075.0,1.4057326052981698,
radar:2026-09-09:1340,2026-09-09T13:40:00-04:00,COMPLETED,3,MRVL,OK,0.0,14.0,3.54,15.0,15.0,10.0,57.54,43.39,NO_VERIFIED_CATALYST|SCORE_BELOW_PLAN_THRESHOLD,236.05,14778895.0,0.94297051158256,
radar:2026-09-09:1340,2026-09-09T13:40:00-04:00,COMPLETED,4,GLTR,OK,0.0,11.42,5.73,15.0,15.0,10.0,57.15,42.86,NO_VERIFIED_CATALYST|ADV_TOO_LOW,202.623,45913.0,1.2161314869602506,
radar:2026-09-09:1340,2026-09-09T13:40:00-04:00,COMPLETED,5,ALAB,OK,0.0,14.0,3.0,15.0,15.0,10.0,57.0,42.66,NO_VERIFIED_CATALYST|ADV_TOO_LOW,301.25,1966482.0,0.8745985922828292,
radar:2026-09-09:1340,2026-09-09T13:40:00-04:00,COMPLETED,6,MU,OK,0.0,10.2,3.58,15.0,15.0,10.0,53.78,38.37,NO_VERIFIED_CATALYST,1022.12,16790598.0,0.947665234619014,
radar:2026-09-09:1340,2026-09-09T13:40:00-04:00,COMPLETED,7,EBAY,OK,0.0,9.99,6.51,10.72,15.0,10.0,52.22,36.29,NO_VERIFIED_CATALYST,105.485,3570355.0,1.313696223998714,
radar:2026-09-09:1340,2026-09-09T13:40:00-04:00,COMPLETED,8,CVX,OK,0.0,8.27,3.72,15.0,15.0,10.0,51.99,35.99,NO_VERIFIED_CATALYST,213.52,4634289.0,0.9645967049381946,
radar:2026-09-09:1340,2026-09-09T13:40:00-04:00,COMPLETED,9,SNDK,OK,0.0,9.06,2.58,15.0,15.0,10.0,51.64,35.52,NO_VERIFIED_CATALYST,1771.72,7018002.0,0.823073783996181,
radar:2026-09-09:1340,2026-09-09T13:40:00-04:00,COMPLETED,10,SNPS,OK,0.0,12.13,0.6,13.46,15.0,10.0,51.2,34.93,NO_VERIFIED_CATALYST,397.18,661688.0,0.5751931738724578,
radar:2026-09-09:1340,2026-09-09T13:40:00-04:00,COMPLETED,11,DELL,OK,0.0,7.11,3.54,14.72,15.0,10.0,50.37,33.82,NO_VERIFIED_CATALYST,542.01,5077255.0,0.9426213719467412,
radar:2026-09-09:1340,2026-09-09T13:40:00-04:00,COMPLETED,12,CDNS,OK,0.0,8.72,0.99,11.58,15.0,10.0,46.29,28.38,NO_VERIFIED_CATALYST,286.95,949071.0,0.6235336230099842,
radar:2026-09-09:1340,2026-09-09T13:40:00-04:00,COMPLETED,13,XLE,OK,0.0,4.8,4.44,11.56,15.0,10.0,45.8,27.73,NO_VERIFIED_CATALYST,65.415,17177996.0,1.0545587560842955,
radar:2026-09-09:1340,2026-09-09T13:40:00-04:00,COMPLETED,14,INTC,OK,0.0,5.47,4.43,10.81,15.0,10.0,45.7,27.6,NO_VERIFIED_CATALYST,105.38,67383017.0,1.0531468075755361,
radar:2026-09-09:1340,2026-09-09T13:40:00-04:00,COMPLETED,15,QCOM,OK,0.0,3.78,5.37,10.44,15.0,10.0,44.59,26.12,NO_VERIFIED_CATALYST,175.5,7459270.0,1.170991164576274,
radar:2026-09-09:1340,2026-09-09T13:40:00-04:00,COMPLETED,16,GOOGL,OK,0.0,12.67,6.86,0.0,15.0,10.0,44.53,26.04,NO_VERIFIED_CATALYST|RELATIVE_STRENGTH_NEGATIVE,331.12,19533597.0,1.3579192659285737,
radar:2026-09-09:1340,2026-09-09T13:40:00-04:00,COMPLETED,17,GE,OK,0.0,14.15,5.39,0.0,15.0,10.0,44.53,26.04,NO_VERIFIED_CATALYST|RELATIVE_STRENGTH_NEGATIVE,325.24,2633236.0,1.1732516958223536,
radar:2026-09-09:1340,2026-09-09T13:40:00-04:00,COMPLETED,18,ITA,OK,0.0,7.35,10.59,0.0,15.0,10.0,42.94,23.92,NO_VERIFIED_CATALYST|RELATIVE_STRENGTH_NEGATIVE,220.01,662213.0,1.824143882429163,
radar:2026-09-09:1340,2026-09-09T13:40:00-04:00,COMPLETED,19,BAC,OK,0.0,5.6,3.24,9.09,15.0,10.0,42.93,23.91,NO_VERIFIED_CATALYST,62.755,16939142.0,0.9048177874156076,
radar:2026-09-09:1340,2026-09-09T13:40:00-04:00,COMPLETED,20,TXN,OK,0.0,6.09,0.0,10.99,15.0,10.0,42.08,22.77,NO_VERIFIED_CATALYST,261.255,1648914.0,0.47247935298606564,
radar:2026-09-09:1340,2026-09-09T13:40:00-04:00,COMPLETED,21,ORCL,OK,0.0,5.29,2.99,7.8,15.0,10.0,41.08,21.43,NO_VERIFIED_CATALYST,163.12,13106312.0,0.87428877400538,
radar:2026-09-09:1340,2026-09-09T13:40:00-04:00,COMPLETED,22,DASH,OK,0.0,11.02,3.89,0.0,15.0,10.0,39.91,19.88,NO_VERIFIED_CATALYST|RELATIVE_STRENGTH_NEGATIVE,198.04,2528816.0,0.9860676332278048,
radar:2026-09-09:1340,2026-09-09T13:40:00-04:00,COMPLETED,23,UBER,OK,0.0,9.57,5.11,0.0,15.0,10.0,39.68,19.58,NO_VERIFIED_CATALYST|RELATIVE_STRENGTH_NEGATIVE,71.63,11242577.0,1.1388154509082835,
radar:2026-09-09:1340,2026-09-09T13:40:00-04:00,COMPLETED,24,XAR,OK,0.0,10.49,2.63,0.0,15.0,10.0,38.12,17.49,NO_VERIFIED_CATALYST|RELATIVE_STRENGTH_NEGATIVE,247.579,111475.0,0.8287881585942852,
radar:2026-09-09:1340,2026-09-09T13:40:00-04:00,COMPLETED,25,ONDS,OK,0.0,10.1,3.0,0.0,15.0,10.0,38.1,17.47,NO_VERIFIED_CATALYST|RELATIVE_STRENGTH_NEGATIVE,7.455,38463954.0,0.8747809493018656,
radar:2026-09-09:1340,2026-09-09T13:40:00-04:00,COMPLETED,26,JPM,OK,0.0,3.5,1.61,7.89,15.0,10.0,37.99,17.32,NO_VERIFIED_CATALYST,354.87,2458007.0,0.7007711086192278,
radar:2026-09-09:1340,2026-09-09T13:40:00-04:00,COMPLETED,27,ABNB,OK,0.0,11.46,1.06,0.0,15.0,10.0,37.52,16.7,NO_VERIFIED_CATALYST|RELATIVE_STRENGTH_NEGATIVE,170.76,2021667.0,0.6323251027332318,
radar:2026-09-09:1340,2026-09-09T13:40:00-04:00,COMPLETED,28,AMZN,OK,0.0,9.06,3.23,0.0,15.0,10.0,37.29,16.39,NO_VERIFIED_CATALYST|RELATIVE_STRENGTH_NEGATIVE,252.15,18766534.0,0.9041243514296634,
radar:2026-09-09:1340,2026-09-09T13:40:00-04:00,COMPLETED,29,PG,OK,0.0,9.42,2.68,0.0,15.0,10.0,37.1,16.14,NO_VERIFIED_CATALYST|RELATIVE_STRENGTH_NEGATIVE,142.64,4768053.0,0.8348615164627279,
radar:2026-09-09:1340,2026-09-09T13:40:00-04:00,COMPLETED,30,AAPL,OK,0.0,7.12,4.87,0.0,15.0,10.0,36.99,15.99,NO_VERIFIED_CATALYST|RELATIVE_STRENGTH_NEGATIVE,311.395,27854839.0,1.1088912622982339,
radar:2026-09-09:1340,2026-09-09T13:40:00-04:00,COMPLETED,31,IBIT,OK,0.0,2.05,1.44,8.22,15.0,10.0,36.71,15.61,NO_VERIFIED_CATALYST,44.585,25915506.0,0.680324929103174,
radar:2026-09-09:1340,2026-09-09T13:40:00-04:00,COMPLETED,32,GS,OK,0.0,5.04,2.28,4.21,15.0,10.0,36.53,15.37,NO_VERIFIED_CATALYST,1034.16,897800.0,0.7848428143104452,
radar:2026-09-09:1340,2026-09-09T13:40:00-04:00,COMPLETED,33,TSLA,OK,0.0,0.98,3.39,6.84,15.0,10.0,36.2,14.94,NO_VERIFIED_CATALYST,368.93,23248473.0,0.9238823164668551,
radar:2026-09-09:1340,2026-09-09T13:40:00-04:00,COMPLETED,34,CSCO,OK,0.0,2.35,0.0,8.58,15.0,10.0,35.93,14.57,NO_VERIFIED_CATALYST,109.715,4822629.0,0.3913321572705496,
radar:2026-09-09:1340,2026-09-09T13:40:00-04:00,COMPLETED,35,AVGO,OK,0.0,8.41,1.91,0.0,15.0,10.0,35.32,13.76,NO_VERIFIED_CATALYST|RELATIVE_STRENGTH_NEGATIVE,364.56,11495468.0,0.7384511352884426,
radar:2026-09-09:1340,2026-09-09T13:40:00-04:00,COMPLETED,36,NOW,OK,0.0,9.91,0.27,0.0,15.0,10.0,35.18,13.57,NO_VERIFIED_CATALYST|RELATIVE_STRENGTH_NEGATIVE,131.36,5949859.0,0.5332843071821761,
radar:2026-09-09:1340,2026-09-09T13:40:00-04:00,COMPLETED,37,IBKR,OK,0.0,2.22,0.0,7.63,15.0,10.0,34.84,13.13,NO_VERIFIED_CATALYST,91.28,958892.0,0.40422665384026835,
radar:2026-09-09:1340,2026-09-09T13:40:00-04:00,COMPLETED,38,PLTR,OK,0.0,2.37,0.4,7.06,15.0,10.0,34.83,13.11,NO_VERIFIED_CATALYST,170.72,11118630.0,0.5504249558485322,
radar:2026-09-09:1340,2026-09-09T13:40:00-04:00,COMPLETED,39,ADBE,OK,0.0,2.44,0.61,6.33,15.0,10.0,34.38,12.51,NO_VERIFIED_CATALYST,257.58,1622619.0,0.5765286817461408,
radar:2026-09-09:1340,2026-09-09T13:40:00-04:00,COMPLETED,40,MRNA,OK,0.0,8.78,0.0,0.0,15.0,10.0,33.78,11.71,NO_VERIFIED_CATALYST|RELATIVE_STRENGTH_NEGATIVE,137.69,4941592.0,0.2289241428599958,
radar:2026-09-09:1340,2026-09-09T13:40:00-04:00,COMPLETED,41,QQQ,OK,0.0,1.54,2.96,3.6,15.0,10.0,33.1,10.8,NO_VERIFIED_CATALYST,715.99,17217242.0,0.8694675099833709,
radar:2026-09-09:1340,2026-09-09T13:40:00-04:00,COMPLETED,42,DIS,OK,0.0,4.43,0.5,3.1,15.0,10.0,33.03,10.7,NO_VERIFIED_CATALYST,104.625,2713240.0,0.5622049692828827,
radar:2026-09-09:1340,2026-09-09T13:40:00-04:00,COMPLETED,43,HOOD,OK,0.0,3.78,3.4,0.72,15.0,10.0,32.9,10.53,NO_VERIFIED_CATALYST|RELATIVE_STRENGTH_NEGATIVE,116.39,12732765.0,0.924737582133626,
radar:2026-09-09:1340,2026-09-09T13:40:00-04:00,COMPLETED,44,NOC,OK,0.0,1.87,2.78,3.17,15.0,10.0,32.83,10.43,NO_VERIFIED_CATALYST,516.5,383101.0,0.8474698767051164,
radar:2026-09-09:1340,2026-09-09T13:40:00-04:00,COMPLETED,45,REMX,OK,0.0,2.22,2.68,2.73,15.0,10.0,32.62,10.16,NO_VERIFIED_CATALYST|RELATIVE_STRENGTH_NEGATIVE,76.365,297994.0,0.8343999382235459,
radar:2026-09-09:1340,2026-09-09T13:40:00-04:00,COMPLETED,46,MS,OK,0.0,2.01,0.0,5.23,15.0,10.0,32.25,9.66,NO_VERIFIED_CATALYST,216.115,1143541.0,0.4733210341036029,
radar:2026-09-09:1340,2026-09-09T13:40:00-04:00,COMPLETED,47,MSTR,OK,0.0,5.64,1.19,0.0,15.0,10.0,31.83,9.11,NO_VERIFIED_CATALYST|RELATIVE_STRENGTH_NEGATIVE,134.87,11686690.0,0.648814962709684,
radar:2026-09-09:1340,2026-09-09T13:40:00-04:00,COMPLETED,48,V,OK,0.0,1.39,0.0,5.27,15.0,10.0,31.66,8.88,NO_VERIFIED_CATALYST,368.45,1943821.0,0.4672571337440349,
radar:2026-09-09:1340,2026-09-09T13:40:00-04:00,COMPLETED,49,LHX,OK,0.0,6.58,0.02,0.0,15.0,10.0,31.59,8.79,NO_VERIFIED_CATALYST|RELATIVE_STRENGTH_NEGATIVE,252.136,515763.0,0.5019466495643092,
radar:2026-09-09:1340,2026-09-09T13:40:00-04:00,COMPLETED,50,WDAY,OK,0.0,4.03,0.0,2.33,15.0,10.0,31.35,8.47,NO_VERIFIED_CATALYST|RELATIVE_STRENGTH_NEGATIVE,185.27,926776.0,0.29429905872430095,
radar:2026-09-09:1340,2026-09-09T13:40:00-04:00,COMPLETED,51,SPY,OK,0.0,2.01,1.32,3.0,15.0,10.0,31.32,8.43,NO_VERIFIED_CATALYST,762.665,15588065.0,0.664481124462187,
radar:2026-09-09:1340,2026-09-09T13:40:00-04:00,COMPLETED,52,MSFT,OK,0.0,1.7,0.0,4.34,15.0,10.0,31.04,8.05,NO_VERIFIED_CATALYST,492.93,5920361.0,0.41266636525879424,
radar:2026-09-09:1340,2026-09-09T13:40:00-04:00,COMPLETED,53,VOO,OK,0.0,2.0,0.96,3.02,15.0,10.0,30.97,7.96,NO_VERIFIED_CATALYST,701.06,2650756.0,0.6202789094974656,
radar:2026-09-09:1340,2026-09-09T13:40:00-04:00,COMPLETED,54,BA,OK,0.0,4.96,0.95,0.0,15.0,10.0,30.91,7.88,NO_VERIFIED_CATALYST|RELATIVE_STRENGTH_NEGATIVE,208.49,1957541.0,0.6188667682858361,
radar:2026-09-09:1340,2026-09-09T13:40:00-04:00,COMPLETED,55,AMAT,OK,0.0,5.84,0.0,0.0,15.0,10.0,30.84,7.79,NO_VERIFIED_CATALYST|RELATIVE_STRENGTH_NEGATIVE,466.87,1741021.0,0.36676647017240693,
radar:2026-09-09:1340,2026-09-09T13:40:00-04:00,COMPLETED,56,NFLX,OK,0.0,2.67,0.98,2.14,15.0,10.0,30.8,7.73,NO_VERIFIED_CATALYST|RELATIVE_STRENGTH_NEGATIVE,76.33,11334746.0,0.6228800406544878,
radar:2026-09-09:1340,2026-09-09T13:40:00-04:00,COMPLETED,57,WMT,OK,0.0,1.41,0.0,4.31,15.0,10.0,30.72,7.63,NO_VERIFIED_CATALYST,105.825,7153840.0,0.39711417619990613,
radar:2026-09-09:1340,2026-09-09T13:40:00-04:00,COMPLETED,58,PYPL,OK,0.0,3.62,0.0,1.75,15.0,10.0,30.37,7.15,NO_VERIFIED_CATALYST|RELATIVE_STRENGTH_NEGATIVE,52.84,3826802.0,0.4733925988273528,
radar:2026-09-09:1340,2026-09-09T13:40:00-04:00,COMPLETED,59,NVDA,OK,0.0,3.03,0.63,1.69,15.0,10.0,30.35,7.13,NO_VERIFIED_CATALYST|RELATIVE_STRENGTH_NEGATIVE,224.265,47998484.0,0.5792919044817034,
radar:2026-09-09:1340,2026-09-09T13:40:00-04:00,COMPLETED,60,COIN,OK,0.0,3.65,0.55,0.89,15.0,10.0,30.09,6.78,NO_VERIFIED_CATALYST|RELATIVE_STRENGTH_NEGATIVE,177.54,3618631.0,0.5686304310949307,
radar:2026-09-09:1350,2026-09-09T13:50:00-04:00,COMPLETED,1,META,OK,0.0,17.13,14.09,15.0,15.0,10.0,71.22,61.62,NO_VERIFIED_CATALYST,652.06,24426551.0,2.2616016017734184,9a09668f-9061-46a0-a386-4c0d7ae64b22
radar:2026-09-09:1350,2026-09-09T13:50:00-04:00,COMPLETED,2,AMD,OK,0.0,17.8,6.98,15.0,15.0,10.0,64.78,53.05,NO_VERIFIED_CATALYST|SCORE_BELOW_PLAN_THRESHOLD,523.46,16408631.0,1.3727966108516263,
radar:2026-09-09:1350,2026-09-09T13:50:00-04:00,COMPLETED,3,MRVL,OK,0.0,14.56,3.34,15.0,15.0,10.0,57.89,43.86,NO_VERIFIED_CATALYST|SCORE_BELOW_PLAN_THRESHOLD,236.66,14944814.0,0.916882438404617,
radar:2026-09-09:1350,2026-09-09T13:50:00-04:00,COMPLETED,4,INTC,OK,0.0,13.29,4.35,15.0,15.0,10.0,57.64,43.52,NO_VERIFIED_CATALYST|SCORE_BELOW_PLAN_THRESHOLD,106.16,69442089.0,1.043585971989257,
radar:2026-09-09:1350,2026-09-09T13:50:00-04:00,COMPLETED,5,ALAB,OK,0.0,14.0,2.82,15.0,15.0,10.0,56.82,42.43,NO_VERIFIED_CATALYST|ADV_TOO_LOW,300.8,1993653.0,0.8525804328445793,
radar:2026-09-09:1350,2026-09-09T13:50:00-04:00,COMPLETED,6,GLTR,OK,0.0,10.91,5.4,15.0,15.0,10.0,56.31,41.75,NO_VERIFIED_CATALYST,202.53,46144.0,1.1752414297066496,
radar:2026-09-09:1350,2026-09-09T13:50:00-04:00,COMPLETED,7,MU,OK,0.0,11.6,3.39,15.0,15.0,10.0,54.99,39.99,NO_VERIFIED_CATALYST,1024.5,17020042.0,0.9236690769346683,
radar:2026-09-09:1350,2026-09-09T13:50:00-04:00,COMPLETED,8,DELL,OK,0.0,10.29,3.47,15.0,15.0,10.0,53.77,38.36,LIQUIDITY_WEAK|NO_VERIFIED_CATALYST,545.655,5233765.0,0.9343068155952992,
radar:2026-09-09:1350,2026-09-09T13:50:00-04:00,COMPLETED,9,SNDK,OK,0.0,10.53,2.4,15.0,15.0,10.0,52.93,37.24,NO_VERIFIED_CATALYST,1776.145,7093635.0,0.799946811603061,
radar:2026-09-09:1350,2026-09-09T13:50:00-04:00,COMPLETED,10,SNPS,OK,0.0,12.9,0.5,14.2,15.0,10.0,52.6,36.8,NO_VERIFIED_CATALYST,397.825,672509.0,0.5621154958107489,
radar:2026-09-09:1350,2026-09-09T13:50:00-04:00,COMPLETED,11,CVX,OK,0.0,8.04,3.57,15.0,15.0,10.0,51.61,35.48,NO_VERIFIED_CATALYST,213.415,4728052.0,0.9462630828583942,
radar:2026-09-09:1350,2026-09-09T13:50:00-04:00,COMPLETED,12,EBAY,OK,0.0,9.37,6.31,9.67,15.0,10.0,50.34,33.79,NO_VERIFIED_CATALYST,105.345,3641151.0,1.2882176146175275,
radar:2026-09-09:1350,2026-09-09T13:50:00-04:00,COMPLETED,13,CDNS,OK,0.0,11.01,0.92,12.68,15.0,10.0,49.61,32.82,NO_VERIFIED_CATALYST,287.59,973647.0,0.6150772952943612,
radar:2026-09-09:1350,2026-09-09T13:50:00-04:00,COMPLETED,14,QCOM,OK,0.0,5.41,5.12,12.3,15.0,10.0,47.83,30.44,NO_VERIFIED_CATALYST,176.11,7550254.0,1.1396876574057604,
radar:2026-09-09:1350,2026-09-09T13:50:00-04:00,COMPLETED,15,TXN,OK,0.0,8.97,0.0,12.4,15.0,10.0,46.37,28.49,NO_VERIFIED_CATALYST,261.97,1686474.0,0.46465591685099306,
radar:2026-09-09:1350,2026-09-09T13:50:00-04:00,COMPLETED,16,XLE,OK,0.0,4.21,4.22,10.75,15.0,10.0,44.19,25.58,NO_VERIFIED_CATALYST,65.355,17402061.0,1.0272259059671542,
radar:2026-09-09:1350,2026-09-09T13:50:00-04:00,COMPLETED,17,GE,OK,0.0,14.02,5.13,0.0,15.0,10.0,44.15,25.54,NO_VERIFIED_CATALYST|RELATIVE_STRENGTH_NEGATIVE,324.976,2663894.0,1.1412619512702846,
radar:2026-09-09:1350,2026-09-09T13:50:00-04:00,COMPLETED,18,GOOGL,OK,0.0,12.45,6.61,0.0,15.0,10.0,44.06,25.41,NO_VERIFIED_CATALYST|RELATIVE_STRENGTH_NEGATIVE,330.699,19837081.0,1.3259785092306742,
radar:2026-09-09:1350,2026-09-09T13:50:00-04:00,COMPLETED,19,ORCL,OK,0.0,6.54,3.0,8.35,15.0,10.0,42.89,23.85,NO_VERIFIED_CATALYST,163.338,13641270.0,0.8749761128176082,
radar:2026-09-09:1350,2026-09-09T13:50:00-04:00,COMPLETED,20,ITA,OK,0.0,7.11,10.15,0.0,15.0,10.0,42.26,23.01,NO_VERIFIED_CATALYST|RELATIVE_STRENGTH_NEGATIVE,220.125,667897.0,1.7690408992507467,
radar:2026-09-09:1350,2026-09-09T13:50:00-04:00,COMPLETED,21,BAC,OK,0.0,5.39,3.05,8.75,15.0,10.0,42.19,22.92,NO_VERIFIED_CATALYST,62.745,17162498.0,0.8814896402772715,
radar:2026-09-09:1350,2026-09-09T13:50:00-04:00,COMPLETED,22,UBER,OK,0.0,10.24,5.03,0.0,15.0,10.0,40.27,20.36,NO_VERIFIED_CATALYST|RELATIVE_STRENGTH_NEGATIVE,71.525,11584524.0,1.1283209860306715,
radar:2026-09-09:1350,2026-09-09T13:50:00-04:00,COMPLETED,23,DASH,OK,0.0,10.55,3.87,0.0,15.0,10.0,39.42,19.23,NO_VERIFIED_CATALYST|RELATIVE_STRENGTH_NEGATIVE,197.7,2625151.0,0.9842620817567747,
radar:2026-09-09:1350,2026-09-09T13:50:00-04:00,COMPLETED,24,GS,OK,0.0,5.56,2.15,5.5,15.0,10.0,38.21,17.62,NO_VERIFIED_CATALYST,1036.816,915106.0,0.7692039048888666,
radar:2026-09-09:1350,2026-09-09T13:50:00-04:00,COMPLETED,25,ABNB,OK,0.0,11.87,0.95,0.0,15.0,10.0,37.82,17.1,NO_VERIFIED_CATALYST|RELATIVE_STRENGTH_NEGATIVE,170.1,2058343.0,0.6190354782011664,
radar:2026-09-09:1350,2026-09-09T13:50:00-04:00,COMPLETED,26,XAR,OK,0.0,9.97,2.58,0.0,15.0,10.0,37.55,16.73,NO_VERIFIED_CATALYST|RELATIVE_STRENGTH_NEGATIVE,247.86,115010.0,0.8221833012732789,
radar:2026-09-09:1350,2026-09-09T13:50:00-04:00,COMPLETED,27,JPM,OK,0.0,3.38,1.49,7.59,15.0,10.0,37.45,16.6,NO_VERIFIED_CATALYST,354.84,2501217.0,0.6856641405427987,
radar:2026-09-09:1350,2026-09-09T13:50:00-04:00,COMPLETED,28,ONDS,OK,0.0,9.49,2.89,0.0,15.0,10.0,37.38,16.51,NO_VERIFIED_CATALYST|RELATIVE_STRENGTH_NEGATIVE,7.465,39377076.0,0.8611044743723362,
radar:2026-09-09:1350,2026-09-09T13:50:00-04:00,COMPLETED,29,AMZN,OK,0.0,9.09,3.06,0.0,15.0,10.0,37.15,16.2,NO_VERIFIED_CATALYST|RELATIVE_STRENGTH_NEGATIVE,252.22,19040127.0,0.8820250703308535,
radar:2026-09-09:1350,2026-09-09T13:50:00-04:00,COMPLETED,30,PG,OK,0.0,9.41,2.53,0.0,15.0,10.0,36.94,15.92,NO_VERIFIED_CATALYST|RELATIVE_STRENGTH_NEGATIVE,142.645,4848019.0,0.8162151911479891,
radar:2026-09-09:1350,2026-09-09T13:50:00-04:00,COMPLETED,31,IBIT,OK,0.0,2.21,1.52,8.17,15.0,10.0,36.9,15.86,NO_VERIFIED_CATALYST,44.6,27326628.0,0.6897786199280221,
radar:2026-09-09:1350,2026-09-09T13:50:00-04:00,COMPLETED,32,CSCO,OK,0.0,2.35,0.0,8.33,15.0,10.0,35.68,14.24,NO_VERIFIED_CATALYST,109.715,4945754.0,0.3858879228361033,
radar:2026-09-09:1350,2026-09-09T13:50:00-04:00,COMPLETED,33,IBKR,OK,0.0,2.78,0.0,7.71,15.0,10.0,35.49,13.99,NO_VERIFIED_CATALYST,91.33,985087.0,0.39929772068600505,
radar:2026-09-09:1350,2026-09-09T13:50:00-04:00,COMPLETED,34,AAPL,OK,0.0,5.49,4.87,0.0,15.0,10.0,35.36,13.81,NO_VERIFIED_CATALYST|RELATIVE_STRENGTH_NEGATIVE,312.5,28958043.0,1.108471444150135,
radar:2026-09-09:1350,2026-09-09T13:50:00-04:00,COMPLETED,35,NOW,OK,0.0,10.01,0.21,0.0,15.0,10.0,35.22,13.63,NO_VERIFIED_CATALYST|RELATIVE_STRENGTH_NEGATIVE,131.33,6104463.0,0.5260979238215477,
radar:2026-09-09:1350,2026-09-09T13:50:00-04:00,COMPLETED,36,AVGO,OK,0.0,8.28,1.78,0.0,15.0,10.0,35.06,13.41,NO_VERIFIED_CATALYST|RELATIVE_STRENGTH_NEGATIVE,364.37,11691602.0,0.7221644750211493,
radar:2026-09-09:1350,2026-09-09T13:50:00-04:00,COMPLETED,37,PLTR,OK,0.0,2.38,0.28,6.83,15.0,10.0,34.5,12.66,NO_VERIFIED_CATALYST,170.725,11250416.0,0.5355282820074059,
radar:2026-09-09:1350,2026-09-09T13:50:00-04:00,COMPLETED,38,TSLA,OK,0.0,0.39,3.18,5.84,15.0,10.0,34.41,12.55,NO_VERIFIED_CATALYST,368.47,23491616.0,0.8976398135475174,
radar:2026-09-09:1350,2026-09-09T13:50:00-04:00,COMPLETED,39,ADBE,OK,0.0,1.85,0.57,5.78,15.0,10.0,33.2,10.93,NO_VERIFIED_CATALYST,257.45,1670857.0,0.5708350551505974,
radar:2026-09-09:1350,2026-09-09T13:50:00-04:00,COMPLETED,40,DIS,OK,0.0,4.43,0.43,3.14,15.0,10.0,33.0,10.67,NO_VERIFIED_CATALYST,104.675,2781329.0,0.5541480701051947,
radar:2026-09-09:1350,2026-09-09T13:50:00-04:00,COMPLETED,41,HOOD,OK,0.0,2.07,3.22,2.68,15.0,10.0,32.97,10.62,NO_VERIFIED_CATALYST|RELATIVE_STRENGTH_NEGATIVE,116.82,12928071.0,0.9028102996260386,
radar:2026-09-09:1350,2026-09-09T13:50:00-04:00,COMPLETED,42,QQQ,OK,0.0,1.15,2.79,3.86,15.0,10.0,32.8,10.4,NO_VERIFIED_CATALYST,716.595,17478673.0,0.8487215386709621,
radar:2026-09-09:1350,2026-09-09T13:50:00-04:00,COMPLETED,43,MRNA,OK,0.0,7.61,0.0,0.0,15.0,10.0,32.61,10.14,NO_VERIFIED_CATALYST|RELATIVE_STRENGTH_NEGATIVE,138.042,5003784.0,0.22288983242057814,
radar:2026-09-09:1350,2026-09-09T13:50:00-04:00,COMPLETED,44,MS,OK,0.0,2.16,0.0,5.39,15.0,10.0,32.55,10.06,NO_VERIFIED_CATALYST,216.26,1163894.0,0.4632169960953897,
radar:2026-09-09:1350,2026-09-09T13:50:00-04:00,COMPLETED,45,NOC,OK,0.0,1.8,2.65,3.02,15.0,10.0,32.47,9.95,NO_VERIFIED_CATALYST,516.58,390524.0,0.8306646054580301,
radar:2026-09-09:1350,2026-09-09T13:50:00-04:00,COMPLETED,46,REMX,OK,0.0,1.51,2.48,3.39,15.0,10.0,32.38,9.84,NO_VERIFIED_CATALYST,76.481,300825.0,0.8099303268740038,
radar:2026-09-09:1350,2026-09-09T13:50:00-04:00,COMPLETED,47,MSTR,OK,0.0,5.67,1.04,0.0,15.0,10.0,31.71,8.95,NO_VERIFIED_CATALYST|RELATIVE_STRENGTH_NEGATIVE,134.86,11801874.0,0.6300097903788091,
radar:2026-09-09:1350,2026-09-09T13:50:00-04:00,COMPLETED,48,LHX,OK,0.0,6.35,0.0,0.0,15.0,10.0,31.35,8.46,NO_VERIFIED_CATALYST|RELATIVE_STRENGTH_NEGATIVE,252.261,532456.0,0.4982623749212495,
radar:2026-09-09:1350,2026-09-09T13:50:00-04:00,COMPLETED,49,WMT,OK,0.0,1.53,0.0,4.68,15.0,10.0,31.21,8.29,NO_VERIFIED_CATALYST,105.935,7358598.0,0.39276993631352514,
radar:2026-09-09:1350,2026-09-09T13:50:00-04:00,COMPLETED,50,SPY,OK,0.0,1.93,1.2,3.0,15.0,10.0,31.13,8.18,NO_VERIFIED_CATALYST,762.98,15853715.0,0.6498131255259177,
radar:2026-09-09:1350,2026-09-09T13:50:00-04:00,COMPLETED,51,V,OK,0.0,1.31,0.0,4.8,15.0,10.0,31.1,8.14,NO_VERIFIED_CATALYST,368.31,2002798.0,0.4629177270098599,
radar:2026-09-09:1350,2026-09-09T13:50:00-04:00,COMPLETED,52,BA,OK,0.0,5.0,0.96,0.0,15.0,10.0,30.96,7.95,NO_VERIFIED_CATALYST|RELATIVE_STRENGTH_NEGATIVE,208.47,2038425.0,0.6196522412450911,
radar:2026-09-09:1350,2026-09-09T13:50:00-04:00,COMPLETED,53,MSFT,OK,0.0,1.68,0.0,4.1,15.0,10.0,30.77,7.7,NO_VERIFIED_CATALYST,492.93,6037362.0,0.4046365346514445,
radar:2026-09-09:1350,2026-09-09T13:50:00-04:00,COMPLETED,54,VOO,OK,0.0,1.82,0.86,3.03,15.0,10.0,30.71,7.61,NO_VERIFIED_CATALYST,701.365,2699134.0,0.607307576941994,
radar:2026-09-09:1350,2026-09-09T13:50:00-04:00,COMPLETED,55,WDAY,OK,0.0,3.85,0.0,1.5,15.0,10.0,30.35,7.13,NO_VERIFIED_CATALYST|RELATIVE_STRENGTH_NEGATIVE,185.09,950461.0,0.29021201443424854,
radar:2026-09-09:1350,2026-09-09T13:50:00-04:00,COMPLETED,56,NFLX,OK,0.0,3.01,0.87,1.47,15.0,10.0,30.34,7.12,NO_VERIFIED_CATALYST|RELATIVE_STRENGTH_NEGATIVE,76.275,11510097.0,0.6081890516858043,
radar:2026-09-09:1350,2026-09-09T13:50:00-04:00,COMPLETED,57,AMAT,OK,0.0,5.03,0.0,0.0,15.0,10.0,30.03,6.71,NO_VERIFIED_CATALYST|RELATIVE_STRENGTH_NEGATIVE,467.69,1774171.0,0.3593751838564288,
radar:2026-09-09:1350,2026-09-09T13:50:00-04:00,COMPLETED,58,COIN,OK,0.0,2.92,0.49,1.58,15.0,10.0,29.99,6.65,NO_VERIFIED_CATALYST|RELATIVE_STRENGTH_NEGATIVE,177.82,3713112.0,0.5610361424526171,
radar:2026-09-09:1350,2026-09-09T13:50:00-04:00,COMPLETED,59,NVDA,OK,0.0,3.12,0.52,1.32,15.0,10.0,29.96,6.62,NO_VERIFIED_CATALYST|RELATIVE_STRENGTH_NEGATIVE,224.22,48696374.0,0.565110731895819,
radar:2026-09-09:1350,2026-09-09T13:50:00-04:00,COMPLETED,60,PYPL,OK,0.0,3.54,0.0,1.22,15.0,10.0,29.75,6.34,NO_VERIFIED_CATALYST|RELATIVE_STRENGTH_NEGATIVE,52.815,3947437.0,0.46953467582474573,
radar:2026-09-09:1400,2026-09-09T14:00:00-04:00,DATA_UNAVAILABLE,,NVDA,MISSING,,,,,,,,,PRICE_CROSS_CHECK_FAILED,,,,
radar:2026-09-09:1400,2026-09-09T14:00:00-04:00,DATA_UNAVAILABLE,,AVGO,MISSING,,,,,,,,,PRICE_CROSS_CHECK_FAILED,,,,
radar:2026-09-09:1400,2026-09-09T14:00:00-04:00,DATA_UNAVAILABLE,,DELL,MISSING,,,,,,,,,PRICE_CROSS_CHECK_FAILED,,,,
radar:2026-09-09:1400,2026-09-09T14:00:00-04:00,DATA_UNAVAILABLE,,AAPL,MISSING,,,,,,,,,PRICE_CROSS_CHECK_FAILED,,,,
radar:2026-09-09:1400,2026-09-09T14:00:00-04:00,DATA_UNAVAILABLE,,TXN,MISSING,,,,,,,,,PRICE_CROSS_CHECK_FAILED,,,,
radar:2026-09-09:1400,2026-09-09T14:00:00-04:00,DATA_UNAVAILABLE,,CDNS,MISSING,,,,,,,,,PRICE_CROSS_CHECK_FAILED,,,,
radar:2026-09-09:1400,2026-09-09T14:00:00-04:00,DATA_UNAVAILABLE,,SNPS,MISSING,,,,,,,,,PRICE_CROSS_CHECK_FAILED,,,,
radar:2026-09-09:1400,2026-09-09T14:00:00-04:00,DATA_UNAVAILABLE,,ORCL,MISSING,,,,,,,,,PRICE_CROSS_CHECK_FAILED,,,,
radar:2026-09-09:1400,2026-09-09T14:00:00-04:00,DATA_UNAVAILABLE,,NOW,MISSING,,,,,,,,,PRICE_CROSS_CHECK_FAILED,,,,
radar:2026-09-09:1400,2026-09-09T14:00:00-04:00,DATA_UNAVAILABLE,,ADBE,MISSING,,,,,,,,,PRICE_CROSS_CHECK_FAILED,,,,
radar:2026-09-09:1400,2026-09-09T14:00:00-04:00,DATA_UNAVAILABLE,,WDAY,MISSING,,,,,,,,,PRICE_CROSS_CHECK_FAILED,,,,
radar:2026-09-09:1400,2026-09-09T14:00:00-04:00,DATA_UNAVAILABLE,,MSFT,MISSING,,,,,,,,,PRICE_CROSS_CHECK_FAILED,,,,
radar:2026-09-09:1400,2026-09-09T14:00:00-04:00,DATA_UNAVAILABLE,,AMZN,MISSING,,,,,,,,,PRICE_CROSS_CHECK_FAILED,,,,
radar:2026-09-09:1400,2026-09-09T14:00:00-04:00,DATA_UNAVAILABLE,,BA,MISSING,,,,,,,,,PRICE_CROSS_CHECK_FAILED,,,,
radar:2026-09-09:1400,2026-09-09T14:00:00-04:00,DATA_UNAVAILABLE,,AMD,MISSING,,,,,,,,,PRICE_CROSS_CHECK_FAILED,,,,
radar:2026-09-09:1400,2026-09-09T14:00:00-04:00,DATA_UNAVAILABLE,,INTC,MISSING,,,,,,,,,PRICE_CROSS_CHECK_FAILED,,,,
radar:2026-09-09:1400,2026-09-09T14:00:00-04:00,DATA_UNAVAILABLE,,MRVL,MISSING,,,,,,,,,PRICE_CROSS_CHECK_FAILED,,,,
radar:2026-09-09:1400,2026-09-09T14:00:00-04:00,DATA_UNAVAILABLE,,MRNA,MISSING,,,,,,,,,PRICE_CROSS_CHECK_FAILED,,,,
radar:2026-09-09:1400,2026-09-09T14:00:00-04:00,DATA_UNAVAILABLE,,SNDK,MISSING,,,,,,,,,PRICE_CROSS_CHECK_FAILED,,,,
radar:2026-09-09:1400,2026-09-09T14:00:00-04:00,DATA_UNAVAILABLE,,GOOGL,MISSING,,,,,,,,,PRICE_CROSS_CHECK_FAILED,,,,
radar:2026-09-09:1400,2026-09-09T14:00:00-04:00,DATA_UNAVAILABLE,,GS,MISSING,,,,,,,,,PRICE_CROSS_CHECK_FAILED,,,,
radar:2026-09-09:1400,2026-09-09T14:00:00-04:00,DATA_UNAVAILABLE,,ABNB,MISSING,,,,,,,,,PRICE_CROSS_CHECK_FAILED,,,,
radar:2026-09-09:1400,2026-09-09T14:00:00-04:00,DATA_UNAVAILABLE,,DASH,MISSING,,,,,,,,,PRICE_CROSS_CHECK_FAILED,,,,
radar:2026-09-09:1400,2026-09-09T14:00:00-04:00,DATA_UNAVAILABLE,,MU,MISSING,,,,,,,,,PRICE_CROSS_CHECK_FAILED,,,,
radar:2026-09-09:1400,2026-09-09T14:00:00-04:00,DATA_UNAVAILABLE,,GE,MISSING,,,,,,,,,PRICE_CROSS_CHECK_FAILED,,,,
radar:2026-09-09:1400,2026-09-09T14:00:00-04:00,DATA_UNAVAILABLE,,JPM,MISSING,,,,,,,,,PRICE_CROSS_CHECK_FAILED,,,,
radar:2026-09-09:1400,2026-09-09T14:00:00-04:00,DATA_UNAVAILABLE,,BAC,MISSING,,,,,,,,,PRICE_CROSS_CHECK_FAILED,,,,
radar:2026-09-09:1400,2026-09-09T14:00:00-04:00,DATA_UNAVAILABLE,,MS,MISSING,,,,,,,,,PRICE_CROSS_CHECK_FAILED,,,,
radar:2026-09-09:1400,2026-09-09T14:00:00-04:00,DATA_UNAVAILABLE,,WMT,MISSING,,,,,,,,,PRICE_CROSS_CHECK_FAILED,,,,
radar:2026-09-09:1400,2026-09-09T14:00:00-04:00,DATA_UNAVAILABLE,,COIN,MISSING,,,,,,,,,PRICE_CROSS_CHECK_FAILED,,,,
radar:2026-09-09:1400,2026-09-09T14:00:00-04:00,DATA_UNAVAILABLE,,HOOD,MISSING,,,,,,,,,PRICE_CROSS_CHECK_FAILED,,,,
radar:2026-09-09:1400,2026-09-09T14:00:00-04:00,DATA_UNAVAILABLE,,PLTR,MISSING,,,,,,,,,PRICE_CROSS_CHECK_FAILED,,,,
radar:2026-09-09:1400,2026-09-09T14:00:00-04:00,DATA_UNAVAILABLE,,MSTR,MISSING,,,,,,,,,PRICE_CROSS_CHECK_FAILED,,,,
radar:2026-09-09:1400,2026-09-09T14:00:00-04:00,DATA_UNAVAILABLE,,META,MISSING,,,,,,,,,PRICE_CROSS_CHECK_FAILED,,,,
radar:2026-09-09:1400,2026-09-09T14:00:00-04:00,DATA_UNAVAILABLE,,NFLX,MISSING,,,,,,,,,PRICE_CROSS_CHECK_FAILED,,,,
radar:2026-09-09:1400,2026-09-09T14:00:00-04:00,DATA_UNAVAILABLE,,UBER,MISSING,,,,,,,,,PRICE_CROSS_CHECK_FAILED,,,,
radar:2026-09-09:1400,2026-09-09T14:00:00-04:00,DATA_UNAVAILABLE,,PYPL,MISSING,,,,,,,,,PRICE_CROSS_CHECK_FAILED,,,,
radar:2026-09-09:1400,2026-09-09T14:00:00-04:00,DATA_UNAVAILABLE,,V,MISSING,,,,,,,,,PRICE_CROSS_CHECK_FAILED,,,,
radar:2026-09-09:1400,2026-09-09T14:00:00-04:00,DATA_UNAVAILABLE,,EBAY,MISSING,,,,,,,,,PRICE_CROSS_CHECK_FAILED,,,,
radar:2026-09-09:1400,2026-09-09T14:00:00-04:00,DATA_UNAVAILABLE,,DIS,MISSING,,,,,,,,,PRICE_CROSS_CHECK_FAILED,,,,
radar:2026-09-09:1400,2026-09-09T14:00:00-04:00,DATA_UNAVAILABLE,,PG,MISSING,,,,,,,,,PRICE_CROSS_CHECK_FAILED,,,,
radar:2026-09-09:1400,2026-09-09T14:00:00-04:00,DATA_UNAVAILABLE,,CVX,MISSING,,,,,,,,,PRICE_CROSS_CHECK_FAILED,,,,
radar:2026-09-09:1400,2026-09-09T14:00:00-04:00,DATA_UNAVAILABLE,,QCOM,MISSING,,,,,,,,,PRICE_CROSS_CHECK_FAILED,,,,
radar:2026-09-09:1400,2026-09-09T14:00:00-04:00,DATA_UNAVAILABLE,,AMAT,MISSING,,,,,,,,,PRICE_CROSS_CHECK_FAILED,,,,
radar:2026-09-09:1400,2026-09-09T14:00:00-04:00,DATA_UNAVAILABLE,,TSLA,MISSING,,,,,,,,,PRICE_CROSS_CHECK_FAILED,,,,
radar:2026-09-09:1400,2026-09-09T14:00:00-04:00,DATA_UNAVAILABLE,,CSCO,MISSING,,,,,,,,,PRICE_CROSS_CHECK_FAILED,,,,
radar:2026-09-09:1400,2026-09-09T14:00:00-04:00,DATA_UNAVAILABLE,,ALAB,MISSING,,,,,,,,,PRICE_CROSS_CHECK_FAILED,,,,
radar:2026-09-09:1400,2026-09-09T14:00:00-04:00,DATA_UNAVAILABLE,,IBKR,MISSING,,,,,,,,,PRICE_CROSS_CHECK_FAILED,,,,
radar:2026-09-09:1400,2026-09-09T14:00:00-04:00,DATA_UNAVAILABLE,,LHX,MISSING,,,,,,,,,PRICE_CROSS_CHECK_FAILED,,,,
radar:2026-09-09:1400,2026-09-09T14:00:00-04:00,DATA_UNAVAILABLE,,NOC,MISSING,,,,,,,,,PRICE_CROSS_CHECK_FAILED,,,,
radar:2026-09-09:1400,2026-09-09T14:00:00-04:00,DATA_UNAVAILABLE,,ONDS,MISSING,,,,,,,,,PRICE_CROSS_CHECK_FAILED,,,,
radar:2026-09-09:1400,2026-09-09T14:00:00-04:00,DATA_UNAVAILABLE,,SPY,MISSING,,,,,,,,,PRICE_CROSS_CHECK_FAILED,,,,
radar:2026-09-09:1400,2026-09-09T14:00:00-04:00,DATA_UNAVAILABLE,,QQQ,MISSING,,,,,,,,,PRICE_CROSS_CHECK_FAILED,,,,
radar:2026-09-09:1400,2026-09-09T14:00:00-04:00,DATA_UNAVAILABLE,,VOO,MISSING,,,,,,,,,PRICE_CROSS_CHECK_FAILED,,,,
radar:2026-09-09:1400,2026-09-09T14:00:00-04:00,DATA_UNAVAILABLE,,IBIT,MISSING,,,,,,,,,PRICE_CROSS_CHECK_FAILED,,,,
radar:2026-09-09:1400,2026-09-09T14:00:00-04:00,DATA_UNAVAILABLE,,XLE,MISSING,,,,,,,,,PRICE_CROSS_CHECK_FAILED,,,,
radar:2026-09-09:1400,2026-09-09T14:00:00-04:00,DATA_UNAVAILABLE,,GLTR,MISSING,,,,,,,,,PRICE_CROSS_CHECK_FAILED,,,,
radar:2026-09-09:1400,2026-09-09T14:00:00-04:00,DATA_UNAVAILABLE,,REMX,MISSING,,,,,,,,,PRICE_CROSS_CHECK_FAILED,,,,
radar:2026-09-09:1400,2026-09-09T14:00:00-04:00,DATA_UNAVAILABLE,,ITA,MISSING,,,,,,,,,PRICE_CROSS_CHECK_FAILED,,,,
radar:2026-09-09:1400,2026-09-09T14:00:00-04:00,DATA_UNAVAILABLE,,XAR,MISSING,,,,,,,,,PRICE_CROSS_CHECK_FAILED,,,,
radar:2026-09-09:1410,2026-09-09T14:10:00-04:00,COMPLETED,1,META,OK,0.0,15.88,13.28,15.0,15.0,10.0,69.16,58.88,NO_VERIFIED_CATALYST,650.81,25119185.0,2.1596105671906067,b73da8f9-3bab-4044-ba32-22c22fba8620
radar:2026-09-09:1410,2026-09-09T14:10:00-04:00,COMPLETED,2,AMD,OK,0.0,17.61,6.49,15.0,15.0,10.0,64.1,52.13,NO_VERIFIED_CATALYST|SCORE_BELOW_PLAN_THRESHOLD,523.39,16880741.0,1.3114184882358106,
radar:2026-09-09:1410,2026-09-09T14:10:00-04:00,COMPLETED,3,MRVL,OK,0.0,14.0,2.94,15.0,15.0,10.0,56.94,42.59,NO_VERIFIED_CATALYST|SCORE_BELOW_PLAN_THRESHOLD,235.78,15230442.0,0.8676640288721048,
radar:2026-09-09:1410,2026-09-09T14:10:00-04:00,COMPLETED,4,ALAB,OK,0.0,14.0,2.57,15.0,15.0,10.0,56.57,42.1,NO_VERIFIED_CATALYST|ADV_TOO_LOW,299.475,2069445.0,0.8217801086859482,
radar:2026-09-09:1410,2026-09-09T14:10:00-04:00,COMPLETED,5,GLTR,OK,0.0,11.44,4.96,15.0,15.0,10.0,56.4,41.86,NO_VERIFIED_CATALYST|ADV_TOO_LOW,202.64,47334.0,1.119440477375365,
radar:2026-09-09:1410,2026-09-09T14:10:00-04:00,COMPLETED,6,INTC,OK,0.0,11.57,4.13,14.48,15.0,10.0,55.18,40.24,NO_VERIFIED_CATALYST,106.02,72820627.0,1.0161921022007638,
radar:2026-09-09:1410,2026-09-09T14:10:00-04:00,COMPLETED,7,MU,OK,0.0,11.26,3.02,15.0,15.0,10.0,54.28,39.03,NO_VERIFIED_CATALYST,1024.175,17401971.0,0.8769405717257212,
radar:2026-09-09:1410,2026-09-09T14:10:00-04:00,COMPLETED,8,CVX,OK,0.0,8.13,3.29,15.0,15.0,10.0,51.42,35.22,NO_VERIFIED_CATALYST,213.455,4900464.0,0.9107156538797629,
radar:2026-09-09:1410,2026-09-09T14:10:00-04:00,COMPLETED,9,SNPS,OK,0.0,12.05,0.32,13.35,15.0,10.0,50.71,34.29,NO_VERIFIED_CATALYST,397.11,695595.0,0.5398832507759126,
radar:2026-09-09:1410,2026-09-09T14:10:00-04:00,COMPLETED,10,SNDK,OK,0.0,8.21,2.09,15.0,15.0,10.0,50.3,33.74,NO_VERIFIED_CATALYST,1768.575,7272193.0,0.7615065014515073,
radar:2026-09-09:1410,2026-09-09T14:10:00-04:00,COMPLETED,11,ORCL,OK,0.0,9.83,3.04,10.7,15.0,10.0,48.58,31.44,NO_VERIFIED_CATALYST,163.91,14780597.0,0.8803377259502004,
radar:2026-09-09:1410,2026-09-09T14:10:00-04:00,COMPLETED,12,DELL,OK,0.0,6.15,3.15,13.48,15.0,10.0,47.78,30.37,NO_VERIFIED_CATALYST,540.915,5392828.0,0.8939388526746281,
radar:2026-09-09:1410,2026-09-09T14:10:00-04:00,COMPLETED,13,QCOM,OK,0.0,5.24,4.68,12.31,15.0,10.0,47.24,29.65,NO_VERIFIED_CATALYST,176.046,7743137.0,1.0853184151804804,
radar:2026-09-09:1410,2026-09-09T14:10:00-04:00,COMPLETED,14,XLE,OK,0.0,4.47,3.83,11.32,15.0,10.0,44.61,26.15,NO_VERIFIED_CATALYST,65.39,17849043.0,0.9783543005286824,
radar:2026-09-09:1410,2026-09-09T14:10:00-04:00,COMPLETED,15,EBAY,OK,0.0,5.96,6.05,7.06,15.0,10.0,44.07,25.43,NO_VERIFIED_CATALYST,104.85,3825007.0,1.256604826868492,
radar:2026-09-09:1410,2026-09-09T14:10:00-04:00,COMPLETED,16,GE,OK,0.0,14.0,4.8,0.0,15.0,10.0,43.8,25.07,NO_VERIFIED_CATALYST|RELATIVE_STRENGTH_NEGATIVE,324.8,2765742.0,1.1002617353355875,
radar:2026-09-09:1410,2026-09-09T14:10:00-04:00,COMPLETED,17,GOOGL,OK,0.0,12.3,6.12,0.0,15.0,10.0,43.42,24.56,NO_VERIFIED_CATALYST|RELATIVE_STRENGTH_NEGATIVE,330.47,20373319.0,1.2645512921632263,
radar:2026-09-09:1410,2026-09-09T14:10:00-04:00,COMPLETED,18,TXN,OK,0.0,6.74,0.0,11.46,15.0,10.0,43.2,24.26,NO_VERIFIED_CATALYST,261.46,1767329.0,0.4521527443833818,
radar:2026-09-09:1410,2026-09-09T14:10:00-04:00,COMPLETED,19,ITA,OK,0.0,7.07,9.48,0.0,15.0,10.0,41.55,22.06,NO_VERIFIED_CATALYST|RELATIVE_STRENGTH_NEGATIVE,220.145,685124.0,1.685052777189193,
radar:2026-09-09:1410,2026-09-09T14:10:00-04:00,COMPLETED,20,UBER,OK,0.0,10.78,4.81,0.0,15.0,10.0,40.59,20.79,NO_VERIFIED_CATALYST|RELATIVE_STRENGTH_NEGATIVE,71.44,12171058.0,1.1007754874498543,
radar:2026-09-09:1410,2026-09-09T14:10:00-04:00,COMPLETED,21,CDNS,OK,0.0,4.82,0.93,9.59,15.0,10.0,40.33,20.44,NO_VERIFIED_CATALYST,286.01,1050197.0,0.6160484724066025,
radar:2026-09-09:1410,2026-09-09T14:10:00-04:00,COMPLETED,22,BAC,OK,0.0,3.71,2.75,8.07,15.0,10.0,39.53,19.37,NO_VERIFIED_CATALYST,62.65,17682003.0,0.8433039191132946,
radar:2026-09-09:1410,2026-09-09T14:10:00-04:00,COMPLETED,23,DASH,OK,0.0,10.48,3.64,0.0,15.0,10.0,39.12,18.83,NO_VERIFIED_CATALYST|RELATIVE_STRENGTH_NEGATIVE,197.88,2742935.0,0.9549660385102609,
radar:2026-09-09:1410,2026-09-09T14:10:00-04:00,COMPLETED,24,ONDS,OK,0.0,10.41,2.63,0.0,15.0,10.0,38.04,17.39,NO_VERIFIED_CATALYST|RELATIVE_STRENGTH_NEGATIVE,7.45,40826932.0,0.8290392136455857,
radar:2026-09-09:1410,2026-09-09T14:10:00-04:00,COMPLETED,25,XAR,OK,0.0,9.67,2.58,0.0,15.0,10.0,37.25,16.34,NO_VERIFIED_CATALYST|RELATIVE_STRENGTH_NEGATIVE,248.02,123909.0,0.8225301882550324,
radar:2026-09-09:1410,2026-09-09T14:10:00-04:00,COMPLETED,26,ABNB,OK,0.0,11.26,0.8,0.0,15.0,10.0,37.05,16.07,NO_VERIFIED_CATALYST|RELATIVE_STRENGTH_NEGATIVE,170.33,2147736.0,0.5997836679071106,
radar:2026-09-09:1410,2026-09-09T14:10:00-04:00,COMPLETED,27,AAPL,OK,0.0,6.55,5.47,0.0,15.0,10.0,37.02,16.03,NO_VERIFIED_CATALYST|RELATIVE_STRENGTH_NEGATIVE,311.78,33296449.0,1.1835024626431556,
radar:2026-09-09:1410,2026-09-09T14:10:00-04:00,COMPLETED,28,AMZN,OK,0.0,9.1,2.78,0.0,15.0,10.0,36.89,15.85,NO_VERIFIED_CATALYST|RELATIVE_STRENGTH_NEGATIVE,252.27,19713988.0,0.8480110713053715,
radar:2026-09-09:1410,2026-09-09T14:10:00-04:00,COMPLETED,29,JPM,OK,0.0,2.6,1.31,7.42,15.0,10.0,36.33,15.11,NO_VERIFIED_CATALYST,354.6,2605543.0,0.6632454140247507,
radar:2026-09-09:1410,2026-09-09T14:10:00-04:00,COMPLETED,30,PG,OK,0.0,8.94,2.26,0.0,15.0,10.0,36.21,14.94,NO_VERIFIED_CATALYST|RELATIVE_STRENGTH_NEGATIVE,142.79,5008470.0,0.7829993161512601,
radar:2026-09-09:1410,2026-09-09T14:10:00-04:00,COMPLETED,31,IBIT,OK,0.0,1.68,1.23,7.74,15.0,10.0,35.65,14.2,NO_VERIFIED_CATALYST,44.55,27890918.0,0.6537360564381847,
radar:2026-09-09:1410,2026-09-09T14:10:00-04:00,COMPLETED,32,CSCO,OK,0.0,1.86,0.0,7.96,15.0,10.0,34.82,13.1,NO_VERIFIED_CATALYST,109.605,5222929.0,0.3784066357438609,
radar:2026-09-09:1410,2026-09-09T14:10:00-04:00,COMPLETED,33,AVGO,OK,0.0,8.25,1.56,0.0,15.0,10.0,34.81,13.08,NO_VERIFIED_CATALYST|RELATIVE_STRENGTH_NEGATIVE,364.61,12119504.0,0.6951249708316737,
radar:2026-09-09:1410,2026-09-09T14:10:00-04:00,COMPLETED,34,GS,OK,0.0,4.59,1.89,3.25,15.0,10.0,34.73,12.97,NO_VERIFIED_CATALYST,1032.51,943469.0,0.7363997935662394,
radar:2026-09-09:1410,2026-09-09T14:10:00-04:00,COMPLETED,35,NOW,OK,0.0,9.32,0.14,0.0,15.0,10.0,34.46,12.61,NO_VERIFIED_CATALYST|RELATIVE_STRENGTH_NEGATIVE,131.53,6467865.0,0.5176020818631786,
radar:2026-09-09:1410,2026-09-09T14:10:00-04:00,COMPLETED,36,MRNA,OK,0.0,8.9,0.0,0.0,15.0,10.0,33.9,11.86,NO_VERIFIED_CATALYST|RELATIVE_STRENGTH_NEGATIVE,137.655,5218513.0,0.2158511759588736,
radar:2026-09-09:1410,2026-09-09T14:10:00-04:00,COMPLETED,37,TSLA,OK,0.0,0.14,2.84,5.75,15.0,10.0,33.74,11.65,NO_VERIFIED_CATALYST,368.27,24109265.0,0.8554391653103203,
radar:2026-09-09:1410,2026-09-09T14:10:00-04:00,COMPLETED,38,DIS,OK,0.0,4.35,0.33,3.63,15.0,10.0,33.31,11.08,NO_VERIFIED_CATALYST,104.72,2925469.0,0.5412337959818843,
radar:2026-09-09:1410,2026-09-09T14:10:00-04:00,COMPLETED,39,PLTR,OK,0.0,1.58,0.08,6.63,15.0,10.0,33.28,11.04,NO_VERIFIED_CATALYST,170.6,11526989.0,0.509501720114003,
radar:2026-09-09:1410,2026-09-09T14:10:00-04:00,COMPLETED,40,HOOD,OK,0.0,1.51,3.0,3.63,15.0,10.0,33.14,10.86,NO_VERIFIED_CATALYST,116.96,13495209.0,0.8751013162985786,
radar:2026-09-09:1410,2026-09-09T14:10:00-04:00,COMPLETED,41,QQQ,OK,0.0,1.34,2.52,3.84,15.0,10.0,32.71,10.27,NO_VERIFIED_CATALYST,716.29,18067228.0,0.814637198503768,
radar:2026-09-09:1410,2026-09-09T14:10:00-04:00,COMPLETED,42,REMX,OK,0.0,1.54,2.1,4.01,15.0,10.0,32.64,10.19,NO_VERIFIED_CATALYST,76.53,304764.0,0.761926969456953,
radar:2026-09-09:1410,2026-09-09T14:10:00-04:00,COMPLETED,43,MSTR,OK,0.0,6.85,0.76,0.0,15.0,10.0,32.61,10.15,NO_VERIFIED_CATALYST|RELATIVE_STRENGTH_NEGATIVE,134.515,12002139.0,0.5949369225935808,
radar:2026-09-09:1410,2026-09-09T14:10:00-04:00,COMPLETED,44,NOC,OK,0.0,1.27,2.36,3.94,15.0,10.0,32.57,10.09,NO_VERIFIED_CATALYST,517.17,402454.0,0.7948957419457521,
radar:2026-09-09:1410,2026-09-09T14:10:00-04:00,COMPLETED,45,IBKR,OK,0.0,0.85,0.0,6.66,15.0,10.0,32.51,10.01,NO_VERIFIED_CATALYST,91.135,1038154.0,0.39075088533731067,
radar:2026-09-09:1410,2026-09-09T14:10:00-04:00,COMPLETED,46,ADBE,OK,0.0,1.21,0.45,5.69,15.0,10.0,32.35,9.8,NO_VERIFIED_CATALYST,257.31,1751605.0,0.5556783481097116,
radar:2026-09-09:1410,2026-09-09T14:10:00-04:00,COMPLETED,47,WMT,OK,0.0,1.54,0.0,5.12,15.0,10.0,31.66,8.88,NO_VERIFIED_CATALYST,105.97,7615419.0,0.3774443329638846,
radar:2026-09-09:1410,2026-09-09T14:10:00-04:00,COMPLETED,48,LHX,OK,0.0,6.5,0.0,0.0,15.0,10.0,31.5,8.66,NO_VERIFIED_CATALYST|RELATIVE_STRENGTH_NEGATIVE,252.18,552613.0,0.4801881202490673,
radar:2026-09-09:1410,2026-09-09T14:10:00-04:00,COMPLETED,49,BA,OK,0.0,5.38,0.84,0.0,15.0,10.0,31.22,8.29,NO_VERIFIED_CATALYST|RELATIVE_STRENGTH_NEGATIVE,208.3,2142247.0,0.6046983406774323,
radar:2026-09-09:1410,2026-09-09T14:10:00-04:00,COMPLETED,50,SPY,OK,0.0,2.0,1.03,3.0,15.0,10.0,31.03,8.04,NO_VERIFIED_CATALYST,762.675,16509608.0,0.6283623280312971,
radar:2026-09-09:1410,2026-09-09T14:10:00-04:00,COMPLETED,51,MS,OK,0.0,1.68,0.0,4.1,15.0,10.0,30.78,7.71,NO_VERIFIED_CATALYST,215.71,1209027.0,0.4468101208658128,
radar:2026-09-09:1410,2026-09-09T14:10:00-04:00,COMPLETED,52,VOO,OK,0.0,1.97,0.7,3.04,15.0,10.0,30.71,7.61,NO_VERIFIED_CATALYST,701.095,2810316.0,0.5871585041190173,
radar:2026-09-09:1410,2026-09-09T14:10:00-04:00,COMPLETED,53,WDAY,OK,0.0,3.82,0.0,1.84,15.0,10.0,30.66,7.55,NO_VERIFIED_CATALYST|RELATIVE_STRENGTH_NEGATIVE,185.12,988337.0,0.28022190838454536,
radar:2026-09-09:1410,2026-09-09T14:10:00-04:00,COMPLETED,54,AMAT,OK,0.0,5.38,0.0,0.0,15.0,10.0,30.38,7.18,NO_VERIFIED_CATALYST|RELATIVE_STRENGTH_NEGATIVE,467.335,1860512.0,0.34994599643781765,
radar:2026-09-09:1410,2026-09-09T14:10:00-04:00,COMPLETED,55,NFLX,OK,0.0,3.25,0.74,1.39,15.0,10.0,30.38,7.17,NO_VERIFIED_CATALYST|RELATIVE_STRENGTH_NEGATIVE,76.235,12068179.0,0.5921303248619074,
radar:2026-09-09:1410,2026-09-09T14:10:00-04:00,COMPLETED,56,MSFT,OK,0.0,1.52,0.0,3.79,15.0,10.0,30.3,7.07,NO_VERIFIED_CATALYST,492.479,6352179.0,0.39532706596136497,
radar:2026-09-09:1410,2026-09-09T14:10:00-04:00,COMPLETED,57,V,OK,0.0,1.08,0.0,4.18,15.0,10.0,30.26,7.02,NO_VERIFIED_CATALYST,367.785,2144652.0,0.46029837379168814,
radar:2026-09-09:1410,2026-09-09T14:10:00-04:00,COMPLETED,58,NVDA,OK,0.0,3.34,0.32,1.28,15.0,10.0,29.93,6.58,NO_VERIFIED_CATALYST|RELATIVE_STRENGTH_NEGATIVE,224.115,50057997.0,0.5394191302115154,
radar:2026-09-09:1410,2026-09-09T14:10:00-04:00,COMPLETED,59,COIN,OK,0.0,3.95,0.29,0.49,15.0,10.0,29.74,6.32,NO_VERIFIED_CATALYST|RELATIVE_STRENGTH_NEGATIVE,177.424,3826168.0,0.536825047888188,
radar:2026-09-09:1410,2026-09-09T14:10:00-04:00,COMPLETED,60,PYPL,OK,0.0,4.43,0.0,0.0,15.0,10.0,29.43,5.91,NO_VERIFIED_CATALYST|RELATIVE_STRENGTH_NEGATIVE,52.675,4119630.0,0.4550159508917456,
radar:2026-09-09:1420,2026-09-09T14:20:00-04:00,COMPLETED,1,META,OK,0.0,16.14,12.87,15.0,15.0,10.0,69.01,58.68,NO_VERIFIED_CATALYST,651.105,25408021.0,2.109113419790821,4905e43b-2bd6-49cb-a987-748f445ba27c
radar:2026-09-09:1420,2026-09-09T14:20:00-04:00,COMPLETED,2,AMD,OK,0.0,18.06,6.26,15.0,15.0,10.0,64.32,52.42,NO_VERIFIED_CATALYST|SCORE_BELOW_PLAN_THRESHOLD,523.83,17091910.0,1.2820341348941116,
radar:2026-09-09:1420,2026-09-09T14:20:00-04:00,COMPLETED,3,MRVL,OK,0.0,14.0,2.76,15.0,15.0,10.0,56.76,42.35,NO_VERIFIED_CATALYST|SCORE_BELOW_PLAN_THRESHOLD,235.635,15371715.0,0.845513615877582,
radar:2026-09-09:1420,2026-09-09T14:20:00-04:00,COMPLETED,4,MU,OK,0.0,13.7,2.91,15.0,15.0,10.0,56.61,42.15,NO_VERIFIED_CATALYST|SCORE_BELOW_PLAN_THRESHOLD,1026.52,17742220.0,0.8632545551445379,
radar:2026-09-09:1420,2026-09-09T14:20:00-04:00,COMPLETED,5,ALAB,OK,0.0,14.0,2.44,15.0,15.0,10.0,56.44,41.92,NO_VERIFIED_CATALYST|ADV_TOO_LOW,299.8,2100130.0,0.8052062014828003,
radar:2026-09-09:1420,2026-09-09T14:20:00-04:00,COMPLETED,6,GLTR,OK,0.0,11.44,4.65,15.0,15.0,10.0,56.09,41.45,NO_VERIFIED_CATALYST,202.64,47334.0,1.0808369972738905,
radar:2026-09-09:1420,2026-09-09T14:20:00-04:00,COMPLETED,7,INTC,OK,0.0,9.59,3.96,13.36,15.0,10.0,51.91,35.88,NO_VERIFIED_CATALYST,105.83,73886147.0,0.9955053924977049,
radar:2026-09-09:1420,2026-09-09T14:20:00-04:00,COMPLETED,8,SNDK,OK,0.0,9.4,1.96,15.0,15.0,10.0,51.36,35.14,NO_VERIFIED_CATALYST,1773.005,7364030.0,0.7445313070126974,
radar:2026-09-09:1420,2026-09-09T14:20:00-04:00,COMPLETED,9,CVX,OK,0.0,7.74,3.16,15.0,15.0,10.0,50.9,34.54,NO_VERIFIED_CATALYST,213.28,4990707.0,0.8955026346560919,
radar:2026-09-09:1420,2026-09-09T14:20:00-04:00,COMPLETED,10,ORCL,OK,0.0,10.02,3.04,10.88,15.0,10.0,48.94,31.92,NO_VERIFIED_CATALYST,163.966,15302020.0,0.8799647974616517,
radar:2026-09-09:1420,2026-09-09T14:20:00-04:00,COMPLETED,11,SNPS,OK,0.0,10.77,0.32,12.32,15.0,10.0,48.41,31.21,NO_VERIFIED_CATALYST,396.455,720451.0,0.5398921924688044,
radar:2026-09-09:1420,2026-09-09T14:20:00-04:00,COMPLETED,12,QCOM,OK,0.0,4.74,4.47,11.65,15.0,10.0,45.86,27.81,NO_VERIFIED_CATALYST,175.86,7821570.0,1.0585060899164498,
radar:2026-09-09:1420,2026-09-09T14:20:00-04:00,COMPLETED,13,XLE,OK,0.0,4.18,3.65,10.92,15.0,10.0,43.75,25.0,NO_VERIFIED_CATALYST,65.35,18071656.0,0.9563973620095902,
radar:2026-09-09:1420,2026-09-09T14:20:00-04:00,COMPLETED,14,GE,OK,0.0,14.0,4.6,0.0,15.0,10.0,43.6,24.8,NO_VERIFIED_CATALYST|RELATIVE_STRENGTH_NEGATIVE,324.635,2799340.0,1.0752245958948918,
radar:2026-09-09:1420,2026-09-09T14:20:00-04:00,COMPLETED,15,EBAY,OK,0.0,5.23,6.47,6.84,15.0,10.0,43.54,24.72,NO_VERIFIED_CATALYST,104.815,4126555.0,1.3089206614548243,
radar:2026-09-09:1420,2026-09-09T14:20:00-04:00,COMPLETED,16,TXN,OK,0.0,6.94,0.0,11.59,15.0,10.0,43.53,24.71,NO_VERIFIED_CATALYST,261.53,1851222.0,0.4572834314813654,
radar:2026-09-09:1420,2026-09-09T14:20:00-04:00,COMPLETED,17,GOOGL,OK,0.0,12.25,5.86,0.0,15.0,10.0,43.11,24.14,NO_VERIFIED_CATALYST|RELATIVE_STRENGTH_NEGATIVE,330.37,20561072.0,1.2321954880665251,
radar:2026-09-09:1420,2026-09-09T14:20:00-04:00,COMPLETED,18,DELL,OK,0.0,3.75,3.08,10.37,15.0,10.0,42.2,22.94,NO_VERIFIED_CATALYST,538.175,5526119.0,0.8844446777680597,
radar:2026-09-09:1420,2026-09-09T14:20:00-04:00,COMPLETED,19,ITA,OK,0.0,7.27,9.14,0.0,15.0,10.0,41.41,21.87,NO_VERIFIED_CATALYST|RELATIVE_STRENGTH_NEGATIVE,220.05,691680.0,1.6425127172746243,
radar:2026-09-09:1420,2026-09-09T14:20:00-04:00,COMPLETED,20,BAC,OK,0.0,4.61,2.64,8.58,15.0,10.0,40.83,21.1,NO_VERIFIED_CATALYST,62.705,18029324.0,0.8302163807149793,
radar:2026-09-09:1420,2026-09-09T14:20:00-04:00,COMPLETED,21,CDNS,OK,0.0,4.9,0.95,9.64,15.0,10.0,40.49,20.66,NO_VERIFIED_CATALYST,286.05,1092028.0,0.6184962653399035,
radar:2026-09-09:1420,2026-09-09T14:20:00-04:00,COMPLETED,22,UBER,OK,0.0,10.72,4.65,0.0,15.0,10.0,40.37,20.5,NO_VERIFIED_CATALYST|RELATIVE_STRENGTH_NEGATIVE,71.45,12386075.0,1.0815916337102738,
radar:2026-09-09:1420,2026-09-09T14:20:00-04:00,COMPLETED,23,ONDS,OK,0.0,11.94,2.58,0.0,15.0,10.0,39.52,19.37,NO_VERIFIED_CATALYST|RELATIVE_STRENGTH_NEGATIVE,7.425,41961347.0,0.8226913759056306,
radar:2026-09-09:1420,2026-09-09T14:20:00-04:00,COMPLETED,24,DASH,OK,0.0,10.34,3.46,0.0,15.0,10.0,38.8,18.4,NO_VERIFIED_CATALYST|RELATIVE_STRENGTH_NEGATIVE,197.75,2774785.0,0.9327407373300929,
radar:2026-09-09:1420,2026-09-09T14:20:00-04:00,COMPLETED,25,AAPL,OK,0.0,7.39,6.24,0.0,15.0,10.0,38.63,18.17,NO_VERIFIED_CATALYST|RELATIVE_STRENGTH_NEGATIVE,311.213,37301211.0,1.2801279328556627,
radar:2026-09-09:1420,2026-09-09T14:20:00-04:00,COMPLETED,26,ABNB,OK,0.0,12.22,0.78,0.0,15.0,10.0,37.99,17.33,NO_VERIFIED_CATALYST|RELATIVE_STRENGTH_NEGATIVE,169.97,2214142.0,0.5970056002103862,
radar:2026-09-09:1420,2026-09-09T14:20:00-04:00,COMPLETED,27,JPM,OK,0.0,3.54,1.21,7.94,15.0,10.0,37.69,16.93,NO_VERIFIED_CATALYST,354.92,2652211.0,0.6518434093134409,
radar:2026-09-09:1420,2026-09-09T14:20:00-04:00,COMPLETED,28,XAR,OK,0.0,9.99,2.45,0.0,15.0,10.0,37.44,16.59,NO_VERIFIED_CATALYST|RELATIVE_STRENGTH_NEGATIVE,247.85,125839.0,0.8065354271727274,
radar:2026-09-09:1420,2026-09-09T14:20:00-04:00,COMPLETED,29,AMZN,OK,0.0,8.99,2.67,0.0,15.0,10.0,36.65,15.54,NO_VERIFIED_CATALYST|RELATIVE_STRENGTH_NEGATIVE,252.07,20063262.0,0.83327389211334,
radar:2026-09-09:1420,2026-09-09T14:20:00-04:00,COMPLETED,30,PG,OK,0.0,8.62,2.11,0.0,15.0,10.0,35.73,14.31,NO_VERIFIED_CATALYST|RELATIVE_STRENGTH_NEGATIVE,142.89,5060927.0,0.7639159448140687,
radar:2026-09-09:1420,2026-09-09T14:20:00-04:00,COMPLETED,31,TSLA,OK,0.0,1.02,2.69,6.86,15.0,10.0,35.56,14.09,NO_VERIFIED_CATALYST,368.965,24397096.0,0.8358002380451987,
radar:2026-09-09:1420,2026-09-09T14:20:00-04:00,COMPLETED,32,MRNA,OK,0.0,10.23,0.0,0.0,15.0,10.0,35.23,13.63,NO_VERIFIED_CATALYST|RELATIVE_STRENGTH_NEGATIVE,137.255,5310123.0,0.21206618623915868,
radar:2026-09-09:1420,2026-09-09T14:20:00-04:00,COMPLETED,33,AVGO,OK,0.0,8.11,1.46,0.0,15.0,10.0,34.57,12.76,NO_VERIFIED_CATALYST|RELATIVE_STRENGTH_NEGATIVE,364.369,12333291.0,0.6829929457065408,
radar:2026-09-09:1420,2026-09-09T14:20:00-04:00,COMPLETED,34,IBIT,OK,0.0,1.14,1.09,7.01,15.0,10.0,34.23,12.31,NO_VERIFIED_CATALYST,44.498,28133943.0,0.6366920530713983,
radar:2026-09-09:1420,2026-09-09T14:20:00-04:00,COMPLETED,35,GS,OK,0.0,4.45,1.79,2.85,15.0,10.0,34.09,12.12,NO_VERIFIED_CATALYST|RELATIVE_STRENGTH_NEGATIVE,1031.871,961150.0,0.7243298605313817,
radar:2026-09-09:1420,2026-09-09T14:20:00-04:00,COMPLETED,36,NOW,OK,0.0,8.73,0.07,0.0,15.0,10.0,33.79,11.73,NO_VERIFIED_CATALYST|RELATIVE_STRENGTH_NEGATIVE,131.7,6579146.0,0.5083511237203332,
radar:2026-09-09:1420,2026-09-09T14:20:00-04:00,COMPLETED,37,MSTR,OK,0.0,8.03,0.64,0.0,15.0,10.0,33.67,11.56,NO_VERIFIED_CATALYST|RELATIVE_STRENGTH_NEGATIVE,134.17,12109909.0,0.5795786061788915,
radar:2026-09-09:1420,2026-09-09T14:20:00-04:00,COMPLETED,38,DIS,OK,0.0,4.32,0.27,3.75,15.0,10.0,33.34,11.12,NO_VERIFIED_CATALYST,104.745,2986116.0,0.5334027829362781,
radar:2026-09-09:1420,2026-09-09T14:20:00-04:00,COMPLETED,39,HOOD,OK,0.0,1.47,2.89,3.65,15.0,10.0,33.01,10.69,NO_VERIFIED_CATALYST,116.97,13753451.0,0.8610920956811591,
radar:2026-09-09:1420,2026-09-09T14:20:00-04:00,COMPLETED,40,QQQ,OK,0.0,1.38,2.39,3.77,15.0,10.0,32.54,10.05,NO_VERIFIED_CATALYST,716.23,18338507.0,0.7983546944970078,
radar:2026-09-09:1420,2026-09-09T14:20:00-04:00,COMPLETED,41,NOC,OK,0.0,1.0,2.21,4.26,15.0,10.0,32.47,9.96,NO_VERIFIED_CATALYST,517.47,406929.0,0.7760179365563588,
radar:2026-09-09:1420,2026-09-09T14:20:00-04:00,COMPLETED,42,CSCO,OK,0.0,0.78,0.0,6.55,15.0,10.0,32.32,9.77,NO_VERIFIED_CATALYST,109.352,5496341.0,0.38448330484441195,
radar:2026-09-09:1420,2026-09-09T14:20:00-04:00,COMPLETED,43,WMT,OK,0.0,1.61,0.0,5.55,15.0,10.0,32.16,9.55,NO_VERIFIED_CATALYST,106.05,7780558.0,0.37233087109595986,
radar:2026-09-09:1420,2026-09-09T14:20:00-04:00,COMPLETED,44,PLTR,OK,0.0,0.82,0.0,6.18,15.0,10.0,32.0,9.33,NO_VERIFIED_CATALYST,170.48,11644398.0,0.49694235385269764,
radar:2026-09-09:1420,2026-09-09T14:20:00-04:00,COMPLETED,45,REMX,OK,0.0,2.43,2.02,2.42,15.0,10.0,31.87,9.16,NO_VERIFIED_CATALYST|RELATIVE_STRENGTH_NEGATIVE,76.33,311788.0,0.7526070346978938,
radar:2026-09-09:1420,2026-09-09T14:20:00-04:00,COMPLETED,46,LHX,OK,0.0,6.34,0.0,0.0,15.0,10.0,31.34,8.45,NO_VERIFIED_CATALYST|RELATIVE_STRENGTH_NEGATIVE,252.265,564222.0,0.47336868689635503,
radar:2026-09-09:1420,2026-09-09T14:20:00-04:00,COMPLETED,47,BA,OK,0.0,5.53,0.77,0.0,15.0,10.0,31.3,8.4,NO_VERIFIED_CATALYST|RELATIVE_STRENGTH_NEGATIVE,208.235,2189740.0,0.5967892357606197,
radar:2026-09-09:1420,2026-09-09T14:20:00-04:00,COMPLETED,48,MS,OK,0.0,1.76,0.0,4.52,15.0,10.0,31.29,8.38,NO_VERIFIED_CATALYST,215.872,1235849.0,0.4409726035199757,
radar:2026-09-09:1420,2026-09-09T14:20:00-04:00,COMPLETED,49,SPY,OK,0.0,1.98,1.1,3.0,15.0,10.0,31.08,8.11,NO_VERIFIED_CATALYST,762.71,17346931.0,0.6374633568830147,
radar:2026-09-09:1420,2026-09-09T14:20:00-04:00,COMPLETED,50,ADBE,OK,0.0,0.8,0.38,4.68,15.0,10.0,30.87,7.83,NO_VERIFIED_CATALYST,256.89,1789100.0,0.5480006963420351,
radar:2026-09-09:1420,2026-09-09T14:20:00-04:00,COMPLETED,51,VOO,OK,0.0,1.92,0.63,3.07,15.0,10.0,30.63,7.5,NO_VERIFIED_CATALYST,701.17,2869150.0,0.5787788455606738,
radar:2026-09-09:1420,2026-09-09T14:20:00-04:00,COMPLETED,52,IBKR,OK,0.0,0.03,0.0,5.58,15.0,10.0,30.6,7.47,NO_VERIFIED_CATALYST,90.975,1066261.0,0.38749036621890187,
radar:2026-09-09:1420,2026-09-09T14:20:00-04:00,COMPLETED,53,AMAT,OK,0.0,5.41,0.0,0.0,15.0,10.0,30.41,7.21,NO_VERIFIED_CATALYST|RELATIVE_STRENGTH_NEGATIVE,467.31,1889874.0,0.343210526909439,
radar:2026-09-09:1420,2026-09-09T14:20:00-04:00,COMPLETED,54,NFLX,OK,0.0,3.0,0.66,1.68,15.0,10.0,30.34,7.13,NO_VERIFIED_CATALYST|RELATIVE_STRENGTH_NEGATIVE,76.276,12287503.0,0.5821010636711298,
radar:2026-09-09:1420,2026-09-09T14:20:00-04:00,COMPLETED,55,MSFT,OK,0.0,1.51,0.0,3.7,15.0,10.0,30.21,6.94,NO_VERIFIED_CATALYST,492.429,6494269.0,0.39023236958945895,
radar:2026-09-09:1420,2026-09-09T14:20:00-04:00,COMPLETED,56,V,OK,0.0,1.24,0.0,3.95,15.0,10.0,30.19,6.92,NO_VERIFIED_CATALYST,367.66,2183613.0,0.45249884586353545,
radar:2026-09-09:1420,2026-09-09T14:20:00-04:00,COMPLETED,57,WDAY,OK,0.0,3.69,0.0,1.26,15.0,10.0,29.95,6.6,NO_VERIFIED_CATALYST|RELATIVE_STRENGTH_NEGATIVE,184.95,1005127.0,0.2751548469295309,
radar:2026-09-09:1420,2026-09-09T14:20:00-04:00,COMPLETED,58,NVDA,OK,0.0,3.71,0.23,0.77,15.0,10.0,29.72,6.29,NO_VERIFIED_CATALYST|RELATIVE_STRENGTH_NEGATIVE,223.935,50833640.0,0.5288874738972326,
radar:2026-09-09:1420,2026-09-09T14:20:00-04:00,COMPLETED,59,COIN,OK,0.0,4.34,0.24,0.0,15.0,10.0,29.58,6.11,NO_VERIFIED_CATALYST|RELATIVE_STRENGTH_NEGATIVE,177.275,3914297.0,0.5302512576315159,
radar:2026-09-09:1420,2026-09-09T14:20:00-04:00,COMPLETED,60,PYPL,OK,0.0,4.34,0.0,0.0,15.0,10.0,29.34,5.79,NO_VERIFIED_CATALYST|RELATIVE_STRENGTH_NEGATIVE,52.685,4268689.0,0.45522082360631694,
radar:2026-09-09:1430,2026-09-09T14:30:00-04:00,COMPLETED,1,META,OK,0.0,17.58,12.54,15.0,15.0,10.0,70.11,60.15,NO_VERIFIED_CATALYST,652.71,25759488.0,2.0670139025310545,d35b093b-993d-4e76-bc00-bb408cb3ded0
radar:2026-09-09:1430,2026-09-09T14:30:00-04:00,COMPLETED,2,AMD,OK,0.0,17.32,6.01,15.0,15.0,10.0,63.32,51.09,NO_VERIFIED_CATALYST|SCORE_BELOW_PLAN_THRESHOLD,523.21,17248960.0,1.2506879976589667,
radar:2026-09-09:1430,2026-09-09T14:30:00-04:00,COMPLETED,3,MRVL,OK,0.0,14.0,2.63,15.0,15.0,10.0,56.63,42.17,NO_VERIFIED_CATALYST|SCORE_BELOW_PLAN_THRESHOLD,235.25,15580103.0,0.8284106662978603,
radar:2026-09-09:1430,2026-09-09T14:30:00-04:00,COMPLETED,4,ALAB,OK,0.0,14.0,2.29,15.0,15.0,10.0,56.29,41.72,NO_VERIFIED_CATALYST|ADV_TOO_LOW,299.87,2122122.0,0.7865174375808105,
radar:2026-09-09:1430,2026-09-09T14:30:00-04:00,COMPLETED,5,GLTR,OK,0.0,11.41,4.47,15.0,15.0,10.0,55.88,41.17,NO_VERIFIED_CATALYST|ADV_TOO_LOW,202.64,47940.0,1.0581862187035465,
radar:2026-09-09:1430,2026-09-09T14:30:00-04:00,COMPLETED,6,MU,OK,0.0,12.32,2.75,15.0,15.0,10.0,55.07,40.09,NO_VERIFIED_CATALYST,1025.215,17944736.0,0.8440050937562902,
radar:2026-09-09:1430,2026-09-09T14:30:00-04:00,COMPLETED,7,CVX,OK,0.0,7.74,3.06,15.0,15.0,10.0,50.8,34.4,NO_VERIFIED_CATALYST,213.28,5086068.0,0.8821938631972306,
radar:2026-09-09:1430,2026-09-09T14:30:00-04:00,COMPLETED,8,SNDK,OK,0.0,8.56,1.8,15.0,15.0,10.0,50.37,33.82,NO_VERIFIED_CATALYST,1769.88,7421393.0,0.7253204479781493,
radar:2026-09-09:1430,2026-09-09T14:30:00-04:00,COMPLETED,9,ORCL,OK,0.0,10.59,3.04,11.46,15.0,10.0,50.1,33.46,NO_VERIFIED_CATALYST,164.12,15834633.0,0.8802410365324783,
radar:2026-09-09:1430,2026-09-09T14:30:00-04:00,COMPLETED,10,INTC,OK,0.0,7.07,3.78,11.96,15.0,10.0,47.8,30.4,NO_VERIFIED_CATALYST,105.585,74626859.0,0.971969944388411,
radar:2026-09-09:1430,2026-09-09T14:30:00-04:00,COMPLETED,11,QCOM,OK,0.0,5.47,4.3,12.58,15.0,10.0,47.35,29.81,NO_VERIFIED_CATALYST,176.13,7931922.0,1.0376596639220117,
radar:2026-09-09:1430,2026-09-09T14:30:00-04:00,COMPLETED,12,EBAY,OK,0.0,6.65,6.39,7.7,15.0,10.0,45.74,27.65,NO_VERIFIED_CATALYST,104.965,4234235.0,1.298307956529106,
radar:2026-09-09:1430,2026-09-09T14:30:00-04:00,COMPLETED,13,XLE,OK,0.0,4.25,3.54,11.02,15.0,10.0,43.81,25.08,NO_VERIFIED_CATALYST,65.36,18430753.0,0.9428890086160593,
radar:2026-09-09:1430,2026-09-09T14:30:00-04:00,COMPLETED,14,GE,OK,0.0,14.0,4.41,0.0,15.0,10.0,43.41,24.54,NO_VERIFIED_CATALYST|RELATIVE_STRENGTH_NEGATIVE,324.72,2829770.0,1.0506831180755045,
radar:2026-09-09:1430,2026-09-09T14:30:00-04:00,COMPLETED,15,GOOGL,OK,0.0,12.26,5.63,0.0,15.0,10.0,42.89,23.85,NO_VERIFIED_CATALYST|RELATIVE_STRENGTH_NEGATIVE,330.43,20779470.0,1.2037752290131691,
radar:2026-09-09:1430,2026-09-09T14:30:00-04:00,COMPLETED,16,ITA,OK,0.0,7.46,8.81,0.0,15.0,10.0,41.28,21.7,NO_VERIFIED_CATALYST|RELATIVE_STRENGTH_NEGATIVE,219.955,697759.0,1.6017179595580016,
radar:2026-09-09:1430,2026-09-09T14:30:00-04:00,COMPLETED,17,SNPS,OK,0.0,5.91,0.24,9.62,15.0,10.0,40.77,21.03,NO_VERIFIED_CATALYST,394.69,731830.0,0.5301391566215006,
radar:2026-09-09:1430,2026-09-09T14:30:00-04:00,COMPLETED,18,UBER,OK,0.0,10.08,4.85,0.0,15.0,10.0,39.93,19.91,NO_VERIFIED_CATALYST|RELATIVE_STRENGTH_NEGATIVE,71.55,13108751.0,1.1065422573071286,
radar:2026-09-09:1430,2026-09-09T14:30:00-04:00,COMPLETED,19,BAC,OK,0.0,4.05,2.56,8.29,15.0,10.0,39.91,19.88,NO_VERIFIED_CATALYST,62.675,18420442.0,0.8199530341286523,
radar:2026-09-09:1430,2026-09-09T14:30:00-04:00,COMPLETED,20,DELL,OK,0.0,2.51,2.96,8.78,15.0,10.0,39.25,19.0,NO_VERIFIED_CATALYST,536.75,5622152.0,0.8698214208434423,
radar:2026-09-09:1430,2026-09-09T14:30:00-04:00,COMPLETED,21,CDNS,OK,0.0,3.97,0.9,9.14,15.0,10.0,39.01,18.69,NO_VERIFIED_CATALYST,285.81,1119057.0,0.6126784309639539,
radar:2026-09-09:1430,2026-09-09T14:30:00-04:00,COMPLETED,22,DASH,OK,0.0,10.53,3.31,0.0,15.0,10.0,38.84,18.46,NO_VERIFIED_CATALYST|RELATIVE_STRENGTH_NEGATIVE,198.1,2811808.0,0.913680475890241,
radar:2026-09-09:1430,2026-09-09T14:30:00-04:00,COMPLETED,23,ONDS,OK,0.0,11.02,2.48,0.0,15.0,10.0,38.5,18.0,NO_VERIFIED_CATALYST|RELATIVE_STRENGTH_NEGATIVE,7.44,42721023.0,0.8096666351193327,
radar:2026-09-09:1430,2026-09-09T14:30:00-04:00,COMPLETED,24,TSLA,OK,0.0,2.33,2.6,8.55,15.0,10.0,38.48,17.97,NO_VERIFIED_CATALYST,370.0,24895002.0,0.8244296388345654,
radar:2026-09-09:1430,2026-09-09T14:30:00-04:00,COMPLETED,25,TXN,OK,0.0,3.58,0.0,9.74,15.0,10.0,38.32,17.76,NO_VERIFIED_CATALYST,260.725,1963878.0,0.46894136582956025,
radar:2026-09-09:1430,2026-09-09T14:30:00-04:00,COMPLETED,26,ABNB,OK,0.0,12.17,0.71,0.0,15.0,10.0,37.88,17.17,NO_VERIFIED_CATALYST|RELATIVE_STRENGTH_NEGATIVE,169.99,2260440.0,0.5891732146061309,
radar:2026-09-09:1430,2026-09-09T14:30:00-04:00,COMPLETED,27,JPM,OK,0.0,3.59,1.13,7.99,15.0,10.0,37.71,16.95,NO_VERIFIED_CATALYST,354.945,2701188.0,0.641751798182357,
radar:2026-09-09:1430,2026-09-09T14:30:00-04:00,COMPLETED,28,XAR,OK,0.0,10.17,2.37,0.0,15.0,10.0,37.54,16.73,NO_VERIFIED_CATALYST|RELATIVE_STRENGTH_NEGATIVE,247.751,128618.0,0.7968691573661687,
radar:2026-09-09:1430,2026-09-09T14:30:00-04:00,COMPLETED,29,AAPL,OK,0.0,5.93,6.59,0.0,15.0,10.0,37.52,16.69,NO_VERIFIED_CATALYST|RELATIVE_STRENGTH_NEGATIVE,312.2,39888165.0,1.3232794736209774,
radar:2026-09-09:1430,2026-09-09T14:30:00-04:00,COMPLETED,30,AMZN,OK,0.0,9.16,2.58,0.0,15.0,10.0,36.74,15.66,NO_VERIFIED_CATALYST|RELATIVE_STRENGTH_NEGATIVE,252.39,20499968.0,0.8230315602983951,
radar:2026-09-09:1430,2026-09-09T14:30:00-04:00,COMPLETED,31,PG,OK,0.0,8.53,2.02,0.0,15.0,10.0,35.55,14.06,NO_VERIFIED_CATALYST|RELATIVE_STRENGTH_NEGATIVE,142.92,5157183.0,0.752497601517603,
radar:2026-09-09:1430,2026-09-09T14:30:00-04:00,COMPLETED,32,MRNA,OK,0.0,10.21,0.0,0.0,15.0,10.0,35.21,13.61,NO_VERIFIED_CATALYST|RELATIVE_STRENGTH_NEGATIVE,137.26,5372487.0,0.2074050345532441,
radar:2026-09-09:1430,2026-09-09T14:30:00-04:00,COMPLETED,33,GS,OK,0.0,4.51,1.67,3.26,15.0,10.0,34.43,12.58,NO_VERIFIED_CATALYST,1032.56,972353.0,0.7083473169667839,
radar:2026-09-09:1430,2026-09-09T14:30:00-04:00,COMPLETED,34,IBIT,OK,0.0,1.26,0.99,7.18,15.0,10.0,34.42,12.56,NO_VERIFIED_CATALYST,44.51,28485870.0,0.6231683524889986,
radar:2026-09-09:1430,2026-09-09T14:30:00-04:00,COMPLETED,35,AVGO,OK,0.0,7.91,1.39,0.0,15.0,10.0,34.3,12.4,NO_VERIFIED_CATALYST|RELATIVE_STRENGTH_NEGATIVE,363.97,12592770.0,0.6741174765460208,
radar:2026-09-09:1430,2026-09-09T14:30:00-04:00,COMPLETED,36,DIS,OK,0.0,4.36,0.22,4.18,15.0,10.0,33.76,11.68,NO_VERIFIED_CATALYST,104.82,3054472.0,0.527426354337894,
radar:2026-09-09:1430,2026-09-09T14:30:00-04:00,COMPLETED,37,NOW,OK,0.0,8.24,0.02,0.0,15.0,10.0,33.26,11.01,NO_VERIFIED_CATALYST|RELATIVE_STRENGTH_NEGATIVE,131.84,6722538.0,0.5021166299629459,
radar:2026-09-09:1430,2026-09-09T14:30:00-04:00,COMPLETED,38,MSTR,OK,0.0,7.69,0.53,0.0,15.0,10.0,33.22,10.96,NO_VERIFIED_CATALYST|RELATIVE_STRENGTH_NEGATIVE,134.27,12227045.0,0.5656789950742239,
radar:2026-09-09:1430,2026-09-09T14:30:00-04:00,COMPLETED,39,HOOD,OK,0.0,1.95,2.77,3.05,15.0,10.0,32.76,10.35,NO_VERIFIED_CATALYST,116.85,13976877.0,0.8459119051264651,
radar:2026-09-09:1430,2026-09-09T14:30:00-04:00,COMPLETED,40,NOC,OK,0.0,0.84,2.11,4.48,15.0,10.0,32.43,9.9,NO_VERIFIED_CATALYST,517.65,414468.0,0.7640489784843386,
radar:2026-09-09:1430,2026-09-09T14:30:00-04:00,COMPLETED,41,QQQ,OK,0.0,1.36,2.26,3.81,15.0,10.0,32.42,9.9,NO_VERIFIED_CATALYST,716.27,18581885.0,0.781985592625159,
radar:2026-09-09:1430,2026-09-09T14:30:00-04:00,COMPLETED,42,CSCO,OK,0.0,0.68,0.0,6.43,15.0,10.0,32.12,9.49,NO_VERIFIED_CATALYST,109.33,5618642.0,0.3799375819082859,
radar:2026-09-09:1430,2026-09-09T14:30:00-04:00,COMPLETED,43,MS,OK,0.0,1.88,0.0,5.15,15.0,10.0,32.03,9.37,NO_VERIFIED_CATALYST,216.095,1260659.0,0.4348314047812811,
radar:2026-09-09:1430,2026-09-09T14:30:00-04:00,COMPLETED,44,LHX,OK,0.0,7.01,0.0,0.0,15.0,10.0,32.01,9.34,NO_VERIFIED_CATALYST|RELATIVE_STRENGTH_NEGATIVE,251.9,580650.0,0.47091336483885093,
radar:2026-09-09:1430,2026-09-09T14:30:00-04:00,COMPLETED,45,WMT,OK,0.0,1.51,0.0,5.19,15.0,10.0,31.7,8.93,NO_VERIFIED_CATALYST,105.985,7894728.0,0.36520149716068073,
radar:2026-09-09:1430,2026-09-09T14:30:00-04:00,COMPLETED,46,WDAY,OK,0.0,3.99,0.0,2.69,15.0,10.0,31.68,8.9,NO_VERIFIED_CATALYST|RELATIVE_STRENGTH_NEGATIVE,185.39,1024699.0,0.27116249185309893,
radar:2026-09-09:1430,2026-09-09T14:30:00-04:00,COMPLETED,47,BA,OK,0.0,5.85,0.81,0.0,15.0,10.0,31.66,8.88,NO_VERIFIED_CATALYST|RELATIVE_STRENGTH_NEGATIVE,208.09,2282992.0,0.6014643553976369,
radar:2026-09-09:1430,2026-09-09T14:30:00-04:00,COMPLETED,48,REMX,OK,0.0,2.43,1.8,2.43,15.0,10.0,31.66,8.88,NO_VERIFIED_CATALYST|RELATIVE_STRENGTH_NEGATIVE,76.33,310973.0,0.7256189837349316,
radar:2026-09-09:1430,2026-09-09T14:30:00-04:00,COMPLETED,49,PLTR,OK,0.0,0.32,0.0,5.91,15.0,10.0,31.22,8.3,NO_VERIFIED_CATALYST,170.4,11799308.0,0.48676863340339077,
radar:2026-09-09:1430,2026-09-09T14:30:00-04:00,COMPLETED,50,SPY,OK,0.0,1.99,1.03,3.0,15.0,10.0,31.01,8.02,NO_VERIFIED_CATALYST,762.7,17694335.0,0.6285558828023502,
radar:2026-09-09:1430,2026-09-09T14:30:00-04:00,COMPLETED,51,IBKR,OK,0.0,0.05,0.0,5.62,15.0,10.0,30.67,7.56,NO_VERIFIED_CATALYST,90.98,1092857.0,0.3839174028939239,
radar:2026-09-09:1430,2026-09-09T14:30:00-04:00,COMPLETED,52,ADBE,OK,0.0,1.07,0.36,4.18,15.0,10.0,30.61,7.48,NO_VERIFIED_CATALYST,256.67,1840795.0,0.5450407786084522,
radar:2026-09-09:1430,2026-09-09T14:30:00-04:00,COMPLETED,53,VOO,OK,0.0,1.96,0.55,3.03,15.0,10.0,30.54,7.39,NO_VERIFIED_CATALYST,701.11,2917532.0,0.5689211761274738,
radar:2026-09-09:1430,2026-09-09T14:30:00-04:00,COMPLETED,54,MSFT,OK,0.0,1.52,0.0,3.74,15.0,10.0,30.26,7.01,NO_VERIFIED_CATALYST,492.46,6643732.0,0.385906593030515,
radar:2026-09-09:1430,2026-09-09T14:30:00-04:00,COMPLETED,55,NFLX,OK,0.0,3.22,0.59,1.41,15.0,10.0,30.22,6.96,NO_VERIFIED_CATALYST|RELATIVE_STRENGTH_NEGATIVE,76.24,12519366.0,0.5733161394206955,
radar:2026-09-09:1430,2026-09-09T14:30:00-04:00,COMPLETED,56,V,OK,0.0,1.88,0.0,3.14,15.0,10.0,30.02,6.69,NO_VERIFIED_CATALYST,367.155,2264116.0,0.4535420451835528,
radar:2026-09-09:1430,2026-09-09T14:30:00-04:00,COMPLETED,57,AMAT,OK,0.0,4.87,0.0,0.0,15.0,10.0,29.87,6.49,NO_VERIFIED_CATALYST|RELATIVE_STRENGTH_NEGATIVE,467.855,1927974.0,0.3384589464966278,
radar:2026-09-09:1430,2026-09-09T14:30:00-04:00,COMPLETED,58,NVDA,OK,0.0,3.18,0.14,1.46,15.0,10.0,29.79,6.39,NO_VERIFIED_CATALYST|RELATIVE_STRENGTH_NEGATIVE,224.19,51514808.0,0.51810911593364,
radar:2026-09-09:1430,2026-09-09T14:30:00-04:00,COMPLETED,59,COIN,OK,0.0,3.76,0.15,0.73,15.0,10.0,29.63,6.18,NO_VERIFIED_CATALYST|RELATIVE_STRENGTH_NEGATIVE,177.5,3963598.0,0.5190325667430877,
radar:2026-09-09:1430,2026-09-09T14:30:00-04:00,COMPLETED,60,PYPL,OK,0.0,3.82,0.0,0.65,15.0,10.0,29.46,5.95,NO_VERIFIED_CATALYST|RELATIVE_STRENGTH_NEGATIVE,52.745,4360242.0,0.4494850741181524,
radar:2026-09-09:1440,2026-09-09T14:40:00-04:00,COMPLETED,1,META,OK,0.0,18.45,12.26,15.0,15.0,10.0,70.71,60.95,NO_VERIFIED_CATALYST,653.72,26174675.0,2.032577010142228,167917f5-942a-4429-a8d5-7aa339459168
radar:2026-09-09:1440,2026-09-09T14:40:00-04:00,COMPLETED,2,AMD,OK,0.0,17.23,5.76,15.0,15.0,10.0,63.0,50.66,NO_VERIFIED_CATALYST|SCORE_BELOW_PLAN_THRESHOLD,523.165,17393159.0,1.2204614728933794,
radar:2026-09-09:1440,2026-09-09T14:40:00-04:00,COMPLETED,3,MRVL,OK,0.0,14.0,2.51,15.0,15.0,10.0,56.51,42.01,NO_VERIFIED_CATALYST|SCORE_BELOW_PLAN_THRESHOLD,235.56,15802504.0,0.8131315395517921,
radar:2026-09-09:1440,2026-09-09T14:40:00-04:00,COMPLETED,4,ALAB,OK,0.0,14.0,2.21,15.0,15.0,10.0,56.21,41.61,NO_VERIFIED_CATALYST|ADV_TOO_LOW,300.805,2162502.0,0.7756290488460129,
radar:2026-09-09:1440,2026-09-09T14:40:00-04:00,COMPLETED,5,MU,OK,0.0,13.18,2.61,15.0,15.0,10.0,55.79,41.05,NO_VERIFIED_CATALYST|SCORE_BELOW_PLAN_THRESHOLD,1026.05,18149255.0,0.8260880446910391,
radar:2026-09-09:1440,2026-09-09T14:40:00-04:00,COMPLETED,6,GLTR,OK,0.0,11.03,4.32,15.0,15.0,10.0,55.36,40.47,NO_VERIFIED_CATALYST,202.575,48693.0,1.0401360387902112,
radar:2026-09-09:1440,2026-09-09T14:40:00-04:00,COMPLETED,7,CVX,OK,0.0,7.51,2.93,14.91,15.0,10.0,50.35,33.8,NO_VERIFIED_CATALYST,213.175,5163491.0,0.8667320068805083,
radar:2026-09-09:1440,2026-09-09T14:40:00-04:00,COMPLETED,8,SNDK,OK,0.0,8.34,1.68,15.0,15.0,10.0,50.02,33.36,NO_VERIFIED_CATALYST,1769.04,7512750.0,0.7105636196856904,
radar:2026-09-09:1440,2026-09-09T14:40:00-04:00,COMPLETED,9,INTC,OK,0.0,8.36,3.62,12.41,15.0,10.0,49.38,32.51,NO_VERIFIED_CATALYST,105.715,75535070.0,0.9520633542339154,
radar:2026-09-09:1440,2026-09-09T14:40:00-04:00,COMPLETED,10,QCOM,OK,0.0,6.49,4.22,13.6,15.0,10.0,49.3,32.4,NO_VERIFIED_CATALYST,176.51,8113543.0,1.0271800658495276,
radar:2026-09-09:1440,2026-09-09T14:40:00-04:00,COMPLETED,11,EBAY,OK,0.0,8.59,6.26,8.58,15.0,10.0,48.43,31.24,NO_VERIFIED_CATALYST,105.17,4320810.0,1.282116444480733,
radar:2026-09-09:1440,2026-09-09T14:40:00-04:00,COMPLETED,12,GE,OK,0.0,14.44,4.35,0.0,15.0,10.0,43.79,25.05,NO_VERIFIED_CATALYST|RELATIVE_STRENGTH_NEGATIVE,325.895,2904588.0,1.0436735930997243,
radar:2026-09-09:1440,2026-09-09T14:40:00-04:00,COMPLETED,13,GOOGL,OK,0.0,12.27,5.47,0.0,15.0,10.0,42.74,23.65,NO_VERIFIED_CATALYST|RELATIVE_STRENGTH_NEGATIVE,330.48,21104073.0,1.1831416869903653,
radar:2026-09-09:1440,2026-09-09T14:40:00-04:00,COMPLETED,14,XLE,OK,0.0,3.96,3.41,10.35,15.0,10.0,42.73,23.64,NO_VERIFIED_CATALYST,65.32,18717632.0,0.9266760501811042,
radar:2026-09-09:1440,2026-09-09T14:40:00-04:00,COMPLETED,15,SNPS,OK,0.0,7.11,0.25,10.05,15.0,10.0,42.41,23.21,NO_VERIFIED_CATALYST,395.16,757445.0,0.5309948604320431,
radar:2026-09-09:1440,2026-09-09T14:40:00-04:00,COMPLETED,16,JPM,OK,0.0,6.72,1.08,9.49,15.0,10.0,42.3,23.07,NO_VERIFIED_CATALYST,356.005,2764429.0,0.6355903033762088,
radar:2026-09-09:1440,2026-09-09T14:40:00-04:00,COMPLETED,17,BAC,OK,0.0,5.56,2.44,8.86,15.0,10.0,41.86,22.48,NO_VERIFIED_CATALYST,62.765,18677741.0,0.8045866445086505,
radar:2026-09-09:1440,2026-09-09T14:40:00-04:00,COMPLETED,18,CDNS,OK,0.0,5.22,0.87,9.57,15.0,10.0,40.67,20.89,NO_VERIFIED_CATALYST,286.155,1148602.0,0.6085685314440565,
radar:2026-09-09:1440,2026-09-09T14:40:00-04:00,COMPLETED,19,ITA,OK,0.0,6.54,8.49,0.0,15.0,10.0,40.04,20.05,NO_VERIFIED_CATALYST|RELATIVE_STRENGTH_NEGATIVE,220.395,703079.0,1.561867776196498,
radar:2026-09-09:1440,2026-09-09T14:40:00-04:00,COMPLETED,20,UBER,OK,0.0,9.7,4.7,0.0,15.0,10.0,39.4,19.21,NO_VERIFIED_CATALYST|RELATIVE_STRENGTH_NEGATIVE,71.61,13319117.0,1.0880319877371831,
radar:2026-09-09:1440,2026-09-09T14:40:00-04:00,COMPLETED,21,ONDS,OK,0.0,11.76,2.43,0.0,15.0,10.0,39.19,18.92,NO_VERIFIED_CATALYST|RELATIVE_STRENGTH_NEGATIVE,7.428,43847408.0,0.8042074001682747,
radar:2026-09-09:1440,2026-09-09T14:40:00-04:00,COMPLETED,22,DASH,OK,0.0,10.2,3.16,0.0,15.0,10.0,38.36,17.81,NO_VERIFIED_CATALYST|RELATIVE_STRENGTH_NEGATIVE,198.635,2844485.0,0.894482545943495,
radar:2026-09-09:1440,2026-09-09T14:40:00-04:00,COMPLETED,23,ORCL,OK,0.0,3.22,3.02,6.95,15.0,10.0,38.19,17.58,LIQUIDITY_WEAK|NO_VERIFIED_CATALYST,162.98,16305202.0,0.8771610381326372,
radar:2026-09-09:1440,2026-09-09T14:40:00-04:00,COMPLETED,24,TXN,OK,0.0,3.24,0.0,9.24,15.0,10.0,37.48,16.64,NO_VERIFIED_CATALYST,260.64,1999506.0,0.4620471447225483,
radar:2026-09-09:1440,2026-09-09T14:40:00-04:00,COMPLETED,25,XAR,OK,0.0,9.7,2.3,0.0,15.0,10.0,37.0,16.0,NO_VERIFIED_CATALYST|RELATIVE_STRENGTH_NEGATIVE,248.005,131288.0,0.7871723639399448,
radar:2026-09-09:1440,2026-09-09T14:40:00-04:00,COMPLETED,26,ABNB,OK,0.0,11.24,0.71,0.0,15.0,10.0,36.95,15.93,NO_VERIFIED_CATALYST|RELATIVE_STRENGTH_NEGATIVE,170.43,2332757.0,0.5884086548213205,
radar:2026-09-09:1440,2026-09-09T14:40:00-04:00,COMPLETED,27,AMZN,OK,0.0,9.25,2.46,0.0,15.0,10.0,36.71,15.62,NO_VERIFIED_CATALYST|RELATIVE_STRENGTH_NEGATIVE,252.57,20790932.0,0.8077868968671096,
radar:2026-09-09:1440,2026-09-09T14:40:00-04:00,COMPLETED,28,AAPL,OK,0.0,5.12,6.43,0.0,15.0,10.0,36.55,15.4,NO_VERIFIED_CATALYST|RELATIVE_STRENGTH_NEGATIVE,312.75,40619311.0,1.3040661167027783,
radar:2026-09-09:1440,2026-09-09T14:40:00-04:00,COMPLETED,29,DELL,OK,0.0,1.28,2.96,6.91,15.0,10.0,36.15,14.87,NO_VERIFIED_CATALYST,535.35,5810954.0,0.8700305316981123,
radar:2026-09-09:1440,2026-09-09T14:40:00-04:00,COMPLETED,30,TSLA,OK,0.0,1.48,2.51,7.16,15.0,10.0,36.16,14.87,NO_VERIFIED_CATALYST,369.33,25389813.0,0.8136928006633551,
radar:2026-09-09:1440,2026-09-09T14:40:00-04:00,COMPLETED,31,PG,OK,0.0,8.6,1.91,0.0,15.0,10.0,35.51,14.02,NO_VERIFIED_CATALYST|RELATIVE_STRENGTH_NEGATIVE,142.897,5235001.0,0.7392117929762205,
radar:2026-09-09:1440,2026-09-09T14:40:00-04:00,COMPLETED,32,MRNA,OK,0.0,10.18,0.0,0.0,15.0,10.0,35.18,13.57,NO_VERIFIED_CATALYST|RELATIVE_STRENGTH_NEGATIVE,137.27,5487228.0,0.20500123013068922,
radar:2026-09-09:1440,2026-09-09T14:40:00-04:00,COMPLETED,33,GS,OK,0.0,4.68,1.53,3.84,15.0,10.0,35.05,13.4,NO_VERIFIED_CATALYST,1034.08,980916.0,0.6915341845956284,
radar:2026-09-09:1440,2026-09-09T14:40:00-04:00,COMPLETED,34,MSTR,OK,0.0,9.14,0.45,0.0,15.0,10.0,34.6,12.8,NO_VERIFIED_CATALYST|RELATIVE_STRENGTH_NEGATIVE,133.845,12437724.0,0.5568638141051451,
radar:2026-09-09:1440,2026-09-09T14:40:00-04:00,COMPLETED,35,NOW,OK,0.0,9.48,0.0,0.0,15.0,10.0,34.48,12.63,NO_VERIFIED_CATALYST|RELATIVE_STRENGTH_NEGATIVE,131.485,6857998.0,0.4957106320704682,
radar:2026-09-09:1440,2026-09-09T14:40:00-04:00,COMPLETED,36,AVGO,OK,0.0,7.79,1.3,0.0,15.0,10.0,34.09,12.12,NO_VERIFIED_CATALYST|RELATIVE_STRENGTH_NEGATIVE,363.735,12798789.0,0.663044588179965,
radar:2026-09-09:1440,2026-09-09T14:40:00-04:00,COMPLETED,37,DIS,OK,0.0,4.32,0.2,4.14,15.0,10.0,33.66,11.55,NO_VERIFIED_CATALYST,104.865,3143726.0,0.5253272211584772,
radar:2026-09-09:1440,2026-09-09T14:40:00-04:00,COMPLETED,38,IBIT,OK,0.0,0.84,0.88,6.34,15.0,10.0,33.06,10.75,NO_VERIFIED_CATALYST,44.47,28821650.0,0.6101748201139819,
radar:2026-09-09:1440,2026-09-09T14:40:00-04:00,COMPLETED,39,MS,OK,0.0,2.17,0.0,5.44,15.0,10.0,32.61,10.15,NO_VERIFIED_CATALYST,216.305,1336088.0,0.4459825614296709,
radar:2026-09-09:1440,2026-09-09T14:40:00-04:00,COMPLETED,40,NOC,OK,0.0,0.14,2.0,5.44,15.0,10.0,32.58,10.11,NO_VERIFIED_CATALYST,518.737,420448.0,0.7500703963048665,
radar:2026-09-09:1440,2026-09-09T14:40:00-04:00,COMPLETED,41,CSCO,OK,0.0,0.85,0.0,6.36,15.0,10.0,32.21,9.61,NO_VERIFIED_CATALYST,109.37,5754532.0,0.3765740964327782,
radar:2026-09-09:1440,2026-09-09T14:40:00-04:00,COMPLETED,42,HOOD,OK,0.0,2.59,2.62,1.93,15.0,10.0,32.14,9.52,NO_VERIFIED_CATALYST|RELATIVE_STRENGTH_NEGATIVE,116.69,14133454.0,0.8277950855881995,
radar:2026-09-09:1440,2026-09-09T14:40:00-04:00,COMPLETED,43,QQQ,OK,0.0,1.19,2.12,3.73,15.0,10.0,32.04,9.38,NO_VERIFIED_CATALYST,716.53,18788730.0,0.7651841215894714,
radar:2026-09-09:1440,2026-09-09T14:40:00-04:00,COMPLETED,44,LHX,OK,0.0,6.61,0.0,0.0,15.0,10.0,31.61,8.82,NO_VERIFIED_CATALYST|RELATIVE_STRENGTH_NEGATIVE,252.115,613725.0,0.4816814710714462,
radar:2026-09-09:1440,2026-09-09T14:40:00-04:00,COMPLETED,45,WMT,OK,0.0,1.52,0.0,5.03,15.0,10.0,31.55,8.73,NO_VERIFIED_CATALYST,106.01,8033585.0,0.3596369541667854,
radar:2026-09-09:1440,2026-09-09T14:40:00-04:00,COMPLETED,46,REMX,OK,0.0,1.76,1.69,2.99,15.0,10.0,31.44,8.59,NO_VERIFIED_CATALYST|RELATIVE_STRENGTH_NEGATIVE,76.44,315100.0,0.7115311147816554,
radar:2026-09-09:1440,2026-09-09T14:40:00-04:00,COMPLETED,47,COIN,OK,0.0,5.98,0.09,0.0,15.0,10.0,31.06,8.09,NO_VERIFIED_CATALYST|RELATIVE_STRENGTH_NEGATIVE,176.648,4031903.0,0.5109455526951271,
radar:2026-09-09:1440,2026-09-09T14:40:00-04:00,COMPLETED,48,WDAY,OK,0.0,3.9,0.0,2.1,15.0,10.0,31.0,8.0,NO_VERIFIED_CATALYST|RELATIVE_STRENGTH_NEGATIVE,185.3,1041446.0,0.26670404362040157,
radar:2026-09-09:1440,2026-09-09T14:40:00-04:00,COMPLETED,49,SPY,OK,0.0,1.96,0.94,3.0,15.0,10.0,30.9,7.87,NO_VERIFIED_CATALYST,763.08,17979907.0,0.6180969937021166,
radar:2026-09-09:1440,2026-09-09T14:40:00-04:00,COMPLETED,50,PYPL,OK,0.0,5.62,0.0,0.0,15.0,10.0,30.62,7.49,NO_VERIFIED_CATALYST|RELATIVE_STRENGTH_NEGATIVE,52.54,4547013.0,0.453618143620124,
radar:2026-09-09:1440,2026-09-09T14:40:00-04:00,COMPLETED,51,BA,OK,0.0,4.74,0.81,0.0,15.0,10.0,30.55,7.4,NO_VERIFIED_CATALYST|RELATIVE_STRENGTH_NEGATIVE,208.59,2357345.0,0.6010189867611604,
radar:2026-09-09:1440,2026-09-09T14:40:00-04:00,COMPLETED,52,VOO,OK,0.0,1.85,0.5,3.05,15.0,10.0,30.4,7.2,NO_VERIFIED_CATALYST,701.486,2979988.0,0.5623549553808252,
radar:2026-09-09:1440,2026-09-09T14:40:00-04:00,COMPLETED,53,PLTR,OK,0.0,0.05,0.0,5.19,15.0,10.0,30.24,6.99,NO_VERIFIED_CATALYST,170.28,11956671.0,0.4773488349932258,
radar:2026-09-09:1440,2026-09-09T14:40:00-04:00,COMPLETED,54,IBKR,OK,0.0,0.05,0.0,5.19,15.0,10.0,30.24,6.99,NO_VERIFIED_CATALYST,90.96,1117874.0,0.38003785316982996,
radar:2026-09-09:1440,2026-09-09T14:40:00-04:00,COMPLETED,55,ADBE,OK,0.0,2.07,0.36,2.6,15.0,10.0,30.03,6.71,NO_VERIFIED_CATALYST|RELATIVE_STRENGTH_NEGATIVE,256.12,1904100.0,0.5455981179130776,
radar:2026-09-09:1440,2026-09-09T14:40:00-04:00,COMPLETED,56,AMAT,OK,0.0,4.94,0.0,0.0,15.0,10.0,29.94,6.58,NO_VERIFIED_CATALYST|RELATIVE_STRENGTH_NEGATIVE,468.455,1970685.0,0.3347970144767616,
radar:2026-09-09:1440,2026-09-09T14:40:00-04:00,COMPLETED,57,MSFT,OK,0.0,1.57,0.0,3.24,15.0,10.0,29.81,6.41,NO_VERIFIED_CATALYST,492.29,6766243.0,0.3803445732199076,
radar:2026-09-09:1440,2026-09-09T14:40:00-04:00,COMPLETED,58,NFLX,OK,0.0,3.74,0.59,0.45,15.0,10.0,29.78,6.37,NO_VERIFIED_CATALYST|RELATIVE_STRENGTH_NEGATIVE,76.155,12945951.0,0.5737270557153487,
radar:2026-09-09:1440,2026-09-09T14:40:00-04:00,COMPLETED,59,V,OK,0.0,1.78,0.0,2.96,15.0,10.0,29.75,6.33,NO_VERIFIED_CATALYST|RELATIVE_STRENGTH_NEGATIVE,367.23,2308037.0,0.44742596886003966,
radar:2026-09-09:1440,2026-09-09T14:40:00-04:00,COMPLETED,60,NVDA,OK,0.0,3.27,0.06,1.06,15.0,10.0,29.38,5.84,NO_VERIFIED_CATALYST|RELATIVE_STRENGTH_NEGATIVE,224.15,52099361.0,0.5070853748193751,
radar:2026-09-09:1450,2026-09-09T14:50:00-04:00,COMPLETED,1,META,OK,0.0,17.85,12.02,15.0,15.0,10.0,69.87,59.83,NO_VERIFIED_CATALYST,653.16,26616091.0,2.0022664492800075,c82998ce-f8aa-4b35-95d4-4bce7b033337
radar:2026-09-09:1450,2026-09-09T14:50:00-04:00,COMPLETED,2,AMD,OK,0.0,16.29,5.57,15.0,15.0,10.0,61.86,49.15,NO_VERIFIED_CATALYST|SCORE_BELOW_PLAN_THRESHOLD,522.37,17602641.0,1.1965623272840789,
radar:2026-09-09:1450,2026-09-09T14:50:00-04:00,COMPLETED,3,MRVL,OK,0.0,14.0,2.35,15.0,15.0,10.0,56.35,41.79,NO_VERIFIED_CATALYST|SCORE_BELOW_PLAN_THRESHOLD,235.51,15912422.0,0.7932006692209235,
radar:2026-09-09:1450,2026-09-09T14:50:00-04:00,COMPLETED,4,ALAB,OK,0.0,14.0,2.11,15.0,15.0,10.0,56.11,41.49,NO_VERIFIED_CATALYST|ADV_TOO_LOW,300.64,2199852.0,0.7643687056626359,
radar:2026-09-09:1450,2026-09-09T14:50:00-04:00,COMPLETED,5,MU,OK,0.0,12.99,2.47,15.0,15.0,10.0,55.46,40.61,NO_VERIFIED_CATALYST|SCORE_BELOW_PLAN_THRESHOLD,1025.875,18341218.0,0.8087375231066772,
radar:2026-09-09:1450,2026-09-09T14:50:00-04:00,COMPLETED,6,GLTR,OK,0.0,11.0,4.18,15.0,15.0,10.0,55.18,40.24,NO_VERIFIED_CATALYST,202.575,49439.0,1.0230695899110818,
radar:2026-09-09:1450,2026-09-09T14:50:00-04:00,COMPLETED,7,CVX,OK,0.0,7.79,2.83,15.0,15.0,10.0,50.61,34.15,NO_VERIFIED_CATALYST,213.3,5247635.0,0.8533298082910572,
radar:2026-09-09:1450,2026-09-09T14:50:00-04:00,COMPLETED,8,INTC,OK,0.0,8.76,3.48,12.68,15.0,10.0,49.92,33.22,NO_VERIFIED_CATALYST,105.758,76551440.0,0.9347219988316211,
radar:2026-09-09:1450,2026-09-09T14:50:00-04:00,COMPLETED,9,SNDK,OK,0.0,7.96,1.59,15.0,15.0,10.0,49.55,32.73,NO_VERIFIED_CATALYST,1767.635,7621663.0,0.6983379753050952,
radar:2026-09-09:1450,2026-09-09T14:50:00-04:00,COMPLETED,10,EBAY,OK,0.0,8.45,6.08,8.56,15.0,10.0,48.09,30.78,NO_VERIFIED_CATALYST,105.16,4383377.0,1.260036170055798,
radar:2026-09-09:1450,2026-09-09T14:50:00-04:00,COMPLETED,11,QCOM,OK,0.0,6.0,4.06,13.01,15.0,10.0,48.07,30.76,NO_VERIFIED_CATALYST,176.33,8210920.0,1.0070238295560912,
radar:2026-09-09:1450,2026-09-09T14:50:00-04:00,COMPLETED,12,XLE,OK,0.0,4.5,3.27,11.08,15.0,10.0,43.85,25.14,NO_VERIFIED_CATALYST,65.395,18955580.0,0.9091300189204822,
radar:2026-09-09:1450,2026-09-09T14:50:00-04:00,COMPLETED,13,AAPL,OK,0.0,6.35,6.67,5.8,15.0,10.0,43.82,25.09,LIQUIDITY_WEAK|NO_VERIFIED_CATALYST,316.49,42886011.0,1.3338119295019597,
radar:2026-09-09:1450,2026-09-09T14:50:00-04:00,COMPLETED,14,GE,OK,0.0,14.26,4.31,0.0,15.0,10.0,43.57,24.75,NO_VERIFIED_CATALYST|RELATIVE_STRENGTH_NEGATIVE,325.6,2982689.0,1.0382453991423284,
radar:2026-09-09:1450,2026-09-09T14:50:00-04:00,COMPLETED,15,SNPS,OK,0.0,7.17,0.2,10.15,15.0,10.0,42.51,23.35,NO_VERIFIED_CATALYST,395.205,772979.0,0.5249510347234975,
radar:2026-09-09:1450,2026-09-09T14:50:00-04:00,COMPLETED,16,GOOGL,OK,0.0,12.15,5.29,0.0,15.0,10.0,42.44,23.26,NO_VERIFIED_CATALYST|RELATIVE_STRENGTH_NEGATIVE,330.25,21387026.0,1.1615362281268102,
radar:2026-09-09:1450,2026-09-09T14:50:00-04:00,COMPLETED,17,JPM,OK,0.0,6.23,1.08,9.3,15.0,10.0,41.61,22.15,NO_VERIFIED_CATALYST,355.875,2853226.0,0.6355063317411062,
radar:2026-09-09:1450,2026-09-09T14:50:00-04:00,COMPLETED,18,BAC,OK,0.0,5.06,2.41,8.65,15.0,10.0,41.12,21.49,NO_VERIFIED_CATALYST,62.74,19191609.0,0.8008879212497678,
radar:2026-09-09:1450,2026-09-09T14:50:00-04:00,COMPLETED,19,ITA,OK,0.0,7.19,8.64,0.0,15.0,10.0,40.83,21.11,NO_VERIFIED_CATALYST|RELATIVE_STRENGTH_NEGATIVE,220.085,734343.0,1.5803416430397732,
radar:2026-09-09:1450,2026-09-09T14:50:00-04:00,COMPLETED,20,UBER,OK,0.0,10.98,4.53,0.0,15.0,10.0,40.51,20.68,NO_VERIFIED_CATALYST|RELATIVE_STRENGTH_NEGATIVE,71.41,13475912.0,1.0664396467425494,
radar:2026-09-09:1450,2026-09-09T14:50:00-04:00,COMPLETED,21,ONDS,OK,0.0,12.55,2.32,0.0,15.0,10.0,39.88,19.84,NO_VERIFIED_CATALYST|RELATIVE_STRENGTH_NEGATIVE,7.415,44479206.0,0.790301947101629,
radar:2026-09-09:1450,2026-09-09T14:50:00-04:00,COMPLETED,22,TXN,OK,0.0,4.56,0.0,10.04,15.0,10.0,39.6,19.46,NO_VERIFIED_CATALYST,260.97,2056415.0,0.4603479659288909,
radar:2026-09-09:1450,2026-09-09T14:50:00-04:00,COMPLETED,23,ORCL,OK,0.0,3.16,3.24,7.06,15.0,10.0,38.46,17.94,NO_VERIFIED_CATALYST,163.0,17372210.0,0.905357505538696,
radar:2026-09-09:1450,2026-09-09T14:50:00-04:00,COMPLETED,24,DASH,OK,0.0,10.08,3.13,0.0,15.0,10.0,38.21,17.61,NO_VERIFIED_CATALYST|RELATIVE_STRENGTH_NEGATIVE,197.785,2926206.0,0.8914254018624004,
radar:2026-09-09:1450,2026-09-09T14:50:00-04:00,COMPLETED,25,CDNS,OK,0.0,3.57,0.83,8.7,15.0,10.0,38.1,17.46,NO_VERIFIED_CATALYST,285.725,1175160.0,0.6031826074895247,
radar:2026-09-09:1450,2026-09-09T14:50:00-04:00,COMPLETED,26,ABNB,OK,0.0,12.03,0.63,0.0,15.0,10.0,37.66,16.88,NO_VERIFIED_CATALYST|RELATIVE_STRENGTH_NEGATIVE,170.04,2369266.0,0.5789422695279628,
radar:2026-09-09:1450,2026-09-09T14:50:00-04:00,COMPLETED,27,XAR,OK,0.0,10.41,2.23,0.0,15.0,10.0,37.65,16.86,NO_VERIFIED_CATALYST|RELATIVE_STRENGTH_NEGATIVE,247.62,134178.0,0.7793598103155941,
radar:2026-09-09:1450,2026-09-09T14:50:00-04:00,COMPLETED,28,DELL,OK,0.0,1.97,2.85,7.82,15.0,10.0,37.63,16.85,NO_VERIFIED_CATALYST,536.13,5904303.0,0.8563820957254888,
radar:2026-09-09:1450,2026-09-09T14:50:00-04:00,COMPLETED,29,AMZN,OK,0.0,9.12,2.36,0.0,15.0,10.0,36.48,15.31,NO_VERIFIED_CATALYST|RELATIVE_STRENGTH_NEGATIVE,252.386,21117927.0,0.7948515341961067,
radar:2026-09-09:1450,2026-09-09T14:50:00-04:00,COMPLETED,30,MRNA,OK,0.0,11.07,0.0,0.0,15.0,10.0,36.07,14.77,NO_VERIFIED_CATALYST|RELATIVE_STRENGTH_NEGATIVE,137.0,5598610.0,0.2026261828091517,
radar:2026-09-09:1450,2026-09-09T14:50:00-04:00,COMPLETED,31,MSTR,OK,0.0,10.39,0.38,0.0,15.0,10.0,35.77,14.36,NO_VERIFIED_CATALYST|RELATIVE_STRENGTH_NEGATIVE,133.48,12611513.0,0.5469997912008305,
radar:2026-09-09:1450,2026-09-09T14:50:00-04:00,COMPLETED,32,PG,OK,0.0,8.88,1.82,0.0,15.0,10.0,35.7,14.27,NO_VERIFIED_CATALYST|RELATIVE_STRENGTH_NEGATIVE,142.81,5319123.0,0.7276190103216261,
radar:2026-09-09:1450,2026-09-09T14:50:00-04:00,COMPLETED,33,AVGO,OK,0.0,7.82,1.28,0.0,15.0,10.0,34.1,12.13,NO_VERIFIED_CATALYST|RELATIVE_STRENGTH_NEGATIVE,363.923,13153757.0,0.6601392511037509,
radar:2026-09-09:1450,2026-09-09T14:50:00-04:00,COMPLETED,34,GS,OK,0.0,4.48,1.43,3.17,15.0,10.0,34.09,12.12,NO_VERIFIED_CATALYST,1032.88,993400.0,0.6784500471116628,
radar:2026-09-09:1450,2026-09-09T14:50:00-04:00,COMPLETED,35,NOW,OK,0.0,9.02,0.0,0.0,15.0,10.0,34.02,12.03,NO_VERIFIED_CATALYST|RELATIVE_STRENGTH_NEGATIVE,131.615,6985100.0,0.4891199691272329,
radar:2026-09-09:1450,2026-09-09T14:50:00-04:00,COMPLETED,36,TSLA,OK,0.0,0.17,2.4,5.51,15.0,10.0,33.08,10.78,NO_VERIFIED_CATALYST,368.296,25767583.0,0.79999365269006,
radar:2026-09-09:1450,2026-09-09T14:50:00-04:00,COMPLETED,37,WDAY,OK,0.0,4.18,0.0,3.73,15.0,10.0,32.91,10.55,NO_VERIFIED_CATALYST,185.795,1073355.0,0.26628586514855956,
radar:2026-09-09:1450,2026-09-09T14:50:00-04:00,COMPLETED,38,IBIT,OK,0.0,0.7,0.78,6.19,15.0,10.0,32.68,10.24,NO_VERIFIED_CATALYST,44.457,29147847.0,0.5977971075688184,
radar:2026-09-09:1450,2026-09-09T14:50:00-04:00,COMPLETED,39,COIN,OK,0.0,7.54,0.07,0.0,15.0,10.0,32.61,10.14,NO_VERIFIED_CATALYST|RELATIVE_STRENGTH_NEGATIVE,176.05,4145745.0,0.5089545720642038,
radar:2026-09-09:1450,2026-09-09T14:50:00-04:00,COMPLETED,40,LHX,OK,0.0,7.38,0.0,0.0,15.0,10.0,32.38,9.84,NO_VERIFIED_CATALYST|RELATIVE_STRENGTH_NEGATIVE,251.695,628581.0,0.47792446412480677,
radar:2026-09-09:1450,2026-09-09T14:50:00-04:00,COMPLETED,41,NOC,OK,0.0,0.56,1.95,4.57,15.0,10.0,32.08,9.43,NO_VERIFIED_CATALYST,517.96,430230.0,0.7435365312494262,
radar:2026-09-09:1450,2026-09-09T14:50:00-04:00,COMPLETED,42,QQQ,OK,0.0,1.19,2.08,3.76,15.0,10.0,32.03,9.37,NO_VERIFIED_CATALYST,716.53,19272469.0,0.7603573807376973,
radar:2026-09-09:1450,2026-09-09T14:50:00-04:00,COMPLETED,43,BA,OK,0.0,6.23,0.79,0.0,15.0,10.0,32.02,9.36,NO_VERIFIED_CATALYST|RELATIVE_STRENGTH_NEGATIVE,207.915,2423564.0,0.5985927114298559,
radar:2026-09-09:1450,2026-09-09T14:50:00-04:00,COMPLETED,44,HOOD,OK,0.0,3.48,2.48,0.81,15.0,10.0,31.77,9.03,NO_VERIFIED_CATALYST|RELATIVE_STRENGTH_NEGATIVE,116.465,14274274.0,0.8099168778471347,
radar:2026-09-09:1450,2026-09-09T14:50:00-04:00,COMPLETED,45,DIS,OK,0.0,3.64,0.55,2.31,15.0,10.0,31.5,8.67,NO_VERIFIED_CATALYST|RELATIVE_STRENGTH_NEGATIVE,104.539,3515476.0,0.569090377365593,
radar:2026-09-09:1450,2026-09-09T14:50:00-04:00,COMPLETED,46,REMX,OK,0.0,1.89,1.75,2.86,15.0,10.0,31.5,8.66,NO_VERIFIED_CATALYST|RELATIVE_STRENGTH_NEGATIVE,76.42,328384.0,0.7183554120400669,
radar:2026-09-09:1450,2026-09-09T14:50:00-04:00,COMPLETED,47,SPY,OK,0.0,1.94,0.88,3.0,15.0,10.0,30.83,7.77,NO_VERIFIED_CATALYST,763.04,18323256.0,0.6102161898784888,
radar:2026-09-09:1450,2026-09-09T14:50:00-04:00,COMPLETED,48,CSCO,OK,0.0,0.21,0.0,5.56,15.0,10.0,30.78,7.7,NO_VERIFIED_CATALYST,109.22,5874124.0,0.3723877873576854,
radar:2026-09-09:1450,2026-09-09T14:50:00-04:00,COMPLETED,49,MS,OK,0.0,1.56,0.0,4.14,15.0,10.0,30.69,7.59,NO_VERIFIED_CATALYST,215.825,1366751.0,0.44196115588768436,
radar:2026-09-09:1450,2026-09-09T14:50:00-04:00,COMPLETED,50,PYPL,OK,0.0,5.62,0.0,0.0,15.0,10.0,30.62,7.49,NO_VERIFIED_CATALYST|RELATIVE_STRENGTH_NEGATIVE,52.54,4708856.0,0.45508394798662005,
radar:2026-09-09:1450,2026-09-09T14:50:00-04:00,COMPLETED,51,NFLX,OK,0.0,4.98,0.63,0.0,15.0,10.0,30.61,7.48,NO_VERIFIED_CATALYST|RELATIVE_STRENGTH_NEGATIVE,75.95,13470491.0,0.5783179659668041,
radar:2026-09-09:1450,2026-09-09T14:50:00-04:00,COMPLETED,52,VOO,OK,0.0,1.84,0.43,3.05,15.0,10.0,30.33,7.1,NO_VERIFIED_CATALYST,701.45,3031615.0,0.5542196819312946,
radar:2026-09-09:1450,2026-09-09T14:50:00-04:00,COMPLETED,53,PLTR,OK,0.0,0.14,0.0,5.11,15.0,10.0,30.25,7.0,NO_VERIFIED_CATALYST,170.25,12110776.0,0.4683919748195162,
radar:2026-09-09:1450,2026-09-09T14:50:00-04:00,COMPLETED,54,WMT,OK,0.0,1.26,0.0,3.99,15.0,10.0,30.24,6.99,NO_VERIFIED_CATALYST,105.82,8211285.0,0.3561048840310174,
radar:2026-09-09:1450,2026-09-09T14:50:00-04:00,COMPLETED,55,ADBE,OK,0.0,2.12,0.34,2.56,15.0,10.0,30.02,6.7,NO_VERIFIED_CATALYST|RELATIVE_STRENGTH_NEGATIVE,256.09,1956004.0,0.5429561233862862,
radar:2026-09-09:1450,2026-09-09T14:50:00-04:00,COMPLETED,56,IBKR,OK,0.0,1.23,0.0,3.7,15.0,10.0,29.94,6.58,NO_VERIFIED_CATALYST,90.73,1150874.0,0.3790300702620895,
radar:2026-09-09:1450,2026-09-09T14:50:00-04:00,COMPLETED,57,V,OK,0.0,1.65,0.0,3.16,15.0,10.0,29.82,6.42,NO_VERIFIED_CATALYST,367.335,2362977.0,0.4437616843660595,
radar:2026-09-09:1450,2026-09-09T14:50:00-04:00,COMPLETED,58,AMAT,OK,0.0,4.79,0.0,0.0,15.0,10.0,29.79,6.38,NO_VERIFIED_CATALYST|RELATIVE_STRENGTH_NEGATIVE,468.14,2173633.0,0.3577358552022398,
radar:2026-09-09:1450,2026-09-09T14:50:00-04:00,COMPLETED,59,MSFT,OK,0.0,1.82,0.0,2.95,15.0,10.0,29.77,6.36,NO_VERIFIED_CATALYST|RELATIVE_STRENGTH_NEGATIVE,492.025,6883019.0,0.3748180423366216,
radar:2026-09-09:1450,2026-09-09T14:50:00-04:00,COMPLETED,60,NVDA,OK,0.0,3.78,0.0,0.42,15.0,10.0,29.21,5.61,NO_VERIFIED_CATALYST|RELATIVE_STRENGTH_NEGATIVE,223.9,52886957.0,0.4986653062287231,
radar:2026-09-09:1500,2026-09-09T15:00:00-04:00,COMPLETED,1,META,OK,0.0,17.81,11.75,15.0,15.0,10.0,69.57,59.42,NO_VERIFIED_CATALYST,653.18,26992804.0,1.969074036473907,d4719220-65b0-40da-bfc3-fd6411f16166
radar:2026-09-09:1500,2026-09-09T15:00:00-04:00,COMPLETED,2,AMD,OK,0.0,14.93,5.42,15.0,15.0,10.0,60.35,47.13,NO_VERIFIED_CATALYST|SCORE_BELOW_PLAN_THRESHOLD,521.21,17859879.0,1.1772601753333252,
radar:2026-09-09:1500,2026-09-09T15:00:00-04:00,COMPLETED,3,MRVL,OK,0.0,14.0,2.23,15.0,15.0,10.0,56.23,41.65,NO_VERIFIED_CATALYST|SCORE_BELOW_PLAN_THRESHOLD,234.94,16121303.0,0.7792617721163918,
radar:2026-09-09:1500,2026-09-09T15:00:00-04:00,COMPLETED,4,ALAB,OK,0.0,14.0,2.04,15.0,15.0,10.0,56.04,41.38,NO_VERIFIED_CATALYST|ADV_TOO_LOW,299.976,2239574.0,0.7545904394699842,
radar:2026-09-09:1500,2026-09-09T15:00:00-04:00,COMPLETED,5,MU,OK,0.0,11.23,2.35,15.0,15.0,10.0,53.57,38.1,NO_VERIFIED_CATALYST|SCORE_BELOW_PLAN_THRESHOLD,1024.21,18551326.0,0.7932148297845316,
radar:2026-09-09:1500,2026-09-09T15:00:00-04:00,COMPLETED,6,CVX,OK,0.0,8.63,2.79,15.0,15.0,10.0,51.42,35.23,NO_VERIFIED_CATALYST,213.59,5385552.0,0.8492195179145641,
radar:2026-09-09:1500,2026-09-09T15:00:00-04:00,COMPLETED,7,GLTR,OK,0.0,7.2,4.0,14.56,15.0,10.0,50.76,34.34,NO_VERIFIED_CATALYST,201.7,49806.0,0.999432825342842,
radar:2026-09-09:1500,2026-09-09T15:00:00-04:00,COMPLETED,8,INTC,OK,0.0,7.47,3.34,11.99,15.0,10.0,47.8,30.4,NO_VERIFIED_CATALYST,105.635,77445196.0,0.916980350911683,
radar:2026-09-09:1500,2026-09-09T15:00:00-04:00,COMPLETED,9,QCOM,OK,0.0,5.84,3.92,12.81,15.0,10.0,47.57,30.1,NO_VERIFIED_CATALYST,176.27,8325994.0,0.9901944034723221,
radar:2026-09-09:1500,2026-09-09T15:00:00-04:00,COMPLETED,10,XLE,OK,0.0,5.81,3.15,11.83,15.0,10.0,45.79,27.72,NO_VERIFIED_CATALYST,65.475,19226879.0,0.8941989610081746,
radar:2026-09-09:1500,2026-09-09T15:00:00-04:00,COMPLETED,11,SNDK,OK,0.0,5.8,1.53,12.75,15.0,10.0,45.08,26.77,NO_VERIFIED_CATALYST,1759.58,7786471.0,0.6918198755148185,
radar:2026-09-09:1500,2026-09-09T15:00:00-04:00,COMPLETED,12,AAPL,OK,0.0,6.04,7.6,6.15,15.0,10.0,44.79,26.38,LIQUIDITY_WEAK|NO_VERIFIED_CATALYST,316.67,48083136.0,1.4501341381423591,
radar:2026-09-09:1500,2026-09-09T15:00:00-04:00,COMPLETED,13,EBAY,OK,0.0,6.12,5.93,7.3,15.0,10.0,44.35,25.8,NO_VERIFIED_CATALYST,104.94,4451007.0,1.240706083748254,
radar:2026-09-09:1500,2026-09-09T15:00:00-04:00,COMPLETED,14,GE,OK,0.0,14.7,4.24,0.0,15.0,10.0,43.94,25.25,NO_VERIFIED_CATALYST|RELATIVE_STRENGTH_NEGATIVE,326.69,3050498.0,1.0296727853698204,
radar:2026-09-09:1500,2026-09-09T15:00:00-04:00,COMPLETED,15,ORCL,OK,0.0,5.75,3.09,8.53,15.0,10.0,42.37,23.16,NO_VERIFIED_CATALYST,163.397,17534824.0,0.8861411284015904,
radar:2026-09-09:1500,2026-09-09T15:00:00-04:00,COMPLETED,16,GOOGL,OK,0.0,12.13,5.11,0.0,15.0,10.0,42.23,22.98,NO_VERIFIED_CATALYST|RELATIVE_STRENGTH_NEGATIVE,330.22,21613604.0,1.1382718605754285,
radar:2026-09-09:1500,2026-09-09T15:00:00-04:00,COMPLETED,17,BAC,OK,0.0,5.79,2.29,9.09,15.0,10.0,42.18,22.9,NO_VERIFIED_CATALYST,62.785,19433604.0,0.7864120378039774,
radar:2026-09-09:1500,2026-09-09T15:00:00-04:00,COMPLETED,18,UBER,OK,0.0,12.06,4.48,0.0,15.0,10.0,41.54,22.05,NO_VERIFIED_CATALYST|RELATIVE_STRENGTH_NEGATIVE,71.24,13806046.0,1.0594583280427328,
radar:2026-09-09:1500,2026-09-09T15:00:00-04:00,COMPLETED,19,JPM,OK,0.0,5.3,1.08,8.83,15.0,10.0,40.21,20.28,NO_VERIFIED_CATALYST,355.594,2941158.0,0.6352409867161736,
radar:2026-09-09:1500,2026-09-09T15:00:00-04:00,COMPLETED,20,ITA,OK,0.0,6.57,8.44,0.0,15.0,10.0,40.0,20.0,NO_VERIFIED_CATALYST|RELATIVE_STRENGTH_NEGATIVE,220.385,744950.0,1.5545890213007167,
radar:2026-09-09:1500,2026-09-09T15:00:00-04:00,COMPLETED,21,SNPS,OK,0.0,5.41,0.12,9.18,15.0,10.0,39.71,19.61,NO_VERIFIED_CATALYST,394.57,782065.0,0.5150274752130309,
radar:2026-09-09:1500,2026-09-09T15:00:00-04:00,COMPLETED,22,ONDS,OK,0.0,12.25,2.2,0.0,15.0,10.0,39.45,19.26,NO_VERIFIED_CATALYST|RELATIVE_STRENGTH_NEGATIVE,7.42,44981325.0,0.7750053795538577,
radar:2026-09-09:1500,2026-09-09T15:00:00-04:00,COMPLETED,23,ABNB,OK,0.0,12.87,0.58,0.0,15.0,10.0,38.46,17.94,NO_VERIFIED_CATALYST|RELATIVE_STRENGTH_NEGATIVE,169.725,2417699.0,0.5728753228670481,
radar:2026-09-09:1500,2026-09-09T15:00:00-04:00,COMPLETED,24,DASH,OK,0.0,10.08,3.03,0.0,15.0,10.0,38.11,17.48,NO_VERIFIED_CATALYST|RELATIVE_STRENGTH_NEGATIVE,197.88,2974267.0,0.8786107418310167,
radar:2026-09-09:1500,2026-09-09T15:00:00-04:00,COMPLETED,25,XAR,OK,0.0,10.07,2.18,0.0,15.0,10.0,37.25,16.33,NO_VERIFIED_CATALYST|RELATIVE_STRENGTH_NEGATIVE,247.805,137176.0,0.7726294789653876,
radar:2026-09-09:1500,2026-09-09T15:00:00-04:00,COMPLETED,26,TXN,OK,0.0,2.98,0.0,9.13,15.0,10.0,37.11,16.15,NO_VERIFIED_CATALYST,260.575,2093399.0,0.45442678822374755,
radar:2026-09-09:1500,2026-09-09T15:00:00-04:00,COMPLETED,27,MSTR,OK,0.0,11.01,0.3,0.0,15.0,10.0,36.31,15.08,NO_VERIFIED_CATALYST|RELATIVE_STRENGTH_NEGATIVE,133.3,12782692.0,0.537624114660332,
radar:2026-09-09:1500,2026-09-09T15:00:00-04:00,COMPLETED,28,AMZN,OK,0.0,9.02,2.26,0.0,15.0,10.0,36.28,15.04,NO_VERIFIED_CATALYST|RELATIVE_STRENGTH_NEGATIVE,252.215,21431272.0,0.7822023706721049,
radar:2026-09-09:1500,2026-09-09T15:00:00-04:00,COMPLETED,29,MRNA,OK,0.0,11.16,0.0,0.0,15.0,10.0,36.16,14.88,NO_VERIFIED_CATALYST|RELATIVE_STRENGTH_NEGATIVE,136.975,5689919.0,0.19969071797963062,
radar:2026-09-09:1500,2026-09-09T15:00:00-04:00,COMPLETED,30,PG,OK,0.0,9.19,1.73,0.0,15.0,10.0,35.92,14.56,NO_VERIFIED_CATALYST|RELATIVE_STRENGTH_NEGATIVE,142.712,5399120.0,0.7161820490451282,
radar:2026-09-09:1500,2026-09-09T15:00:00-04:00,COMPLETED,31,DELL,OK,0.0,1.16,2.75,6.79,15.0,10.0,35.7,14.27,NO_VERIFIED_CATALYST,535.21,5997960.0,0.8436046296130748,
radar:2026-09-09:1500,2026-09-09T15:00:00-04:00,COMPLETED,32,CDNS,OK,0.0,1.94,0.79,7.79,15.0,10.0,35.51,14.02,NO_VERIFIED_CATALYST,285.29,1202404.0,0.5984648794320045,
radar:2026-09-09:1500,2026-09-09T15:00:00-04:00,COMPLETED,33,TSLA,OK,0.0,0.84,2.31,6.37,15.0,10.0,34.52,12.7,NO_VERIFIED_CATALYST,368.82,26216967.0,0.7892811884405811,
radar:2026-09-09:1500,2026-09-09T15:00:00-04:00,COMPLETED,34,AVGO,OK,0.0,7.64,1.21,0.0,15.0,10.0,33.86,11.81,NO_VERIFIED_CATALYST|RELATIVE_STRENGTH_NEGATIVE,363.54,13392576.0,0.6517579064066277,
radar:2026-09-09:1500,2026-09-09T15:00:00-04:00,COMPLETED,35,GS,OK,0.0,4.31,1.35,2.58,15.0,10.0,33.23,10.97,NO_VERIFIED_CATALYST|RELATIVE_STRENGTH_NEGATIVE,1031.835,1009048.0,0.6682546574353961,
radar:2026-09-09:1500,2026-09-09T15:00:00-04:00,COMPLETED,36,WDAY,OK,0.0,4.06,0.0,3.94,15.0,10.0,33.0,10.67,NO_VERIFIED_CATALYST,185.86,1123980.0,0.27039568753999293,
radar:2026-09-09:1500,2026-09-09T15:00:00-04:00,COMPLETED,37,COIN,OK,0.0,7.95,0.02,0.0,15.0,10.0,32.98,10.64,NO_VERIFIED_CATALYST|RELATIVE_STRENGTH_NEGATIVE,175.89,4223655.0,0.502807003300832,
radar:2026-09-09:1500,2026-09-09T15:00:00-04:00,COMPLETED,38,HOOD,OK,0.0,5.53,2.36,0.0,15.0,10.0,32.89,10.52,NO_VERIFIED_CATALYST|RELATIVE_STRENGTH_NEGATIVE,115.95,14456554.0,0.7954037793394554,
radar:2026-09-09:1500,2026-09-09T15:00:00-04:00,COMPLETED,39,NOW,OK,0.0,7.44,0.0,0.0,15.0,10.0,32.44,9.92,NO_VERIFIED_CATALYST|RELATIVE_STRENGTH_NEGATIVE,132.071,7155938.0,0.48589875042448766,
radar:2026-09-09:1500,2026-09-09T15:00:00-04:00,COMPLETED,40,LHX,OK,0.0,7.2,0.0,0.0,15.0,10.0,32.2,9.6,NO_VERIFIED_CATALYST|RELATIVE_STRENGTH_NEGATIVE,251.795,642939.0,0.47402825576827806,
radar:2026-09-09:1500,2026-09-09T15:00:00-04:00,COMPLETED,41,NOC,OK,0.0,0.19,1.85,5.05,15.0,10.0,32.09,9.46,NO_VERIFIED_CATALYST,518.37,436366.0,0.731288884382523,
radar:2026-09-09:1500,2026-09-09T15:00:00-04:00,COMPLETED,42,QQQ,OK,0.0,1.38,1.96,3.52,15.0,10.0,31.86,9.15,NO_VERIFIED_CATALYST,716.24,19478923.0,0.7452153604968094,
radar:2026-09-09:1500,2026-09-09T15:00:00-04:00,COMPLETED,43,BA,OK,0.0,5.87,0.79,0.0,15.0,10.0,31.66,8.88,NO_VERIFIED_CATALYST|RELATIVE_STRENGTH_NEGATIVE,208.08,2499027.0,0.5985278001049978,
radar:2026-09-09:1500,2026-09-09T15:00:00-04:00,COMPLETED,44,IBIT,OK,0.0,0.21,0.69,5.57,15.0,10.0,31.47,8.63,NO_VERIFIED_CATALYST,44.41,29503912.0,0.5867638901861775,
radar:2026-09-09:1500,2026-09-09T15:00:00-04:00,COMPLETED,45,REMX,OK,0.0,2.62,1.8,1.93,15.0,10.0,31.35,8.46,NO_VERIFIED_CATALYST|RELATIVE_STRENGTH_NEGATIVE,76.3,341788.0,0.7250210856392185,
radar:2026-09-09:1500,2026-09-09T15:00:00-04:00,COMPLETED,46,WMT,OK,0.0,1.41,0.0,4.73,15.0,10.0,31.14,8.19,NO_VERIFIED_CATALYST,105.95,8368071.0,0.35190756863695904,
radar:2026-09-09:1500,2026-09-09T15:00:00-04:00,COMPLETED,47,SPY,OK,0.0,1.94,0.82,3.0,15.0,10.0,30.76,7.68,NO_VERIFIED_CATALYST,763.03,18676231.0,0.6031242082298475,
radar:2026-09-09:1500,2026-09-09T15:00:00-04:00,COMPLETED,48,NFLX,OK,0.0,4.86,0.66,0.0,15.0,10.0,30.52,7.36,NO_VERIFIED_CATALYST|RELATIVE_STRENGTH_NEGATIVE,75.97,13981829.0,0.5820813593033982,
radar:2026-09-09:1500,2026-09-09T15:00:00-04:00,COMPLETED,49,CSCO,OK,0.0,0.09,0.0,5.41,15.0,10.0,30.49,7.32,NO_VERIFIED_CATALYST,109.19,5986330.0,0.36800135735241457,
radar:2026-09-09:1500,2026-09-09T15:00:00-04:00,COMPLETED,50,PYPL,OK,0.0,5.45,0.0,0.0,15.0,10.0,30.45,7.27,NO_VERIFIED_CATALYST|RELATIVE_STRENGTH_NEGATIVE,52.559,4800819.0,0.44991232140994886,
radar:2026-09-09:1500,2026-09-09T15:00:00-04:00,COMPLETED,51,MS,OK,0.0,1.48,0.0,3.88,15.0,10.0,30.36,7.15,NO_VERIFIED_CATALYST,215.73,1410212.0,0.44219675717738655,
radar:2026-09-09:1500,2026-09-09T15:00:00-04:00,COMPLETED,52,AMAT,OK,0.0,5.27,0.0,0.0,15.0,10.0,30.27,7.03,NO_VERIFIED_CATALYST|RELATIVE_STRENGTH_NEGATIVE,467.45,2217983.0,0.35397363208785515,
radar:2026-09-09:1500,2026-09-09T15:00:00-04:00,COMPLETED,53,VOO,OK,0.0,1.83,0.41,3.03,15.0,10.0,30.27,7.03,NO_VERIFIED_CATALYST,701.415,3108707.0,0.5510920369318233,
radar:2026-09-09:1500,2026-09-09T15:00:00-04:00,COMPLETED,54,DIS,OK,0.0,3.42,0.82,1.01,15.0,10.0,30.25,7.0,NO_VERIFIED_CATALYST|RELATIVE_STRENGTH_NEGATIVE,104.31,3840878.0,0.6029260724872443,
radar:2026-09-09:1500,2026-09-09T15:00:00-04:00,COMPLETED,55,V,OK,0.0,1.16,0.0,4.06,15.0,10.0,30.22,6.96,NO_VERIFIED_CATALYST,367.88,2417807.0,0.44029969487911474,
radar:2026-09-09:1500,2026-09-09T15:00:00-04:00,COMPLETED,56,PLTR,OK,0.0,0.3,0.0,4.91,15.0,10.0,30.21,6.95,NO_VERIFIED_CATALYST,170.19,13215105.0,0.4956151108565753,
radar:2026-09-09:1500,2026-09-09T15:00:00-04:00,COMPLETED,57,ADBE,OK,0.0,2.34,0.48,2.29,15.0,10.0,30.1,6.8,NO_VERIFIED_CATALYST|RELATIVE_STRENGTH_NEGATIVE,255.97,2079035.0,0.5596200223494978,
radar:2026-09-09:1500,2026-09-09T15:00:00-04:00,COMPLETED,58,IBKR,OK,0.0,1.28,0.0,3.65,15.0,10.0,29.93,6.57,NO_VERIFIED_CATALYST,90.72,1179422.0,0.3766617837272663,
radar:2026-09-09:1500,2026-09-09T15:00:00-04:00,COMPLETED,59,MSFT,OK,0.0,1.83,0.0,2.94,15.0,10.0,29.77,6.36,NO_VERIFIED_CATALYST|RELATIVE_STRENGTH_NEGATIVE,492.01,6992446.0,0.36923859337685777,
radar:2026-09-09:1500,2026-09-09T15:00:00-04:00,COMPLETED,60,NVDA,OK,0.0,4.28,0.0,0.0,15.0,10.0,29.28,5.71,NO_VERIFIED_CATALYST|RELATIVE_STRENGTH_NEGATIVE,223.66,53909375.0,0.49290283775368626,
radar:2026-09-09:1510,2026-09-09T15:10:00-04:00,COMPLETED,1,META,OK,0.0,19.3,11.57,15.0,15.0,10.0,70.87,61.16,NO_VERIFIED_CATALYST,654.87,27491003.0,1.9464339037269656,0bada952-dd05-41a5-875c-9cc65821b1f1
radar:2026-09-09:1510,2026-09-09T15:10:00-04:00,COMPLETED,2,AMD,OK,0.0,15.09,5.28,15.0,15.0,10.0,60.37,47.16,NO_VERIFIED_CATALYST|SCORE_BELOW_PLAN_THRESHOLD,521.365,18129825.0,1.1599054353969833,
radar:2026-09-09:1510,2026-09-09T15:10:00-04:00,COMPLETED,3,MRVL,OK,0.0,14.0,2.12,15.0,15.0,10.0,56.12,41.49,NO_VERIFIED_CATALYST|SCORE_BELOW_PLAN_THRESHOLD,235.26,16302083.0,0.764823743763616,
radar:2026-09-09:1510,2026-09-09T15:10:00-04:00,COMPLETED,4,ALAB,OK,0.0,14.0,1.96,15.0,15.0,10.0,55.96,41.28,NO_VERIFIED_CATALYST|ADV_TOO_LOW,300.745,2279297.0,0.7453870294754757,
radar:2026-09-09:1510,2026-09-09T15:10:00-04:00,COMPLETED,5,INTC,OK,0.0,12.39,3.37,14.8,15.0,10.0,55.56,40.75,NO_VERIFIED_CATALYST|SCORE_BELOW_PLAN_THRESHOLD,106.13,80111181.0,0.9206482066976992,
radar:2026-09-09:1510,2026-09-09T15:10:00-04:00,COMPLETED,6,CVX,OK,0.0,10.97,2.76,15.0,15.0,10.0,53.73,38.31,NO_VERIFIED_CATALYST,214.06,5519934.0,0.8448092483699792,
radar:2026-09-09:1510,2026-09-09T15:10:00-04:00,COMPLETED,7,MU,OK,0.0,10.25,2.29,15.0,15.0,10.0,52.53,36.71,NO_VERIFIED_CATALYST,1022.22,18936087.0,0.7858526807084503,
radar:2026-09-09:1510,2026-09-09T15:10:00-04:00,COMPLETED,8,GLTR,OK,0.0,7.18,3.8,14.5,15.0,10.0,50.47,33.96,NO_VERIFIED_CATALYST,201.69,50030.0,0.9744004567378474,
radar:2026-09-09:1510,2026-09-09T15:10:00-04:00,COMPLETED,9,XLE,OK,0.0,6.85,3.1,12.4,15.0,10.0,47.35,29.8,NO_VERIFIED_CATALYST,65.54,19671160.0,0.8879537986841595,
radar:2026-09-09:1510,2026-09-09T15:10:00-04:00,COMPLETED,10,QCOM,OK,0.0,5.74,3.81,12.64,15.0,10.0,47.19,29.59,NO_VERIFIED_CATALYST,176.23,8458852.0,0.9764068805411469,
radar:2026-09-09:1510,2026-09-09T15:10:00-04:00,COMPLETED,11,GE,OK,0.0,14.66,4.31,0.0,15.0,10.0,43.97,25.3,NO_VERIFIED_CATALYST|RELATIVE_STRENGTH_NEGATIVE,326.89,3171142.0,1.038913070942035,
radar:2026-09-09:1510,2026-09-09T15:10:00-04:00,COMPLETED,12,BAC,OK,0.0,6.96,2.24,9.76,15.0,10.0,43.96,25.28,NO_VERIFIED_CATALYST,62.857,19870384.0,0.7804374385321378,
radar:2026-09-09:1510,2026-09-09T15:10:00-04:00,COMPLETED,13,ORCL,OK,0.0,6.11,3.14,8.78,15.0,10.0,43.02,24.03,NO_VERIFIED_CATALYST,163.47,18184688.0,0.8919538159062211,
radar:2026-09-09:1510,2026-09-09T15:10:00-04:00,COMPLETED,14,GOOGL,OK,0.0,12.29,4.95,0.0,15.0,10.0,42.24,22.99,NO_VERIFIED_CATALYST|RELATIVE_STRENGTH_NEGATIVE,330.64,21882404.0,1.1185331822394378,
radar:2026-09-09:1510,2026-09-09T15:10:00-04:00,COMPLETED,15,UBER,OK,0.0,12.03,4.43,0.0,15.0,10.0,41.46,21.94,NO_VERIFIED_CATALYST|RELATIVE_STRENGTH_NEGATIVE,71.245,14146918.0,1.0536865349595361,
radar:2026-09-09:1510,2026-09-09T15:10:00-04:00,COMPLETED,16,AAPL,OK,0.0,4.07,7.81,4.27,15.0,10.0,41.15,21.54,LIQUIDITY_WEAK|NO_VERIFIED_CATALYST,315.695,50416584.0,1.4757875397185143,
radar:2026-09-09:1510,2026-09-09T15:10:00-04:00,COMPLETED,17,JPM,OK,0.0,5.53,1.03,8.97,15.0,10.0,40.53,20.71,NO_VERIFIED_CATALYST,355.69,3001813.0,0.6292725987297328,
radar:2026-09-09:1510,2026-09-09T15:10:00-04:00,COMPLETED,18,ITA,OK,0.0,6.28,8.7,0.0,15.0,10.0,39.99,19.98,NO_VERIFIED_CATALYST|RELATIVE_STRENGTH_NEGATIVE,220.52,783909.0,1.5877757084840542,
radar:2026-09-09:1510,2026-09-09T15:10:00-04:00,COMPLETED,19,ONDS,OK,0.0,12.55,2.13,0.0,15.0,10.0,39.68,19.58,NO_VERIFIED_CATALYST|RELATIVE_STRENGTH_NEGATIVE,7.415,45815411.0,0.7661593231385697,
radar:2026-09-09:1510,2026-09-09T15:10:00-04:00,COMPLETED,20,TXN,OK,0.0,3.98,0.0,9.69,15.0,10.0,38.67,18.23,NO_VERIFIED_CATALYST,260.83,2135694.0,0.44997249818915597,
radar:2026-09-09:1510,2026-09-09T15:10:00-04:00,COMPLETED,21,ABNB,OK,0.0,12.83,0.55,0.0,15.0,10.0,38.39,17.85,NO_VERIFIED_CATALYST|RELATIVE_STRENGTH_NEGATIVE,169.74,2474168.0,0.5690128847276875,
radar:2026-09-09:1510,2026-09-09T15:10:00-04:00,COMPLETED,22,SNPS,OK,0.0,4.51,0.08,8.67,15.0,10.0,38.27,17.69,NO_VERIFIED_CATALYST,394.255,798502.0,0.5103858047812248,
radar:2026-09-09:1510,2026-09-09T15:10:00-04:00,COMPLETED,23,MRNA,OK,0.0,13.22,0.0,0.0,15.0,10.0,38.22,17.63,NO_VERIFIED_CATALYST|RELATIVE_STRENGTH_NEGATIVE,136.355,5858933.0,0.19957464116928392,
radar:2026-09-09:1510,2026-09-09T15:10:00-04:00,COMPLETED,24,DASH,OK,0.0,10.12,2.97,0.0,15.0,10.0,38.08,17.44,NO_VERIFIED_CATALYST|RELATIVE_STRENGTH_NEGATIVE,198.055,3036716.0,0.8706743786825246,
radar:2026-09-09:1510,2026-09-09T15:10:00-04:00,COMPLETED,25,DELL,OK,0.0,2.1,2.67,7.96,15.0,10.0,37.73,16.97,NO_VERIFIED_CATALYST,536.28,6103053.0,0.8331391860881425,
radar:2026-09-09:1510,2026-09-09T15:10:00-04:00,COMPLETED,26,SNDK,OK,0.0,2.57,1.56,8.57,15.0,10.0,37.7,16.93,LIQUIDITY_WEAK|NO_VERIFIED_CATALYST,1747.555,8056850.0,0.6947885831827901,
radar:2026-09-09:1510,2026-09-09T15:10:00-04:00,COMPLETED,27,XAR,OK,0.0,9.78,2.2,0.0,15.0,10.0,36.98,15.98,NO_VERIFIED_CATALYST|RELATIVE_STRENGTH_NEGATIVE,247.96,141716.0,0.7747240818676427,
radar:2026-09-09:1510,2026-09-09T15:10:00-04:00,COMPLETED,28,AMZN,OK,0.0,8.95,2.21,0.0,15.0,10.0,36.17,14.89,NO_VERIFIED_CATALYST|RELATIVE_STRENGTH_NEGATIVE,252.04,21929413.0,0.7768429294120793,
radar:2026-09-09:1510,2026-09-09T15:10:00-04:00,COMPLETED,29,MSTR,OK,0.0,10.77,0.24,0.0,15.0,10.0,36.01,14.68,NO_VERIFIED_CATALYST|RELATIVE_STRENGTH_NEGATIVE,133.37,12980279.0,0.5298774943391124,
radar:2026-09-09:1510,2026-09-09T15:10:00-04:00,COMPLETED,30,PG,OK,0.0,8.86,1.64,0.0,15.0,10.0,35.51,14.01,NO_VERIFIED_CATALYST|RELATIVE_STRENGTH_NEGATIVE,142.815,5479854.0,0.7055121052193695,
radar:2026-09-09:1510,2026-09-09T15:10:00-04:00,COMPLETED,31,EBAY,OK,0.0,2.88,5.98,1.57,15.0,10.0,35.42,13.9,LIQUIDITY_WEAK|NO_VERIFIED_CATALYST|RELATIVE_STRENGTH_NEGATIVE,103.945,4609048.0,1.2469725589303267,
radar:2026-09-09:1510,2026-09-09T15:10:00-04:00,COMPLETED,32,CDNS,OK,0.0,1.79,0.74,7.57,15.0,10.0,35.1,13.47,NO_VERIFIED_CATALYST,285.2,1226846.0,0.5926705383985579,
radar:2026-09-09:1510,2026-09-09T15:10:00-04:00,COMPLETED,33,TSLA,OK,0.0,1.13,2.21,6.72,15.0,10.0,35.06,13.41,NO_VERIFIED_CATALYST,369.05,26568113.0,0.776327633657571,
radar:2026-09-09:1510,2026-09-09T15:10:00-04:00,COMPLETED,34,AVGO,OK,0.0,7.7,1.54,0.0,15.0,10.0,34.24,12.32,NO_VERIFIED_CATALYST|RELATIVE_STRENGTH_NEGATIVE,364.07,14651115.0,0.6920347405485661,
radar:2026-09-09:1510,2026-09-09T15:10:00-04:00,COMPLETED,35,NOW,OK,0.0,8.76,0.0,0.0,15.0,10.0,33.76,11.68,NO_VERIFIED_CATALYST|RELATIVE_STRENGTH_NEGATIVE,131.69,7338541.0,0.483641956027484,
radar:2026-09-09:1510,2026-09-09T15:10:00-04:00,COMPLETED,36,HOOD,OK,0.0,5.49,2.37,0.0,15.0,10.0,32.85,10.47,NO_VERIFIED_CATALYST|RELATIVE_STRENGTH_NEGATIVE,115.96,14902389.0,0.7958180661896629,
radar:2026-09-09:1510,2026-09-09T15:10:00-04:00,COMPLETED,37,GS,OK,0.0,4.18,1.29,2.16,15.0,10.0,32.63,10.17,NO_VERIFIED_CATALYST|RELATIVE_STRENGTH_NEGATIVE,1031.16,1029176.0,0.6615380813297664,
radar:2026-09-09:1510,2026-09-09T15:10:00-04:00,COMPLETED,38,NOC,OK,0.0,0.13,1.81,5.44,15.0,10.0,32.38,9.85,NO_VERIFIED_CATALYST,518.73,446391.0,0.7260867780334753,
radar:2026-09-09:1510,2026-09-09T15:10:00-04:00,COMPLETED,39,COIN,OK,0.0,7.38,0.0,0.0,15.0,10.0,32.38,9.84,NO_VERIFIED_CATALYST|RELATIVE_STRENGTH_NEGATIVE,176.11,4306431.0,0.4975828525833887,
radar:2026-09-09:1510,2026-09-09T15:10:00-04:00,COMPLETED,40,LHX,OK,0.0,7.18,0.0,0.0,15.0,10.0,32.18,9.57,NO_VERIFIED_CATALYST|RELATIVE_STRENGTH_NEGATIVE,251.805,672414.0,0.48117852593983973,
radar:2026-09-09:1510,2026-09-09T15:10:00-04:00,COMPLETED,41,QQQ,OK,0.0,1.35,2.02,3.53,15.0,10.0,31.9,9.2,NO_VERIFIED_CATALYST,716.28,20270821.0,0.7527022717796055,
radar:2026-09-09:1510,2026-09-09T15:10:00-04:00,COMPLETED,42,BA,OK,0.0,6.02,0.8,0.0,15.0,10.0,31.83,9.1,NO_VERIFIED_CATALYST|RELATIVE_STRENGTH_NEGATIVE,208.01,2583250.0,0.6005025386197766,
radar:2026-09-09:1510,2026-09-09T15:10:00-04:00,COMPLETED,43,WMT,OK,0.0,1.48,0.0,5.13,15.0,10.0,31.61,8.81,NO_VERIFIED_CATALYST,106.025,8547116.0,0.3488653850495647,
radar:2026-09-09:1510,2026-09-09T15:10:00-04:00,COMPLETED,44,DIS,OK,0.0,3.61,0.88,1.98,15.0,10.0,31.47,8.63,NO_VERIFIED_CATALYST|RELATIVE_STRENGTH_NEGATIVE,104.485,4001423.0,0.6096534656951338,
radar:2026-09-09:1510,2026-09-09T15:10:00-04:00,COMPLETED,45,REMX,OK,0.0,2.31,1.67,2.3,15.0,10.0,31.28,8.37,NO_VERIFIED_CATALYST|RELATIVE_STRENGTH_NEGATIVE,76.35,344212.0,0.7086876492636067,
radar:2026-09-09:1510,2026-09-09T15:10:00-04:00,COMPLETED,46,CSCO,OK,0.0,0.3,0.0,5.65,15.0,10.0,30.95,7.94,NO_VERIFIED_CATALYST,109.24,6120927.0,0.3652086014632506,
radar:2026-09-09:1510,2026-09-09T15:10:00-04:00,COMPLETED,47,V,OK,0.0,1.28,0.0,4.63,15.0,10.0,30.91,7.88,NO_VERIFIED_CATALYST,368.25,2531326.0,0.4474143042028073,
radar:2026-09-09:1510,2026-09-09T15:10:00-04:00,COMPLETED,48,IBIT,OK,0.0,0.11,0.62,5.13,15.0,10.0,30.86,7.81,NO_VERIFIED_CATALYST,44.38,29924167.0,0.5776182094231345,
radar:2026-09-09:1510,2026-09-09T15:10:00-04:00,COMPLETED,49,SPY,OK,0.0,1.94,0.84,3.0,15.0,10.0,30.78,7.71,NO_VERIFIED_CATALYST,763.065,19297735.0,0.6048656095916606,
radar:2026-09-09:1510,2026-09-09T15:10:00-04:00,COMPLETED,50,PYPL,OK,0.0,5.4,0.0,0.0,15.0,10.0,30.4,7.2,NO_VERIFIED_CATALYST|RELATIVE_STRENGTH_NEGATIVE,52.565,4935759.0,0.44895367559929766,
radar:2026-09-09:1510,2026-09-09T15:10:00-04:00,COMPLETED,51,PLTR,OK,0.0,0.66,0.19,4.42,15.0,10.0,30.27,7.02,NO_VERIFIED_CATALYST,170.06,14383760.0,0.5235779881072894,
radar:2026-09-09:1510,2026-09-09T15:10:00-04:00,COMPLETED,52,VOO,OK,0.0,1.83,0.35,3.01,15.0,10.0,30.19,6.93,NO_VERIFIED_CATALYST,701.42,3162333.0,0.5441103355936131,
radar:2026-09-09:1510,2026-09-09T15:10:00-04:00,COMPLETED,53,ADBE,OK,0.0,2.92,0.55,1.51,15.0,10.0,29.98,6.64,NO_VERIFIED_CATALYST|RELATIVE_STRENGTH_NEGATIVE,255.65,2174658.0,0.5681427141250005,
radar:2026-09-09:1510,2026-09-09T15:10:00-04:00,COMPLETED,54,MS,OK,0.0,1.41,0.0,3.55,15.0,10.0,29.96,6.61,NO_VERIFIED_CATALYST,215.621,1454141.0,0.4425605499191458,
radar:2026-09-09:1510,2026-09-09T15:10:00-04:00,COMPLETED,55,IBKR,OK,0.0,1.13,0.0,3.82,15.0,10.0,29.95,6.59,NO_VERIFIED_CATALYST,90.75,1204447.0,0.37334046098127877,
radar:2026-09-09:1510,2026-09-09T15:10:00-04:00,COMPLETED,56,NFLX,OK,0.0,4.22,0.64,0.0,15.0,10.0,29.86,6.48,NO_VERIFIED_CATALYST|RELATIVE_STRENGTH_NEGATIVE,76.075,14345134.0,0.5796413317203988,
radar:2026-09-09:1510,2026-09-09T15:10:00-04:00,COMPLETED,57,AMAT,OK,0.0,4.82,0.0,0.0,15.0,10.0,29.82,6.42,NO_VERIFIED_CATALYST|RELATIVE_STRENGTH_NEGATIVE,468.185,2255256.0,0.3493361879804403,
radar:2026-09-09:1510,2026-09-09T15:10:00-04:00,COMPLETED,58,MSFT,OK,0.0,2.18,0.0,2.46,15.0,10.0,29.64,6.19,NO_VERIFIED_CATALYST|RELATIVE_STRENGTH_NEGATIVE,491.64,7132874.0,0.36557589340779656,
radar:2026-09-09:1510,2026-09-09T15:10:00-04:00,COMPLETED,59,WDAY,OK,0.0,3.46,0.0,0.82,15.0,10.0,29.28,5.71,NO_VERIFIED_CATALYST|RELATIVE_STRENGTH_NEGATIVE,184.9,1373287.0,0.32065463150670326,
radar:2026-09-09:1510,2026-09-09T15:10:00-04:00,COMPLETED,60,NVDA,OK,0.0,3.64,0.0,0.59,15.0,10.0,29.23,5.64,NO_VERIFIED_CATALYST|RELATIVE_STRENGTH_NEGATIVE,223.97,55642810.0,0.49378865385693116,
radar:2026-09-09:1520,2026-09-09T15:20:00-04:00,COMPLETED,1,META,OK,0.0,18.97,11.38,15.0,15.0,10.0,70.36,60.47,NO_VERIFIED_CATALYST,654.615,27956337.0,1.922825866099504,30cf34e8-32b2-44e9-8ff8-896cc4cbf440
radar:2026-09-09:1520,2026-09-09T15:20:00-04:00,COMPLETED,2,AMD,OK,0.0,15.1,5.15,15.0,15.0,10.0,60.25,46.99,NO_VERIFIED_CATALYST|SCORE_BELOW_PLAN_THRESHOLD,521.385,18394109.0,1.1431897988069994,
radar:2026-09-09:1520,2026-09-09T15:20:00-04:00,COMPLETED,3,MRVL,OK,0.0,14.0,2.01,15.0,15.0,10.0,56.01,41.35,NO_VERIFIED_CATALYST|SCORE_BELOW_PLAN_THRESHOLD,235.74,16487199.0,0.7514078972086443,
radar:2026-09-09:1520,2026-09-09T15:20:00-04:00,COMPLETED,4,ALAB,OK,0.0,14.0,1.91,15.0,15.0,10.0,55.91,41.21,NO_VERIFIED_CATALYST|ADV_TOO_LOW,301.64,2324374.0,0.7384099403164941,
radar:2026-09-09:1520,2026-09-09T15:20:00-04:00,COMPLETED,5,MU,OK,0.0,13.4,2.23,15.0,15.0,10.0,55.63,40.84,NO_VERIFIED_CATALYST|SCORE_BELOW_PLAN_THRESHOLD,1026.27,19311256.0,0.7785240495806591,
radar:2026-09-09:1520,2026-09-09T15:20:00-04:00,COMPLETED,6,INTC,OK,0.0,12.37,3.26,14.74,15.0,10.0,55.37,40.5,NO_VERIFIED_CATALYST,106.135,81305674.0,0.9076784924169778,
radar:2026-09-09:1520,2026-09-09T15:20:00-04:00,COMPLETED,7,CVX,OK,0.0,9.73,2.71,15.0,15.0,10.0,52.44,36.59,NO_VERIFIED_CATALYST,213.82,5641816.0,0.8387920504102544,
radar:2026-09-09:1520,2026-09-09T15:20:00-04:00,COMPLETED,8,GLTR,OK,0.0,7.63,3.87,14.98,15.0,10.0,51.48,35.3,NO_VERIFIED_CATALYST,201.88,51974.0,0.9833400579897053,
radar:2026-09-09:1520,2026-09-09T15:20:00-04:00,COMPLETED,9,QCOM,OK,0.0,5.71,3.72,12.52,15.0,10.0,46.94,29.26,NO_VERIFIED_CATALYST,176.22,8601212.0,0.9644721023274085,
radar:2026-09-09:1520,2026-09-09T15:20:00-04:00,COMPLETED,10,XLE,OK,0.0,6.17,3.0,11.94,15.0,10.0,46.11,28.15,NO_VERIFIED_CATALYST,65.5,19944060.0,0.8745498786499039,
radar:2026-09-09:1520,2026-09-09T15:20:00-04:00,COMPLETED,11,GE,OK,0.0,14.44,4.32,0.0,15.0,10.0,43.76,25.01,NO_VERIFIED_CATALYST|RELATIVE_STRENGTH_NEGATIVE,326.61,3267519.0,1.0399016215776313,
radar:2026-09-09:1520,2026-09-09T15:20:00-04:00,COMPLETED,12,SNDK,OK,0.0,5.09,1.53,11.72,15.0,10.0,43.33,24.44,NO_VERIFIED_CATALYST,1756.94,8244331.0,0.6906427041430303,
radar:2026-09-09:1520,2026-09-09T15:20:00-04:00,COMPLETED,13,BAC,OK,0.0,5.9,2.21,9.12,15.0,10.0,42.23,22.97,NO_VERIFIED_CATALYST,62.8,20337202.0,0.7759498442276295,
radar:2026-09-09:1520,2026-09-09T15:20:00-04:00,COMPLETED,14,GOOGL,OK,0.0,12.32,4.82,0.0,15.0,10.0,42.14,22.85,NO_VERIFIED_CATALYST|RELATIVE_STRENGTH_NEGATIVE,330.75,22203681.0,1.1025275053373165,
radar:2026-09-09:1520,2026-09-09T15:20:00-04:00,COMPLETED,15,ORCL,OK,0.0,5.3,3.09,8.26,15.0,10.0,41.64,22.19,NO_VERIFIED_CATALYST,163.355,18586913.0,0.8856342283298899,
radar:2026-09-09:1520,2026-09-09T15:20:00-04:00,COMPLETED,16,AAPL,OK,0.0,4.02,7.79,4.4,15.0,10.0,41.21,21.61,NO_VERIFIED_CATALYST,315.81,51816363.0,1.473424755768149,
radar:2026-09-09:1520,2026-09-09T15:20:00-04:00,COMPLETED,17,UBER,OK,0.0,11.74,4.29,0.0,15.0,10.0,41.03,21.38,NO_VERIFIED_CATALYST|RELATIVE_STRENGTH_NEGATIVE,71.29,14323556.0,1.0363609907528477,
radar:2026-09-09:1520,2026-09-09T15:20:00-04:00,COMPLETED,18,ONDS,OK,0.0,13.41,2.05,0.0,15.0,10.0,40.46,20.62,NO_VERIFIED_CATALYST|RELATIVE_STRENGTH_NEGATIVE,7.401,46550954.0,0.7562174640510422,
radar:2026-09-09:1520,2026-09-09T15:20:00-04:00,COMPLETED,19,ITA,OK,0.0,6.58,8.46,0.0,15.0,10.0,40.04,20.05,NO_VERIFIED_CATALYST|RELATIVE_STRENGTH_NEGATIVE,220.38,791794.0,1.5579241961428751,
radar:2026-09-09:1520,2026-09-09T15:20:00-04:00,COMPLETED,20,SNPS,OK,0.0,5.12,0.04,8.95,15.0,10.0,39.11,18.81,NO_VERIFIED_CATALYST,394.495,813384.0,0.5050435360960692,
radar:2026-09-09:1520,2026-09-09T15:20:00-04:00,COMPLETED,21,JPM,OK,0.0,4.52,1.05,8.35,15.0,10.0,38.92,18.56,NO_VERIFIED_CATALYST,355.38,3101773.0,0.6316489978302393,
radar:2026-09-09:1520,2026-09-09T15:20:00-04:00,COMPLETED,22,MRNA,OK,0.0,13.57,0.0,0.0,15.0,10.0,38.57,18.09,NO_VERIFIED_CATALYST|RELATIVE_STRENGTH_NEGATIVE,136.25,6019770.0,0.19919449726780147,
radar:2026-09-09:1520,2026-09-09T15:20:00-04:00,COMPLETED,23,TXN,OK,0.0,3.94,0.0,9.58,15.0,10.0,38.52,18.02,NO_VERIFIED_CATALYST,260.82,2224994.0,0.4553930525853735,
radar:2026-09-09:1520,2026-09-09T15:20:00-04:00,COMPLETED,24,ABNB,OK,0.0,12.97,0.52,0.0,15.0,10.0,38.49,17.99,NO_VERIFIED_CATALYST|RELATIVE_STRENGTH_NEGATIVE,169.69,2530191.0,0.5652711683527885,
radar:2026-09-09:1520,2026-09-09T15:20:00-04:00,COMPLETED,25,DASH,OK,0.0,10.0,2.95,0.0,15.0,10.0,37.95,17.27,NO_VERIFIED_CATALYST|RELATIVE_STRENGTH_NEGATIVE,198.055,3120209.0,0.869052244084051,
radar:2026-09-09:1520,2026-09-09T15:20:00-04:00,COMPLETED,26,DELL,OK,0.0,2.15,2.58,7.94,15.0,10.0,37.67,16.89,NO_VERIFIED_CATALYST,536.34,6200614.0,0.8222724316578212,
radar:2026-09-09:1520,2026-09-09T15:20:00-04:00,COMPLETED,27,XAR,OK,0.0,9.95,2.26,0.0,15.0,10.0,37.21,16.28,NO_VERIFIED_CATALYST|RELATIVE_STRENGTH_NEGATIVE,247.87,147345.0,0.7824816948463069,
radar:2026-09-09:1520,2026-09-09T15:20:00-04:00,COMPLETED,28,AMZN,OK,0.0,9.12,2.15,0.0,15.0,10.0,36.27,15.02,NO_VERIFIED_CATALYST|RELATIVE_STRENGTH_NEGATIVE,252.37,22337639.0,0.7686950627880546,
radar:2026-09-09:1520,2026-09-09T15:20:00-04:00,COMPLETED,29,PG,OK,0.0,9.23,1.64,0.0,15.0,10.0,35.87,14.49,NO_VERIFIED_CATALYST|RELATIVE_STRENGTH_NEGATIVE,142.7,5633900.0,0.7046204272034511,
radar:2026-09-09:1520,2026-09-09T15:20:00-04:00,COMPLETED,30,EBAY,OK,0.0,1.96,5.94,2.71,15.0,10.0,35.61,14.15,NO_VERIFIED_CATALYST|RELATIVE_STRENGTH_NEGATIVE,104.16,4728566.0,1.2427556141819414,
radar:2026-09-09:1520,2026-09-09T15:20:00-04:00,COMPLETED,31,TSLA,OK,0.0,1.39,2.12,6.96,15.0,10.0,35.47,13.97,NO_VERIFIED_CATALYST,369.255,26971090.0,0.765585054955044,
radar:2026-09-09:1520,2026-09-09T15:20:00-04:00,COMPLETED,32,CDNS,OK,0.0,1.92,0.79,7.65,15.0,10.0,35.36,13.81,NO_VERIFIED_CATALYST,285.28,1275335.0,0.5984917655215349,
radar:2026-09-09:1520,2026-09-09T15:20:00-04:00,COMPLETED,33,NOW,OK,0.0,9.67,0.0,0.0,15.0,10.0,34.67,12.89,NO_VERIFIED_CATALYST|RELATIVE_STRENGTH_NEGATIVE,131.43,7508796.0,0.48072328935038433,
radar:2026-09-09:1520,2026-09-09T15:20:00-04:00,COMPLETED,34,MSTR,OK,0.0,9.42,0.2,0.0,15.0,10.0,34.61,12.82,NO_VERIFIED_CATALYST|RELATIVE_STRENGTH_NEGATIVE,133.765,13224681.0,0.5244296826898924,
radar:2026-09-09:1520,2026-09-09T15:20:00-04:00,COMPLETED,35,AVGO,OK,0.0,7.62,1.48,0.0,15.0,10.0,34.09,12.13,NO_VERIFIED_CATALYST|RELATIVE_STRENGTH_NEGATIVE,363.91,14918354.0,0.6845240971987903,
radar:2026-09-09:1520,2026-09-09T15:20:00-04:00,COMPLETED,36,HOOD,OK,0.0,5.73,2.28,0.0,15.0,10.0,33.0,10.67,NO_VERIFIED_CATALYST|RELATIVE_STRENGTH_NEGATIVE,115.9,15126164.0,0.7846885513349138,
radar:2026-09-09:1520,2026-09-09T15:20:00-04:00,COMPLETED,37,DIS,OK,0.0,3.85,0.89,3.18,15.0,10.0,32.92,10.56,NO_VERIFIED_CATALYST,104.71,4133694.0,0.611811337303874,
radar:2026-09-09:1520,2026-09-09T15:20:00-04:00,COMPLETED,38,NOC,OK,0.0,0.24,1.75,5.49,15.0,10.0,32.48,9.98,NO_VERIFIED_CATALYST,518.85,454980.0,0.7189124719982726,
radar:2026-09-09:1520,2026-09-09T15:20:00-04:00,COMPLETED,39,GS,OK,0.0,4.1,1.24,1.9,15.0,10.0,32.24,9.65,NO_VERIFIED_CATALYST|RELATIVE_STRENGTH_NEGATIVE,1030.87,1048293.0,0.6545736191222606,
radar:2026-09-09:1520,2026-09-09T15:20:00-04:00,COMPLETED,40,LHX,OK,0.0,7.12,0.0,0.0,15.0,10.0,32.12,9.49,NO_VERIFIED_CATALYST|RELATIVE_STRENGTH_NEGATIVE,251.84,688296.0,0.47847070110042905,
radar:2026-09-09:1520,2026-09-09T15:20:00-04:00,COMPLETED,41,BA,OK,0.0,6.24,0.86,0.0,15.0,10.0,32.1,9.47,NO_VERIFIED_CATALYST|RELATIVE_STRENGTH_NEGATIVE,207.91,2687928.0,0.6069831766092882,
radar:2026-09-09:1520,2026-09-09T15:20:00-04:00,COMPLETED,42,QQQ,OK,0.0,1.16,2.0,3.68,15.0,10.0,31.85,9.13,NO_VERIFIED_CATALYST,716.57,20796999.0,0.7501760110183598,
radar:2026-09-09:1520,2026-09-09T15:20:00-04:00,COMPLETED,43,IBIT,OK,0.0,0.47,0.52,5.79,15.0,10.0,31.78,9.04,NO_VERIFIED_CATALYST,44.435,30149327.0,0.5653365203246774,
radar:2026-09-09:1520,2026-09-09T15:20:00-04:00,COMPLETED,44,COIN,OK,0.0,6.5,0.0,0.0,15.0,10.0,31.5,8.67,NO_VERIFIED_CATALYST|RELATIVE_STRENGTH_NEGATIVE,176.447,4377635.0,0.4913580477497006,
radar:2026-09-09:1520,2026-09-09T15:20:00-04:00,COMPLETED,45,AMAT,OK,0.0,5.23,0.0,1.21,15.0,10.0,31.44,8.58,NO_VERIFIED_CATALYST|RELATIVE_STRENGTH_NEGATIVE,469.66,2300139.0,0.3461086272255245,
radar:2026-09-09:1520,2026-09-09T15:20:00-04:00,COMPLETED,46,WMT,OK,0.0,1.44,0.0,4.98,15.0,10.0,31.42,8.56,NO_VERIFIED_CATALYST,106.015,8742962.0,0.34666299598189226,
radar:2026-09-09:1520,2026-09-09T15:20:00-04:00,COMPLETED,47,CSCO,OK,0.0,0.51,0.0,5.84,15.0,10.0,31.35,8.47,NO_VERIFIED_CATALYST,109.29,6277349.0,0.363840203069474,
radar:2026-09-09:1520,2026-09-09T15:20:00-04:00,COMPLETED,48,REMX,OK,0.0,2.19,1.62,2.36,15.0,10.0,31.17,8.23,NO_VERIFIED_CATALYST|RELATIVE_STRENGTH_NEGATIVE,76.37,351267.0,0.7025493271505167,
radar:2026-09-09:1520,2026-09-09T15:20:00-04:00,COMPLETED,49,SPY,OK,0.0,1.96,0.92,3.0,15.0,10.0,30.87,7.83,NO_VERIFIED_CATALYST,763.18,20179036.0,0.6144175084150488,
radar:2026-09-09:1520,2026-09-09T15:20:00-04:00,COMPLETED,50,V,OK,0.0,1.27,0.0,4.59,15.0,10.0,30.86,7.81,NO_VERIFIED_CATALYST,368.28,2654774.0,0.4558269028697835,
radar:2026-09-09:1520,2026-09-09T15:20:00-04:00,COMPLETED,51,PYPL,OK,0.0,5.57,0.0,0.0,15.0,10.0,30.57,7.43,NO_VERIFIED_CATALYST|RELATIVE_STRENGTH_NEGATIVE,52.545,5172000.0,0.4570005416102364,
radar:2026-09-09:1520,2026-09-09T15:20:00-04:00,COMPLETED,52,VOO,OK,0.0,1.86,0.29,3.06,15.0,10.0,30.22,6.96,NO_VERIFIED_CATALYST,701.59,3210391.0,0.5365966016514616,
radar:2026-09-09:1520,2026-09-09T15:20:00-04:00,COMPLETED,53,NFLX,OK,0.0,4.5,0.63,0.0,15.0,10.0,30.13,6.84,NO_VERIFIED_CATALYST|RELATIVE_STRENGTH_NEGATIVE,76.03,14746714.0,0.5788427616675235,
radar:2026-09-09:1520,2026-09-09T15:20:00-04:00,COMPLETED,54,PLTR,OK,0.0,0.86,0.13,4.07,15.0,10.0,30.06,6.75,NO_VERIFIED_CATALYST,169.985,14594418.0,0.5160673053147241,
radar:2026-09-09:1520,2026-09-09T15:20:00-04:00,COMPLETED,55,IBKR,OK,0.0,1.18,0.0,3.66,15.0,10.0,29.84,6.45,NO_VERIFIED_CATALYST,90.74,1228479.0,0.36990969610473345,
radar:2026-09-09:1520,2026-09-09T15:20:00-04:00,COMPLETED,56,MS,OK,0.0,1.39,0.0,3.43,15.0,10.0,29.82,6.43,NO_VERIFIED_CATALYST,215.61,1505346.0,0.44505442606018375,
radar:2026-09-09:1520,2026-09-09T15:20:00-04:00,COMPLETED,57,ADBE,OK,0.0,3.45,0.59,0.75,15.0,10.0,29.78,6.37,NO_VERIFIED_CATALYST|RELATIVE_STRENGTH_NEGATIVE,255.36,2258283.0,0.573133050276316,
radar:2026-09-09:1520,2026-09-09T15:20:00-04:00,COMPLETED,58,MSFT,OK,0.0,2.31,0.0,2.21,15.0,10.0,29.52,6.03,NO_VERIFIED_CATALYST|RELATIVE_STRENGTH_NEGATIVE,491.51,7462371.0,0.371535611875387,
radar:2026-09-09:1520,2026-09-09T15:20:00-04:00,COMPLETED,59,WDAY,OK,0.0,4.38,0.0,0.0,15.0,10.0,29.38,5.84,NO_VERIFIED_CATALYST|RELATIVE_STRENGTH_NEGATIVE,184.531,1406231.0,0.3189653367518494,
radar:2026-09-09:1520,2026-09-09T15:20:00-04:00,COMPLETED,60,NVDA,OK,0.0,3.11,0.0,1.18,15.0,10.0,29.29,5.72,NO_VERIFIED_CATALYST|RELATIVE_STRENGTH_NEGATIVE,224.225,57277703.0,0.49377404638227806,
radar:2026-09-09:1530,2026-09-09T15:30:00-04:00,COMPLETED,1,META,OK,0.0,19.87,11.24,15.0,15.0,10.0,71.11,61.48,NO_VERIFIED_CATALYST,655.7,28483158.0,1.904641363014219,9edb4c5f-ac21-4a77-9f68-58e5840284fd
radar:2026-09-09:1530,2026-09-09T15:30:00-04:00,COMPLETED,2,AMD,OK,0.0,12.24,5.08,15.0,15.0,10.0,57.32,43.09,NO_VERIFIED_CATALYST|SCORE_BELOW_PLAN_THRESHOLD,519.0,18793762.0,1.1355825008254798,
radar:2026-09-09:1530,2026-09-09T15:30:00-04:00,COMPLETED,3,MRVL,OK,0.0,14.0,1.91,15.0,15.0,10.0,55.91,41.21,NO_VERIFIED_CATALYST|SCORE_BELOW_PLAN_THRESHOLD,234.83,16669145.0,0.7385970754660875,
radar:2026-09-09:1530,2026-09-09T15:30:00-04:00,COMPLETED,4,ALAB,OK,0.0,14.0,1.83,15.0,15.0,10.0,55.83,41.11,NO_VERIFIED_CATALYST|ADV_TOO_LOW,300.178,2360353.0,0.7290106415762697,
radar:2026-09-09:1530,2026-09-09T15:30:00-04:00,COMPLETED,5,MU,OK,0.0,12.65,2.15,15.0,15.0,10.0,54.8,39.73,NO_VERIFIED_CATALYST|SCORE_BELOW_PLAN_THRESHOLD,1025.57,19621726.0,0.7690668694280328,
radar:2026-09-09:1530,2026-09-09T15:30:00-04:00,COMPLETED,6,CVX,OK,0.0,10.06,2.75,15.0,15.0,10.0,52.81,37.08,NO_VERIFIED_CATALYST,213.89,5837100.0,0.8437191478410432,
radar:2026-09-09:1530,2026-09-09T15:30:00-04:00,COMPLETED,7,GLTR,OK,0.0,6.69,3.79,13.8,15.0,10.0,49.27,32.36,NO_VERIFIED_CATALYST,201.48,52928.0,0.9735728555829295,
radar:2026-09-09:1530,2026-09-09T15:30:00-04:00,COMPLETED,8,INTC,OK,0.0,8.29,3.18,12.5,15.0,10.0,48.97,31.96,NO_VERIFIED_CATALYST,105.74,82707323.0,0.8976779111480637,
radar:2026-09-09:1530,2026-09-09T15:30:00-04:00,COMPLETED,9,QCOM,OK,0.0,5.08,3.63,11.73,15.0,10.0,45.44,27.25,NO_VERIFIED_CATALYST,175.984,8754140.0,0.9543526630344028,
radar:2026-09-09:1530,2026-09-09T15:30:00-04:00,COMPLETED,10,XLE,OK,0.0,5.59,2.9,11.64,15.0,10.0,45.13,26.85,NO_VERIFIED_CATALYST,65.465,20241235.0,0.8629256988144862,
radar:2026-09-09:1530,2026-09-09T15:30:00-04:00,COMPLETED,11,GE,OK,0.0,14.23,4.22,0.0,15.0,10.0,43.44,24.59,NO_VERIFIED_CATALYST|RELATIVE_STRENGTH_NEGATIVE,326.23,3319302.0,1.027037462870254,
radar:2026-09-09:1530,2026-09-09T15:30:00-04:00,COMPLETED,12,GOOGL,OK,0.0,12.47,4.73,0.0,15.0,10.0,42.2,22.93,NO_VERIFIED_CATALYST|RELATIVE_STRENGTH_NEGATIVE,331.19,22600073.0,1.0910375042409308,
radar:2026-09-09:1530,2026-09-09T15:30:00-04:00,COMPLETED,13,BAC,OK,0.0,5.86,2.15,9.14,15.0,10.0,42.15,22.86,NO_VERIFIED_CATALYST,62.8,20719535.0,0.7685778010574572,
radar:2026-09-09:1530,2026-09-09T15:30:00-04:00,COMPLETED,14,ONDS,OK,0.0,14.0,2.05,0.0,15.0,10.0,41.05,21.4,NO_VERIFIED_CATALYST|RELATIVE_STRENGTH_NEGATIVE,7.38,47895611.0,0.7564482438224449,
radar:2026-09-09:1530,2026-09-09T15:30:00-04:00,COMPLETED,15,UBER,OK,0.0,11.61,4.24,0.0,15.0,10.0,40.85,21.14,NO_VERIFIED_CATALYST|RELATIVE_STRENGTH_NEGATIVE,71.31,14643556.0,1.0300828191887252,
radar:2026-09-09:1530,2026-09-09T15:30:00-04:00,COMPLETED,16,AAPL,OK,0.0,3.86,7.67,3.97,15.0,10.0,40.5,20.67,NO_VERIFIED_CATALYST,315.57,52776090.0,1.459028017290687,
radar:2026-09-09:1530,2026-09-09T15:30:00-04:00,COMPLETED,17,ITA,OK,0.0,6.92,8.47,0.0,15.0,10.0,40.39,20.52,NO_VERIFIED_CATALYST|RELATIVE_STRENGTH_NEGATIVE,220.215,814686.0,1.5584388037206256,
radar:2026-09-09:1530,2026-09-09T15:30:00-04:00,COMPLETED,18,SNDK,OK,0.0,3.76,1.51,10.03,15.0,10.0,40.3,20.4,NO_VERIFIED_CATALYST,1751.99,8451286.0,0.68831334772655,
radar:2026-09-09:1530,2026-09-09T15:30:00-04:00,COMPLETED,19,JPM,OK,0.0,4.39,1.04,8.33,15.0,10.0,38.77,18.36,NO_VERIFIED_CATALYST,355.355,3184074.0,0.6303972888210102,
radar:2026-09-09:1530,2026-09-09T15:30:00-04:00,COMPLETED,20,ABNB,OK,0.0,13.21,0.53,0.0,15.0,10.0,38.74,18.31,NO_VERIFIED_CATALYST|RELATIVE_STRENGTH_NEGATIVE,169.6,2605286.0,0.5658799650162306,
radar:2026-09-09:1530,2026-09-09T15:30:00-04:00,COMPLETED,21,MRNA,OK,0.0,13.5,0.0,0.0,15.0,10.0,38.5,18.0,NO_VERIFIED_CATALYST|RELATIVE_STRENGTH_NEGATIVE,136.27,6246588.0,0.20095817832321416,
radar:2026-09-09:1530,2026-09-09T15:30:00-04:00,COMPLETED,22,ORCL,OK,0.0,2.93,3.04,6.97,15.0,10.0,37.94,17.26,NO_VERIFIED_CATALYST,163.0,18987642.0,0.8795966074793835,
radar:2026-09-09:1530,2026-09-09T15:30:00-04:00,COMPLETED,23,DASH,OK,0.0,9.81,2.92,0.0,15.0,10.0,37.72,16.96,NO_VERIFIED_CATALYST|RELATIVE_STRENGTH_NEGATIVE,197.92,3192295.0,0.8644315350906906,
radar:2026-09-09:1530,2026-09-09T15:30:00-04:00,COMPLETED,24,SNPS,OK,0.0,4.19,0.0,8.47,15.0,10.0,37.66,16.88,NO_VERIFIED_CATALYST,394.165,826118.0,0.49870148437501016,
radar:2026-09-09:1530,2026-09-09T15:30:00-04:00,COMPLETED,25,XAR,OK,0.0,10.23,2.21,0.0,15.0,10.0,37.44,16.58,NO_VERIFIED_CATALYST|RELATIVE_STRENGTH_NEGATIVE,247.72,150402.0,0.776529177982139,
radar:2026-09-09:1530,2026-09-09T15:30:00-04:00,COMPLETED,26,EBAY,OK,0.0,1.92,6.99,3.48,15.0,10.0,37.39,16.52,NO_VERIFIED_CATALYST,104.29,5377586.0,1.374070535713309,
radar:2026-09-09:1530,2026-09-09T15:30:00-04:00,COMPLETED,27,TXN,OK,0.0,2.78,0.0,8.78,15.0,10.0,36.57,15.42,NO_VERIFIED_CATALYST,260.465,2284253.0,0.4545348056708764,
radar:2026-09-09:1530,2026-09-09T15:30:00-04:00,COMPLETED,28,PG,OK,0.0,9.55,1.6,0.0,15.0,10.0,36.14,14.86,NO_VERIFIED_CATALYST|RELATIVE_STRENGTH_NEGATIVE,142.602,5753127.0,0.6995446515113385,
radar:2026-09-09:1530,2026-09-09T15:30:00-04:00,COMPLETED,29,AMZN,OK,0.0,9.01,2.1,0.0,15.0,10.0,36.11,14.82,NO_VERIFIED_CATALYST|RELATIVE_STRENGTH_NEGATIVE,252.21,22803294.0,0.7629213951747309,
radar:2026-09-09:1530,2026-09-09T15:30:00-04:00,COMPLETED,30,TSLA,OK,0.0,0.96,2.04,6.44,15.0,10.0,34.44,12.59,NO_VERIFIED_CATALYST,368.92,27355809.0,0.7549355825803918,
radar:2026-09-09:1530,2026-09-09T15:30:00-04:00,COMPLETED,31,CDNS,OK,0.0,1.36,0.8,6.95,15.0,10.0,34.11,12.15,NO_VERIFIED_CATALYST,284.94,1314147.0,0.5995746090294667,
radar:2026-09-09:1530,2026-09-09T15:30:00-04:00,COMPLETED,32,AVGO,OK,0.0,7.55,1.44,0.0,15.0,10.0,34.0,12.0,NO_VERIFIED_CATALYST|RELATIVE_STRENGTH_NEGATIVE,363.82,15255423.0,0.6805459769605704,
radar:2026-09-09:1530,2026-09-09T15:30:00-04:00,COMPLETED,33,NOW,OK,0.0,8.55,0.0,0.0,15.0,10.0,33.55,11.41,NO_VERIFIED_CATALYST|RELATIVE_STRENGTH_NEGATIVE,131.75,7702410.0,0.4794208015167188,
radar:2026-09-09:1530,2026-09-09T15:30:00-04:00,COMPLETED,34,LHX,OK,0.0,8.14,0.0,0.0,15.0,10.0,33.14,10.85,NO_VERIFIED_CATALYST|RELATIVE_STRENGTH_NEGATIVE,251.28,718585.0,0.4856502703652594,
radar:2026-09-09:1530,2026-09-09T15:30:00-04:00,COMPLETED,35,DELL,OK,0.0,0.18,2.52,4.97,15.0,10.0,32.67,10.22,NO_VERIFIED_CATALYST,533.67,6321368.0,0.8149997791289687,
radar:2026-09-09:1530,2026-09-09T15:30:00-04:00,COMPLETED,36,IBIT,OK,0.0,0.68,0.48,6.08,15.0,10.0,32.24,9.66,NO_VERIFIED_CATALYST,44.455,30710009.0,0.5598539505013203,
radar:2026-09-09:1530,2026-09-09T15:30:00-04:00,COMPLETED,37,V,OK,0.0,1.71,0.0,5.4,15.0,10.0,32.11,9.48,NO_VERIFIED_CATALYST,368.76,2712864.0,0.4528619210234418,
radar:2026-09-09:1530,2026-09-09T15:30:00-04:00,COMPLETED,38,GS,OK,0.0,4.03,1.19,1.72,15.0,10.0,31.94,9.25,NO_VERIFIED_CATALYST|RELATIVE_STRENGTH_NEGATIVE,1030.515,1067952.0,0.6483252405809191,
radar:2026-09-09:1530,2026-09-09T15:30:00-04:00,COMPLETED,39,BA,OK,0.0,5.96,0.88,0.0,15.0,10.0,31.84,9.12,NO_VERIFIED_CATALYST|RELATIVE_STRENGTH_NEGATIVE,208.04,2779170.0,0.610154080412157,
radar:2026-09-09:1530,2026-09-09T15:30:00-04:00,COMPLETED,40,NOC,OK,0.0,0.28,1.71,4.84,15.0,10.0,31.83,9.11,NO_VERIFIED_CATALYST,518.265,464764.0,0.713972651353475,
radar:2026-09-09:1530,2026-09-09T15:30:00-04:00,COMPLETED,41,WMT,OK,0.0,1.55,0.0,5.26,15.0,10.0,31.81,9.07,NO_VERIFIED_CATALYST,106.06,8970574.0,0.34580758298744924,
radar:2026-09-09:1530,2026-09-09T15:30:00-04:00,COMPLETED,42,QQQ,OK,0.0,1.31,1.95,3.52,15.0,10.0,31.78,9.03,NO_VERIFIED_CATALYST,716.345,21201114.0,0.7435095764575455,
radar:2026-09-09:1530,2026-09-09T15:30:00-04:00,COMPLETED,43,MSTR,OK,0.0,6.43,0.18,0.0,15.0,10.0,31.61,8.81,NO_VERIFIED_CATALYST|RELATIVE_STRENGTH_NEGATIVE,134.64,13566184.0,0.5230282502609075,
radar:2026-09-09:1530,2026-09-09T15:30:00-04:00,COMPLETED,44,CSCO,OK,0.0,0.53,0.0,5.89,15.0,10.0,31.42,8.56,NO_VERIFIED_CATALYST,109.295,6413637.0,0.36141333349924626,
radar:2026-09-09:1530,2026-09-09T15:30:00-04:00,COMPLETED,45,HOOD,OK,0.0,4.04,2.19,0.01,15.0,10.0,31.24,8.32,NO_VERIFIED_CATALYST|RELATIVE_STRENGTH_NEGATIVE,116.325,15346102.0,0.7739839876875912,
radar:2026-09-09:1530,2026-09-09T15:30:00-04:00,COMPLETED,46,PYPL,OK,0.0,6.19,0.0,0.0,15.0,10.0,31.19,8.25,NO_VERIFIED_CATALYST|RELATIVE_STRENGTH_NEGATIVE,52.475,5469694.0,0.4698796246726579,
radar:2026-09-09:1530,2026-09-09T15:30:00-04:00,COMPLETED,47,REMX,OK,0.0,1.89,1.49,2.78,15.0,10.0,31.15,8.2,NO_VERIFIED_CATALYST|RELATIVE_STRENGTH_NEGATIVE,76.42,352709.0,0.6858377661834659,
radar:2026-09-09:1530,2026-09-09T15:30:00-04:00,COMPLETED,48,DIS,OK,0.0,3.47,0.91,1.72,15.0,10.0,31.1,8.13,NO_VERIFIED_CATALYST|RELATIVE_STRENGTH_NEGATIVE,104.45,4268239.0,0.6141766621228926,
radar:2026-09-09:1530,2026-09-09T15:30:00-04:00,COMPLETED,49,SPY,OK,0.0,1.94,0.92,3.0,15.0,10.0,30.86,7.82,NO_VERIFIED_CATALYST,763.15,20779652.0,0.6151298777393461,
radar:2026-09-09:1530,2026-09-09T15:30:00-04:00,COMPLETED,50,COIN,OK,0.0,5.22,0.0,0.0,15.0,10.0,30.22,6.95,NO_VERIFIED_CATALYST|RELATIVE_STRENGTH_NEGATIVE,176.94,4457011.0,0.48637093668248377,
radar:2026-09-09:1530,2026-09-09T15:30:00-04:00,COMPLETED,51,PLTR,OK,0.0,0.19,0.07,4.95,15.0,10.0,30.21,6.95,NO_VERIFIED_CATALYST,170.23,14790225.0,0.5084634384239053,
radar:2026-09-09:1530,2026-09-09T15:30:00-04:00,COMPLETED,52,VOO,OK,0.0,1.84,0.26,3.01,15.0,10.0,30.11,6.81,NO_VERIFIED_CATALYST,701.5,3273300.0,0.5319137086041502,
radar:2026-09-09:1530,2026-09-09T15:30:00-04:00,COMPLETED,53,MS,OK,0.0,1.43,0.0,3.59,15.0,10.0,30.02,6.69,NO_VERIFIED_CATALYST,215.66,1542224.0,0.44329173374900094,
radar:2026-09-09:1530,2026-09-09T15:30:00-04:00,COMPLETED,54,IBKR,OK,0.0,0.87,0.0,4.08,15.0,10.0,29.95,6.6,NO_VERIFIED_CATALYST,90.8,1261494.0,0.36929935709523465,
radar:2026-09-09:1530,2026-09-09T15:30:00-04:00,COMPLETED,55,ADBE,OK,0.0,3.49,0.64,0.71,15.0,10.0,29.84,6.46,NO_VERIFIED_CATALYST|RELATIVE_STRENGTH_NEGATIVE,255.335,2350568.0,0.579983036636178,
radar:2026-09-09:1530,2026-09-09T15:30:00-04:00,COMPLETED,56,NFLX,OK,0.0,3.65,0.63,0.51,15.0,10.0,29.79,6.39,NO_VERIFIED_CATALYST|RELATIVE_STRENGTH_NEGATIVE,76.17,15181089.0,0.5793401930536981,
radar:2026-09-09:1530,2026-09-09T15:30:00-04:00,COMPLETED,57,AMAT,OK,0.0,4.76,0.0,0.0,15.0,10.0,29.76,6.34,NO_VERIFIED_CATALYST|RELATIVE_STRENGTH_NEGATIVE,467.97,2365553.0,0.34606398937469407,
radar:2026-09-09:1530,2026-09-09T15:30:00-04:00,COMPLETED,58,MSFT,OK,0.0,2.01,0.0,2.62,15.0,10.0,29.63,6.17,NO_VERIFIED_CATALYST|RELATIVE_STRENGTH_NEGATIVE,491.821,7647626.0,0.37018228840616446,
radar:2026-09-09:1530,2026-09-09T15:30:00-04:00,COMPLETED,59,NVDA,OK,0.0,3.29,0.0,0.97,15.0,10.0,29.26,5.68,NO_VERIFIED_CATALYST|RELATIVE_STRENGTH_NEGATIVE,224.14,58643169.0,0.4915022165710105,
radar:2026-09-09:1530,2026-09-09T15:30:00-04:00,COMPLETED,60,WDAY,OK,0.0,3.81,0.0,0.31,15.0,10.0,29.11,5.48,NO_VERIFIED_CATALYST|RELATIVE_STRENGTH_NEGATIVE,184.76,1457597.0,0.3214324150233649,
