run_id,scheduled_for,run_status,rank,symbol,data_status,catalyst_or_continuation,price_momentum,volume_liquidity,relative_strength_sector,entry_invalidation_structure,risk_reward,total,discovery_total,reasons,last,volume,relative_volume,plan_id
radar:2026-09-04:0950,2026-09-04T09:50:00-04:00,DATA_UNAVAILABLE,,NVDA,MISSING,,,,,,,,,SPREAD_TOO_WIDE,,,,
radar:2026-09-04:0950,2026-09-04T09:50:00-04:00,DATA_UNAVAILABLE,,AVGO,MISSING,,,,,,,,,SPREAD_TOO_WIDE,,,,
radar:2026-09-04:0950,2026-09-04T09:50:00-04:00,DATA_UNAVAILABLE,,DELL,MISSING,,,,,,,,,SPREAD_TOO_WIDE,,,,
radar:2026-09-04:0950,2026-09-04T09:50:00-04:00,DATA_UNAVAILABLE,,AAPL,MISSING,,,,,,,,,SPREAD_TOO_WIDE,,,,
radar:2026-09-04:0950,2026-09-04T09:50:00-04:00,DATA_UNAVAILABLE,,TXN,MISSING,,,,,,,,,SPREAD_TOO_WIDE,,,,
radar:2026-09-04:0950,2026-09-04T09:50:00-04:00,DATA_UNAVAILABLE,,CDNS,MISSING,,,,,,,,,SPREAD_TOO_WIDE,,,,
radar:2026-09-04:0950,2026-09-04T09:50:00-04:00,DATA_UNAVAILABLE,,SNPS,MISSING,,,,,,,,,SPREAD_TOO_WIDE,,,,
radar:2026-09-04:0950,2026-09-04T09:50:00-04:00,DATA_UNAVAILABLE,,ORCL,MISSING,,,,,,,,,SPREAD_TOO_WIDE,,,,
radar:2026-09-04:0950,2026-09-04T09:50:00-04:00,DATA_UNAVAILABLE,,NOW,MISSING,,,,,,,,,SPREAD_TOO_WIDE,,,,
radar:2026-09-04:0950,2026-09-04T09:50:00-04:00,DATA_UNAVAILABLE,,ADBE,MISSING,,,,,,,,,SPREAD_TOO_WIDE,,,,
radar:2026-09-04:0950,2026-09-04T09:50:00-04:00,DATA_UNAVAILABLE,,WDAY,MISSING,,,,,,,,,SPREAD_TOO_WIDE,,,,
radar:2026-09-04:0950,2026-09-04T09:50:00-04:00,DATA_UNAVAILABLE,,MSFT,MISSING,,,,,,,,,SPREAD_TOO_WIDE,,,,
radar:2026-09-04:0950,2026-09-04T09:50:00-04:00,DATA_UNAVAILABLE,,AMZN,MISSING,,,,,,,,,SPREAD_TOO_WIDE,,,,
radar:2026-09-04:0950,2026-09-04T09:50:00-04:00,DATA_UNAVAILABLE,,BA,MISSING,,,,,,,,,SPREAD_TOO_WIDE,,,,
radar:2026-09-04:0950,2026-09-04T09:50:00-04:00,DATA_UNAVAILABLE,,AMD,MISSING,,,,,,,,,SPREAD_TOO_WIDE,,,,
radar:2026-09-04:0950,2026-09-04T09:50:00-04:00,DATA_UNAVAILABLE,,INTC,MISSING,,,,,,,,,SPREAD_TOO_WIDE,,,,
radar:2026-09-04:0950,2026-09-04T09:50:00-04:00,DATA_UNAVAILABLE,,MRVL,MISSING,,,,,,,,,SPREAD_TOO_WIDE,,,,
radar:2026-09-04:0950,2026-09-04T09:50:00-04:00,DATA_UNAVAILABLE,,MRNA,MISSING,,,,,,,,,SPREAD_TOO_WIDE,,,,
radar:2026-09-04:0950,2026-09-04T09:50:00-04:00,DATA_UNAVAILABLE,,SNDK,MISSING,,,,,,,,,SPREAD_TOO_WIDE,,,,
radar:2026-09-04:0950,2026-09-04T09:50:00-04:00,DATA_UNAVAILABLE,,GOOGL,MISSING,,,,,,,,,SPREAD_TOO_WIDE,,,,
radar:2026-09-04:0950,2026-09-04T09:50:00-04:00,DATA_UNAVAILABLE,,GS,MISSING,,,,,,,,,SPREAD_TOO_WIDE,,,,
radar:2026-09-04:0950,2026-09-04T09:50:00-04:00,DATA_UNAVAILABLE,,ABNB,MISSING,,,,,,,,,SPREAD_TOO_WIDE,,,,
radar:2026-09-04:0950,2026-09-04T09:50:00-04:00,DATA_UNAVAILABLE,,DASH,MISSING,,,,,,,,,SPREAD_TOO_WIDE,,,,
radar:2026-09-04:0950,2026-09-04T09:50:00-04:00,DATA_UNAVAILABLE,,MU,MISSING,,,,,,,,,SPREAD_TOO_WIDE,,,,
radar:2026-09-04:0950,2026-09-04T09:50:00-04:00,DATA_UNAVAILABLE,,GE,MISSING,,,,,,,,,SPREAD_TOO_WIDE,,,,
radar:2026-09-04:0950,2026-09-04T09:50:00-04:00,DATA_UNAVAILABLE,,JPM,MISSING,,,,,,,,,SPREAD_TOO_WIDE,,,,
radar:2026-09-04:0950,2026-09-04T09:50:00-04:00,DATA_UNAVAILABLE,,BAC,MISSING,,,,,,,,,SPREAD_TOO_WIDE,,,,
radar:2026-09-04:0950,2026-09-04T09:50:00-04:00,DATA_UNAVAILABLE,,MS,MISSING,,,,,,,,,SPREAD_TOO_WIDE,,,,
radar:2026-09-04:0950,2026-09-04T09:50:00-04:00,DATA_UNAVAILABLE,,WMT,MISSING,,,,,,,,,SPREAD_TOO_WIDE,,,,
radar:2026-09-04:0950,2026-09-04T09:50:00-04:00,DATA_UNAVAILABLE,,COIN,MISSING,,,,,,,,,SPREAD_TOO_WIDE,,,,
radar:2026-09-04:0950,2026-09-04T09:50:00-04:00,DATA_UNAVAILABLE,,HOOD,MISSING,,,,,,,,,SPREAD_TOO_WIDE,,,,
radar:2026-09-04:0950,2026-09-04T09:50:00-04:00,DATA_UNAVAILABLE,,PLTR,MISSING,,,,,,,,,SPREAD_TOO_WIDE,,,,
radar:2026-09-04:0950,2026-09-04T09:50:00-04:00,DATA_UNAVAILABLE,,MSTR,MISSING,,,,,,,,,SPREAD_TOO_WIDE,,,,
radar:2026-09-04:0950,2026-09-04T09:50:00-04:00,DATA_UNAVAILABLE,,META,MISSING,,,,,,,,,SPREAD_TOO_WIDE,,,,
radar:2026-09-04:0950,2026-09-04T09:50:00-04:00,DATA_UNAVAILABLE,,NFLX,MISSING,,,,,,,,,SPREAD_TOO_WIDE,,,,
radar:2026-09-04:0950,2026-09-04T09:50:00-04:00,DATA_UNAVAILABLE,,UBER,MISSING,,,,,,,,,SPREAD_TOO_WIDE,,,,
radar:2026-09-04:0950,2026-09-04T09:50:00-04:00,DATA_UNAVAILABLE,,PYPL,MISSING,,,,,,,,,SPREAD_TOO_WIDE,,,,
radar:2026-09-04:0950,2026-09-04T09:50:00-04:00,DATA_UNAVAILABLE,,V,MISSING,,,,,,,,,SPREAD_TOO_WIDE,,,,
radar:2026-09-04:0950,2026-09-04T09:50:00-04:00,DATA_UNAVAILABLE,,EBAY,MISSING,,,,,,,,,SPREAD_TOO_WIDE,,,,
radar:2026-09-04:0950,2026-09-04T09:50:00-04:00,DATA_UNAVAILABLE,,DIS,MISSING,,,,,,,,,SPREAD_TOO_WIDE,,,,
radar:2026-09-04:0950,2026-09-04T09:50:00-04:00,DATA_UNAVAILABLE,,PG,MISSING,,,,,,,,,SPREAD_TOO_WIDE,,,,
radar:2026-09-04:0950,2026-09-04T09:50:00-04:00,DATA_UNAVAILABLE,,CVX,MISSING,,,,,,,,,SPREAD_TOO_WIDE,,,,
radar:2026-09-04:0950,2026-09-04T09:50:00-04:00,DATA_UNAVAILABLE,,QCOM,MISSING,,,,,,,,,SPREAD_TOO_WIDE,,,,
radar:2026-09-04:0950,2026-09-04T09:50:00-04:00,DATA_UNAVAILABLE,,AMAT,MISSING,,,,,,,,,SPREAD_TOO_WIDE,,,,
radar:2026-09-04:0950,2026-09-04T09:50:00-04:00,DATA_UNAVAILABLE,,TSLA,MISSING,,,,,,,,,SPREAD_TOO_WIDE,,,,
radar:2026-09-04:0950,2026-09-04T09:50:00-04:00,DATA_UNAVAILABLE,,CSCO,MISSING,,,,,,,,,SPREAD_TOO_WIDE,,,,
radar:2026-09-04:0950,2026-09-04T09:50:00-04:00,DATA_UNAVAILABLE,,ALAB,MISSING,,,,,,,,,SPREAD_TOO_WIDE,,,,
radar:2026-09-04:0950,2026-09-04T09:50:00-04:00,DATA_UNAVAILABLE,,IBKR,MISSING,,,,,,,,,SPREAD_TOO_WIDE,,,,
radar:2026-09-04:0950,2026-09-04T09:50:00-04:00,DATA_UNAVAILABLE,,LHX,MISSING,,,,,,,,,SPREAD_TOO_WIDE,,,,
radar:2026-09-04:0950,2026-09-04T09:50:00-04:00,DATA_UNAVAILABLE,,NOC,MISSING,,,,,,,,,SPREAD_TOO_WIDE,,,,
radar:2026-09-04:0950,2026-09-04T09:50:00-04:00,DATA_UNAVAILABLE,,ONDS,MISSING,,,,,,,,,SPREAD_TOO_WIDE,,,,
radar:2026-09-04:0950,2026-09-04T09:50:00-04:00,DATA_UNAVAILABLE,,SPY,MISSING,,,,,,,,,SPREAD_TOO_WIDE,,,,
radar:2026-09-04:0950,2026-09-04T09:50:00-04:00,DATA_UNAVAILABLE,,QQQ,MISSING,,,,,,,,,SPREAD_TOO_WIDE,,,,
radar:2026-09-04:0950,2026-09-04T09:50:00-04:00,DATA_UNAVAILABLE,,VOO,MISSING,,,,,,,,,SPREAD_TOO_WIDE,,,,
radar:2026-09-04:0950,2026-09-04T09:50:00-04:00,DATA_UNAVAILABLE,,IBIT,MISSING,,,,,,,,,SPREAD_TOO_WIDE,,,,
radar:2026-09-04:0950,2026-09-04T09:50:00-04:00,DATA_UNAVAILABLE,,XLE,MISSING,,,,,,,,,SPREAD_TOO_WIDE,,,,
radar:2026-09-04:0950,2026-09-04T09:50:00-04:00,DATA_UNAVAILABLE,,GLTR,MISSING,,,,,,,,,SPREAD_TOO_WIDE,,,,
radar:2026-09-04:0950,2026-09-04T09:50:00-04:00,DATA_UNAVAILABLE,,REMX,MISSING,,,,,,,,,SPREAD_TOO_WIDE,,,,
radar:2026-09-04:0950,2026-09-04T09:50:00-04:00,DATA_UNAVAILABLE,,ITA,MISSING,,,,,,,,,SPREAD_TOO_WIDE,,,,
radar:2026-09-04:0950,2026-09-04T09:50:00-04:00,DATA_UNAVAILABLE,,XAR,MISSING,,,,,,,,,SPREAD_TOO_WIDE,,,,
radar:2026-09-04:1020,2026-09-04T10:20:00-04:00,DATA_UNAVAILABLE,,NVDA,MISSING,,,,,,,,,ADV_TOO_LOW,,,,
radar:2026-09-04:1020,2026-09-04T10:20:00-04:00,DATA_UNAVAILABLE,,AVGO,MISSING,,,,,,,,,ADV_TOO_LOW,,,,
radar:2026-09-04:1020,2026-09-04T10:20:00-04:00,DATA_UNAVAILABLE,,DELL,MISSING,,,,,,,,,ADV_TOO_LOW,,,,
radar:2026-09-04:1020,2026-09-04T10:20:00-04:00,DATA_UNAVAILABLE,,AAPL,MISSING,,,,,,,,,ADV_TOO_LOW,,,,
radar:2026-09-04:1020,2026-09-04T10:20:00-04:00,DATA_UNAVAILABLE,,TXN,MISSING,,,,,,,,,ADV_TOO_LOW,,,,
radar:2026-09-04:1020,2026-09-04T10:20:00-04:00,DATA_UNAVAILABLE,,CDNS,MISSING,,,,,,,,,ADV_TOO_LOW,,,,
radar:2026-09-04:1020,2026-09-04T10:20:00-04:00,DATA_UNAVAILABLE,,SNPS,MISSING,,,,,,,,,ADV_TOO_LOW,,,,
radar:2026-09-04:1020,2026-09-04T10:20:00-04:00,DATA_UNAVAILABLE,,ORCL,MISSING,,,,,,,,,ADV_TOO_LOW,,,,
radar:2026-09-04:1020,2026-09-04T10:20:00-04:00,DATA_UNAVAILABLE,,NOW,MISSING,,,,,,,,,ADV_TOO_LOW,,,,
radar:2026-09-04:1020,2026-09-04T10:20:00-04:00,DATA_UNAVAILABLE,,ADBE,MISSING,,,,,,,,,ADV_TOO_LOW,,,,
radar:2026-09-04:1020,2026-09-04T10:20:00-04:00,DATA_UNAVAILABLE,,WDAY,MISSING,,,,,,,,,ADV_TOO_LOW,,,,
radar:2026-09-04:1020,2026-09-04T10:20:00-04:00,DATA_UNAVAILABLE,,MSFT,MISSING,,,,,,,,,ADV_TOO_LOW,,,,
radar:2026-09-04:1020,2026-09-04T10:20:00-04:00,DATA_UNAVAILABLE,,AMZN,MISSING,,,,,,,,,ADV_TOO_LOW,,,,
radar:2026-09-04:1020,2026-09-04T10:20:00-04:00,DATA_UNAVAILABLE,,BA,MISSING,,,,,,,,,ADV_TOO_LOW,,,,
radar:2026-09-04:1020,2026-09-04T10:20:00-04:00,DATA_UNAVAILABLE,,AMD,MISSING,,,,,,,,,ADV_TOO_LOW,,,,
radar:2026-09-04:1020,2026-09-04T10:20:00-04:00,DATA_UNAVAILABLE,,INTC,MISSING,,,,,,,,,ADV_TOO_LOW,,,,
radar:2026-09-04:1020,2026-09-04T10:20:00-04:00,DATA_UNAVAILABLE,,MRVL,MISSING,,,,,,,,,ADV_TOO_LOW,,,,
radar:2026-09-04:1020,2026-09-04T10:20:00-04:00,DATA_UNAVAILABLE,,MRNA,MISSING,,,,,,,,,ADV_TOO_LOW,,,,
radar:2026-09-04:1020,2026-09-04T10:20:00-04:00,DATA_UNAVAILABLE,,SNDK,MISSING,,,,,,,,,ADV_TOO_LOW,,,,
radar:2026-09-04:1020,2026-09-04T10:20:00-04:00,DATA_UNAVAILABLE,,GOOGL,MISSING,,,,,,,,,ADV_TOO_LOW,,,,
radar:2026-09-04:1020,2026-09-04T10:20:00-04:00,DATA_UNAVAILABLE,,GS,MISSING,,,,,,,,,ADV_TOO_LOW,,,,
radar:2026-09-04:1020,2026-09-04T10:20:00-04:00,DATA_UNAVAILABLE,,ABNB,MISSING,,,,,,,,,ADV_TOO_LOW,,,,
radar:2026-09-04:1020,2026-09-04T10:20:00-04:00,DATA_UNAVAILABLE,,DASH,MISSING,,,,,,,,,ADV_TOO_LOW,,,,
radar:2026-09-04:1020,2026-09-04T10:20:00-04:00,DATA_UNAVAILABLE,,MU,MISSING,,,,,,,,,ADV_TOO_LOW,,,,
radar:2026-09-04:1020,2026-09-04T10:20:00-04:00,DATA_UNAVAILABLE,,GE,MISSING,,,,,,,,,ADV_TOO_LOW,,,,
radar:2026-09-04:1020,2026-09-04T10:20:00-04:00,DATA_UNAVAILABLE,,JPM,MISSING,,,,,,,,,ADV_TOO_LOW,,,,
radar:2026-09-04:1020,2026-09-04T10:20:00-04:00,DATA_UNAVAILABLE,,BAC,MISSING,,,,,,,,,ADV_TOO_LOW,,,,
radar:2026-09-04:1020,2026-09-04T10:20:00-04:00,DATA_UNAVAILABLE,,MS,MISSING,,,,,,,,,ADV_TOO_LOW,,,,
radar:2026-09-04:1020,2026-09-04T10:20:00-04:00,DATA_UNAVAILABLE,,WMT,MISSING,,,,,,,,,ADV_TOO_LOW,,,,
radar:2026-09-04:1020,2026-09-04T10:20:00-04:00,DATA_UNAVAILABLE,,COIN,MISSING,,,,,,,,,ADV_TOO_LOW,,,,
radar:2026-09-04:1020,2026-09-04T10:20:00-04:00,DATA_UNAVAILABLE,,HOOD,MISSING,,,,,,,,,ADV_TOO_LOW,,,,
radar:2026-09-04:1020,2026-09-04T10:20:00-04:00,DATA_UNAVAILABLE,,PLTR,MISSING,,,,,,,,,ADV_TOO_LOW,,,,
radar:2026-09-04:1020,2026-09-04T10:20:00-04:00,DATA_UNAVAILABLE,,MSTR,MISSING,,,,,,,,,ADV_TOO_LOW,,,,
radar:2026-09-04:1020,2026-09-04T10:20:00-04:00,DATA_UNAVAILABLE,,META,MISSING,,,,,,,,,ADV_TOO_LOW,,,,
radar:2026-09-04:1020,2026-09-04T10:20:00-04:00,DATA_UNAVAILABLE,,NFLX,MISSING,,,,,,,,,ADV_TOO_LOW,,,,
radar:2026-09-04:1020,2026-09-04T10:20:00-04:00,DATA_UNAVAILABLE,,UBER,MISSING,,,,,,,,,ADV_TOO_LOW,,,,
radar:2026-09-04:1020,2026-09-04T10:20:00-04:00,DATA_UNAVAILABLE,,PYPL,MISSING,,,,,,,,,ADV_TOO_LOW,,,,
radar:2026-09-04:1020,2026-09-04T10:20:00-04:00,DATA_UNAVAILABLE,,V,MISSING,,,,,,,,,ADV_TOO_LOW,,,,
radar:2026-09-04:1020,2026-09-04T10:20:00-04:00,DATA_UNAVAILABLE,,EBAY,MISSING,,,,,,,,,ADV_TOO_LOW,,,,
radar:2026-09-04:1020,2026-09-04T10:20:00-04:00,DATA_UNAVAILABLE,,DIS,MISSING,,,,,,,,,ADV_TOO_LOW,,,,
radar:2026-09-04:1020,2026-09-04T10:20:00-04:00,DATA_UNAVAILABLE,,PG,MISSING,,,,,,,,,ADV_TOO_LOW,,,,
radar:2026-09-04:1020,2026-09-04T10:20:00-04:00,DATA_UNAVAILABLE,,CVX,MISSING,,,,,,,,,ADV_TOO_LOW,,,,
radar:2026-09-04:1020,2026-09-04T10:20:00-04:00,DATA_UNAVAILABLE,,QCOM,MISSING,,,,,,,,,ADV_TOO_LOW,,,,
radar:2026-09-04:1020,2026-09-04T10:20:00-04:00,DATA_UNAVAILABLE,,AMAT,MISSING,,,,,,,,,ADV_TOO_LOW,,,,
radar:2026-09-04:1020,2026-09-04T10:20:00-04:00,DATA_UNAVAILABLE,,TSLA,MISSING,,,,,,,,,ADV_TOO_LOW,,,,
radar:2026-09-04:1020,2026-09-04T10:20:00-04:00,DATA_UNAVAILABLE,,CSCO,MISSING,,,,,,,,,ADV_TOO_LOW,,,,
radar:2026-09-04:1020,2026-09-04T10:20:00-04:00,DATA_UNAVAILABLE,,ALAB,MISSING,,,,,,,,,ADV_TOO_LOW,,,,
radar:2026-09-04:1020,2026-09-04T10:20:00-04:00,DATA_UNAVAILABLE,,IBKR,MISSING,,,,,,,,,ADV_TOO_LOW,,,,
radar:2026-09-04:1020,2026-09-04T10:20:00-04:00,DATA_UNAVAILABLE,,LHX,MISSING,,,,,,,,,ADV_TOO_LOW,,,,
radar:2026-09-04:1020,2026-09-04T10:20:00-04:00,DATA_UNAVAILABLE,,NOC,MISSING,,,,,,,,,ADV_TOO_LOW,,,,
radar:2026-09-04:1020,2026-09-04T10:20:00-04:00,DATA_UNAVAILABLE,,ONDS,MISSING,,,,,,,,,ADV_TOO_LOW,,,,
radar:2026-09-04:1020,2026-09-04T10:20:00-04:00,DATA_UNAVAILABLE,,SPY,MISSING,,,,,,,,,ADV_TOO_LOW,,,,
radar:2026-09-04:1020,2026-09-04T10:20:00-04:00,DATA_UNAVAILABLE,,QQQ,MISSING,,,,,,,,,ADV_TOO_LOW,,,,
radar:2026-09-04:1020,2026-09-04T10:20:00-04:00,DATA_UNAVAILABLE,,VOO,MISSING,,,,,,,,,ADV_TOO_LOW,,,,
radar:2026-09-04:1020,2026-09-04T10:20:00-04:00,DATA_UNAVAILABLE,,IBIT,MISSING,,,,,,,,,ADV_TOO_LOW,,,,
radar:2026-09-04:1020,2026-09-04T10:20:00-04:00,DATA_UNAVAILABLE,,XLE,MISSING,,,,,,,,,ADV_TOO_LOW,,,,
radar:2026-09-04:1020,2026-09-04T10:20:00-04:00,DATA_UNAVAILABLE,,GLTR,MISSING,,,,,,,,,ADV_TOO_LOW,,,,
radar:2026-09-04:1020,2026-09-04T10:20:00-04:00,DATA_UNAVAILABLE,,REMX,MISSING,,,,,,,,,ADV_TOO_LOW,,,,
radar:2026-09-04:1020,2026-09-04T10:20:00-04:00,DATA_UNAVAILABLE,,ITA,MISSING,,,,,,,,,ADV_TOO_LOW,,,,
radar:2026-09-04:1020,2026-09-04T10:20:00-04:00,DATA_UNAVAILABLE,,XAR,MISSING,,,,,,,,,ADV_TOO_LOW,,,,
radar:2026-09-04:1050,2026-09-04T10:50:00-04:00,DATA_UNAVAILABLE,,NVDA,MISSING,,,,,,,,,PRICE_CROSS_CHECK_FAILED,,,,
radar:2026-09-04:1050,2026-09-04T10:50:00-04:00,DATA_UNAVAILABLE,,AVGO,MISSING,,,,,,,,,PRICE_CROSS_CHECK_FAILED,,,,
radar:2026-09-04:1050,2026-09-04T10:50:00-04:00,DATA_UNAVAILABLE,,DELL,MISSING,,,,,,,,,PRICE_CROSS_CHECK_FAILED,,,,
radar:2026-09-04:1050,2026-09-04T10:50:00-04:00,DATA_UNAVAILABLE,,AAPL,MISSING,,,,,,,,,PRICE_CROSS_CHECK_FAILED,,,,
radar:2026-09-04:1050,2026-09-04T10:50:00-04:00,DATA_UNAVAILABLE,,TXN,MISSING,,,,,,,,,PRICE_CROSS_CHECK_FAILED,,,,
radar:2026-09-04:1050,2026-09-04T10:50:00-04:00,DATA_UNAVAILABLE,,CDNS,MISSING,,,,,,,,,PRICE_CROSS_CHECK_FAILED,,,,
radar:2026-09-04:1050,2026-09-04T10:50:00-04:00,DATA_UNAVAILABLE,,SNPS,MISSING,,,,,,,,,PRICE_CROSS_CHECK_FAILED,,,,
radar:2026-09-04:1050,2026-09-04T10:50:00-04:00,DATA_UNAVAILABLE,,ORCL,MISSING,,,,,,,,,PRICE_CROSS_CHECK_FAILED,,,,
radar:2026-09-04:1050,2026-09-04T10:50:00-04:00,DATA_UNAVAILABLE,,NOW,MISSING,,,,,,,,,PRICE_CROSS_CHECK_FAILED,,,,
radar:2026-09-04:1050,2026-09-04T10:50:00-04:00,DATA_UNAVAILABLE,,ADBE,MISSING,,,,,,,,,PRICE_CROSS_CHECK_FAILED,,,,
radar:2026-09-04:1050,2026-09-04T10:50:00-04:00,DATA_UNAVAILABLE,,WDAY,MISSING,,,,,,,,,PRICE_CROSS_CHECK_FAILED,,,,
radar:2026-09-04:1050,2026-09-04T10:50:00-04:00,DATA_UNAVAILABLE,,MSFT,MISSING,,,,,,,,,PRICE_CROSS_CHECK_FAILED,,,,
radar:2026-09-04:1050,2026-09-04T10:50:00-04:00,DATA_UNAVAILABLE,,AMZN,MISSING,,,,,,,,,PRICE_CROSS_CHECK_FAILED,,,,
radar:2026-09-04:1050,2026-09-04T10:50:00-04:00,DATA_UNAVAILABLE,,BA,MISSING,,,,,,,,,PRICE_CROSS_CHECK_FAILED,,,,
radar:2026-09-04:1050,2026-09-04T10:50:00-04:00,DATA_UNAVAILABLE,,AMD,MISSING,,,,,,,,,PRICE_CROSS_CHECK_FAILED,,,,
radar:2026-09-04:1050,2026-09-04T10:50:00-04:00,DATA_UNAVAILABLE,,INTC,MISSING,,,,,,,,,PRICE_CROSS_CHECK_FAILED,,,,
radar:2026-09-04:1050,2026-09-04T10:50:00-04:00,DATA_UNAVAILABLE,,MRVL,MISSING,,,,,,,,,PRICE_CROSS_CHECK_FAILED,,,,
radar:2026-09-04:1050,2026-09-04T10:50:00-04:00,DATA_UNAVAILABLE,,MRNA,MISSING,,,,,,,,,PRICE_CROSS_CHECK_FAILED,,,,
radar:2026-09-04:1050,2026-09-04T10:50:00-04:00,DATA_UNAVAILABLE,,SNDK,MISSING,,,,,,,,,PRICE_CROSS_CHECK_FAILED,,,,
radar:2026-09-04:1050,2026-09-04T10:50:00-04:00,DATA_UNAVAILABLE,,GOOGL,MISSING,,,,,,,,,PRICE_CROSS_CHECK_FAILED,,,,
radar:2026-09-04:1050,2026-09-04T10:50:00-04:00,DATA_UNAVAILABLE,,GS,MISSING,,,,,,,,,PRICE_CROSS_CHECK_FAILED,,,,
radar:2026-09-04:1050,2026-09-04T10:50:00-04:00,DATA_UNAVAILABLE,,ABNB,MISSING,,,,,,,,,PRICE_CROSS_CHECK_FAILED,,,,
radar:2026-09-04:1050,2026-09-04T10:50:00-04:00,DATA_UNAVAILABLE,,DASH,MISSING,,,,,,,,,PRICE_CROSS_CHECK_FAILED,,,,
radar:2026-09-04:1050,2026-09-04T10:50:00-04:00,DATA_UNAVAILABLE,,MU,MISSING,,,,,,,,,PRICE_CROSS_CHECK_FAILED,,,,
radar:2026-09-04:1050,2026-09-04T10:50:00-04:00,DATA_UNAVAILABLE,,GE,MISSING,,,,,,,,,PRICE_CROSS_CHECK_FAILED,,,,
radar:2026-09-04:1050,2026-09-04T10:50:00-04:00,DATA_UNAVAILABLE,,JPM,MISSING,,,,,,,,,PRICE_CROSS_CHECK_FAILED,,,,
radar:2026-09-04:1050,2026-09-04T10:50:00-04:00,DATA_UNAVAILABLE,,BAC,MISSING,,,,,,,,,PRICE_CROSS_CHECK_FAILED,,,,
radar:2026-09-04:1050,2026-09-04T10:50:00-04:00,DATA_UNAVAILABLE,,MS,MISSING,,,,,,,,,PRICE_CROSS_CHECK_FAILED,,,,
radar:2026-09-04:1050,2026-09-04T10:50:00-04:00,DATA_UNAVAILABLE,,WMT,MISSING,,,,,,,,,PRICE_CROSS_CHECK_FAILED,,,,
radar:2026-09-04:1050,2026-09-04T10:50:00-04:00,DATA_UNAVAILABLE,,COIN,MISSING,,,,,,,,,PRICE_CROSS_CHECK_FAILED,,,,
radar:2026-09-04:1050,2026-09-04T10:50:00-04:00,DATA_UNAVAILABLE,,HOOD,MISSING,,,,,,,,,PRICE_CROSS_CHECK_FAILED,,,,
radar:2026-09-04:1050,2026-09-04T10:50:00-04:00,DATA_UNAVAILABLE,,PLTR,MISSING,,,,,,,,,PRICE_CROSS_CHECK_FAILED,,,,
radar:2026-09-04:1050,2026-09-04T10:50:00-04:00,DATA_UNAVAILABLE,,MSTR,MISSING,,,,,,,,,PRICE_CROSS_CHECK_FAILED,,,,
radar:2026-09-04:1050,2026-09-04T10:50:00-04:00,DATA_UNAVAILABLE,,META,MISSING,,,,,,,,,PRICE_CROSS_CHECK_FAILED,,,,
radar:2026-09-04:1050,2026-09-04T10:50:00-04:00,DATA_UNAVAILABLE,,NFLX,MISSING,,,,,,,,,PRICE_CROSS_CHECK_FAILED,,,,
radar:2026-09-04:1050,2026-09-04T10:50:00-04:00,DATA_UNAVAILABLE,,UBER,MISSING,,,,,,,,,PRICE_CROSS_CHECK_FAILED,,,,
radar:2026-09-04:1050,2026-09-04T10:50:00-04:00,DATA_UNAVAILABLE,,PYPL,MISSING,,,,,,,,,PRICE_CROSS_CHECK_FAILED,,,,
radar:2026-09-04:1050,2026-09-04T10:50:00-04:00,DATA_UNAVAILABLE,,V,MISSING,,,,,,,,,PRICE_CROSS_CHECK_FAILED,,,,
radar:2026-09-04:1050,2026-09-04T10:50:00-04:00,DATA_UNAVAILABLE,,EBAY,MISSING,,,,,,,,,PRICE_CROSS_CHECK_FAILED,,,,
radar:2026-09-04:1050,2026-09-04T10:50:00-04:00,DATA_UNAVAILABLE,,DIS,MISSING,,,,,,,,,PRICE_CROSS_CHECK_FAILED,,,,
radar:2026-09-04:1050,2026-09-04T10:50:00-04:00,DATA_UNAVAILABLE,,PG,MISSING,,,,,,,,,PRICE_CROSS_CHECK_FAILED,,,,
radar:2026-09-04:1050,2026-09-04T10:50:00-04:00,DATA_UNAVAILABLE,,CVX,MISSING,,,,,,,,,PRICE_CROSS_CHECK_FAILED,,,,
radar:2026-09-04:1050,2026-09-04T10:50:00-04:00,DATA_UNAVAILABLE,,QCOM,MISSING,,,,,,,,,PRICE_CROSS_CHECK_FAILED,,,,
radar:2026-09-04:1050,2026-09-04T10:50:00-04:00,DATA_UNAVAILABLE,,AMAT,MISSING,,,,,,,,,PRICE_CROSS_CHECK_FAILED,,,,
radar:2026-09-04:1050,2026-09-04T10:50:00-04:00,DATA_UNAVAILABLE,,TSLA,MISSING,,,,,,,,,PRICE_CROSS_CHECK_FAILED,,,,
radar:2026-09-04:1050,2026-09-04T10:50:00-04:00,DATA_UNAVAILABLE,,CSCO,MISSING,,,,,,,,,PRICE_CROSS_CHECK_FAILED,,,,
radar:2026-09-04:1050,2026-09-04T10:50:00-04:00,DATA_UNAVAILABLE,,ALAB,MISSING,,,,,,,,,PRICE_CROSS_CHECK_FAILED,,,,
radar:2026-09-04:1050,2026-09-04T10:50:00-04:00,DATA_UNAVAILABLE,,IBKR,MISSING,,,,,,,,,PRICE_CROSS_CHECK_FAILED,,,,
radar:2026-09-04:1050,2026-09-04T10:50:00-04:00,DATA_UNAVAILABLE,,LHX,MISSING,,,,,,,,,PRICE_CROSS_CHECK_FAILED,,,,
radar:2026-09-04:1050,2026-09-04T10:50:00-04:00,DATA_UNAVAILABLE,,NOC,MISSING,,,,,,,,,PRICE_CROSS_CHECK_FAILED,,,,
radar:2026-09-04:1050,2026-09-04T10:50:00-04:00,DATA_UNAVAILABLE,,ONDS,MISSING,,,,,,,,,PRICE_CROSS_CHECK_FAILED,,,,
radar:2026-09-04:1050,2026-09-04T10:50:00-04:00,DATA_UNAVAILABLE,,SPY,MISSING,,,,,,,,,PRICE_CROSS_CHECK_FAILED,,,,
radar:2026-09-04:1050,2026-09-04T10:50:00-04:00,DATA_UNAVAILABLE,,QQQ,MISSING,,,,,,,,,PRICE_CROSS_CHECK_FAILED,,,,
radar:2026-09-04:1050,2026-09-04T10:50:00-04:00,DATA_UNAVAILABLE,,VOO,MISSING,,,,,,,,,PRICE_CROSS_CHECK_FAILED,,,,
radar:2026-09-04:1050,2026-09-04T10:50:00-04:00,DATA_UNAVAILABLE,,IBIT,MISSING,,,,,,,,,PRICE_CROSS_CHECK_FAILED,,,,
radar:2026-09-04:1050,2026-09-04T10:50:00-04:00,DATA_UNAVAILABLE,,XLE,MISSING,,,,,,,,,PRICE_CROSS_CHECK_FAILED,,,,
radar:2026-09-04:1050,2026-09-04T10:50:00-04:00,DATA_UNAVAILABLE,,GLTR,MISSING,,,,,,,,,PRICE_CROSS_CHECK_FAILED,,,,
radar:2026-09-04:1050,2026-09-04T10:50:00-04:00,DATA_UNAVAILABLE,,REMX,MISSING,,,,,,,,,PRICE_CROSS_CHECK_FAILED,,,,
radar:2026-09-04:1050,2026-09-04T10:50:00-04:00,DATA_UNAVAILABLE,,ITA,MISSING,,,,,,,,,PRICE_CROSS_CHECK_FAILED,,,,
radar:2026-09-04:1050,2026-09-04T10:50:00-04:00,DATA_UNAVAILABLE,,XAR,MISSING,,,,,,,,,PRICE_CROSS_CHECK_FAILED,,,,
radar:2026-09-04:1120,2026-09-04T11:20:00-04:00,COMPLETED,1,ALAB,OK,0.0,20.0,20.0,15.0,15.0,10.0,80.0,73.33,NO_VERIFIED_CATALYST|ADV_TOO_LOW,317.795,3333143.0,3.6461708862587607,
radar:2026-09-04:1120,2026-09-04T11:20:00-04:00,COMPLETED,2,SNDK,OK,0.0,20.0,12.82,15.0,15.0,10.0,72.82,63.75,NO_VERIFIED_CATALYST|RISK_TOO_SMALL,1689.135,7800384.0,2.101959993562795,
radar:2026-09-04:1120,2026-09-04T11:20:00-04:00,COMPLETED,3,MU,OK,0.0,17.46,14.1,15.0,15.0,10.0,71.56,62.07,NO_VERIFIED_CATALYST,998.425,17655863.0,2.2622720394340976,6481160c-b890-4e61-bec2-f26a34817dcd
radar:2026-09-04:1120,2026-09-04T11:20:00-04:00,COMPLETED,4,INTC,OK,0.0,20.0,8.38,15.0,15.0,10.0,68.38,57.83,NO_VERIFIED_CATALYST|QUALITY_OR_LANE_BLOCKED,95.25,42246391.0,1.5469326489111423,
radar:2026-09-04:1120,2026-09-04T11:20:00-04:00,COMPLETED,5,MRVL,OK,0.0,20.0,8.14,15.0,15.0,10.0,68.14,57.52,NO_VERIFIED_CATALYST,220.74,10437954.0,1.5173741513174708,12f6809d-93a9-421e-a35a-c8dfd74c5ef3
radar:2026-09-04:1120,2026-09-04T11:20:00-04:00,COMPLETED,6,AMD,OK,0.0,17.07,9.22,15.0,15.0,10.0,66.29,55.06,NO_VERIFIED_CATALYST,470.565,8319905.0,1.6524252522597929,
radar:2026-09-04:1120,2026-09-04T11:20:00-04:00,COMPLETED,7,ORCL,OK,0.0,9.66,10.76,15.0,15.0,10.0,60.43,47.24,NO_VERIFIED_CATALYST,157.23,11731108.0,1.8453812484159755,
radar:2026-09-04:1120,2026-09-04T11:20:00-04:00,COMPLETED,8,SNPS,OK,0.0,14.0,20.0,0.0,15.0,10.0,59.0,45.33,NO_VERIFIED_CATALYST|RELATIVE_STRENGTH_NEGATIVE,385.595,1530897.0,3.2621152423028543,
radar:2026-09-04:1120,2026-09-04T11:20:00-04:00,COMPLETED,9,TSLA,OK,0.0,14.0,20.0,0.0,15.0,10.0,59.0,45.33,LIQUIDITY_WEAK|NO_VERIFIED_CATALYST|RELATIVE_STRENGTH_NEGATIVE,352.63,34019363.0,3.2900739511281483,
radar:2026-09-04:1120,2026-09-04T11:20:00-04:00,COMPLETED,10,AMAT,OK,0.0,14.12,4.86,15.0,15.0,10.0,58.98,45.31,NO_VERIFIED_CATALYST,454.515,2301515.0,1.1074372940602089,
radar:2026-09-04:1120,2026-09-04T11:20:00-04:00,COMPLETED,11,NVDA,OK,0.0,8.19,10.2,15.0,15.0,10.0,58.39,44.52,NO_VERIFIED_CATALYST,232.46,63791180.0,1.7752300567013688,
radar:2026-09-04:1120,2026-09-04T11:20:00-04:00,COMPLETED,12,CDNS,OK,0.0,14.0,18.78,0.0,15.0,10.0,57.78,43.7,NO_VERIFIED_CATALYST|RELATIVE_STRENGTH_NEGATIVE,290.1,1717070.0,2.847230957106989,
radar:2026-09-04:1120,2026-09-04T11:20:00-04:00,COMPLETED,13,ADBE,OK,0.0,14.24,16.24,0.0,15.0,10.0,55.49,40.65,NO_VERIFIED_CATALYST|RELATIVE_STRENGTH_NEGATIVE,267.3,3015096.0,2.53030600096876,
radar:2026-09-04:1120,2026-09-04T11:20:00-04:00,COMPLETED,14,MSTR,OK,0.0,17.35,9.8,0.0,15.0,10.0,52.15,36.2,LIQUIDITY_WEAK|NO_VERIFIED_CATALYST|RELATIVE_STRENGTH_NEGATIVE,140.42,13555962.0,1.7251647798110703,
radar:2026-09-04:1120,2026-09-04T11:20:00-04:00,COMPLETED,15,TXN,OK,0.0,10.62,1.29,15.0,15.0,10.0,51.92,35.89,NO_VERIFIED_CATALYST,259.19,1037172.0,0.6617870564888267,
radar:2026-09-04:1120,2026-09-04T11:20:00-04:00,COMPLETED,16,IBIT,OK,0.0,14.0,11.59,0.0,15.0,10.0,50.59,34.12,NO_VERIFIED_CATALYST|RELATIVE_STRENGTH_NEGATIVE,44.865,32112418.0,1.9488624531311625,
radar:2026-09-04:1120,2026-09-04T11:20:00-04:00,COMPLETED,17,HOOD,OK,0.0,11.75,11.84,0.0,15.0,10.0,48.59,31.45,NO_VERIFIED_CATALYST|RELATIVE_STRENGTH_NEGATIVE,122.56,11349931.0,1.9797985450116655,
radar:2026-09-04:1120,2026-09-04T11:20:00-04:00,COMPLETED,18,NFLX,OK,0.0,14.0,9.05,0.0,15.0,10.0,48.05,30.73,NO_VERIFIED_CATALYST|RELATIVE_STRENGTH_NEGATIVE,79.74,12546075.0,1.6308256932774956,
radar:2026-09-04:1120,2026-09-04T11:20:00-04:00,COMPLETED,19,DELL,OK,0.0,1.27,11.33,7.66,15.0,10.0,45.26,27.01,LIQUIDITY_WEAK|NO_VERIFIED_CATALYST,517.8,4334605.0,1.9156847151953866,
radar:2026-09-04:1120,2026-09-04T11:20:00-04:00,COMPLETED,20,AAPL,OK,0.0,13.39,6.64,0.0,15.0,10.0,45.03,26.71,NO_VERIFIED_CATALYST|RELATIVE_STRENGTH_NEGATIVE,318.79,14772462.0,1.3294343951349195,
radar:2026-09-04:1120,2026-09-04T11:20:00-04:00,COMPLETED,21,PYPL,OK,0.0,14.0,5.67,0.0,15.0,10.0,44.67,26.23,NO_VERIFIED_CATALYST|RELATIVE_STRENGTH_NEGATIVE,54.828,4169599.0,1.208947129189988,
radar:2026-09-04:1120,2026-09-04T11:20:00-04:00,COMPLETED,22,COIN,OK,0.0,14.0,5.3,0.0,15.0,10.0,44.3,25.73,NO_VERIFIED_CATALYST|RELATIVE_STRENGTH_NEGATIVE,184.51,3263970.0,1.1621828446554534,
radar:2026-09-04:1120,2026-09-04T11:20:00-04:00,COMPLETED,23,PLTR,OK,0.0,14.0,4.76,0.0,15.0,10.0,43.76,25.02,NO_VERIFIED_CATALYST|RELATIVE_STRENGTH_NEGATIVE,176.195,11009295.0,1.0954404747031163,
radar:2026-09-04:1120,2026-09-04T11:20:00-04:00,COMPLETED,24,NOW,OK,0.0,14.0,4.46,0.0,15.0,10.0,43.46,24.62,NO_VERIFIED_CATALYST|RELATIVE_STRENGTH_NEGATIVE,140.59,5444549.0,1.0579701095896976,
radar:2026-09-04:1120,2026-09-04T11:20:00-04:00,COMPLETED,25,XLE,OK,0.0,6.22,10.44,1.35,15.0,10.0,43.01,24.02,NO_VERIFIED_CATALYST|RELATIVE_STRENGTH_NEGATIVE,64.117,12951169.0,1.8054908651010573,
radar:2026-09-04:1120,2026-09-04T11:20:00-04:00,COMPLETED,26,XAR,OK,0.0,3.11,11.5,2.62,15.0,10.0,42.23,22.97,NO_VERIFIED_CATALYST|RELATIVE_STRENGTH_NEGATIVE,252.49,113680.0,1.937806523720527,
radar:2026-09-04:1120,2026-09-04T11:20:00-04:00,COMPLETED,27,MRNA,OK,0.0,14.0,2.72,0.0,15.0,10.0,41.72,22.3,NO_VERIFIED_CATALYST|RELATIVE_STRENGTH_NEGATIVE,142.975,7836560.0,0.840319910615753,
radar:2026-09-04:1120,2026-09-04T11:20:00-04:00,COMPLETED,28,AVGO,OK,0.0,1.29,11.03,4.36,15.0,10.0,41.68,22.24,NO_VERIFIED_CATALYST,356.175,11942858.0,1.8782550831485771,
radar:2026-09-04:1120,2026-09-04T11:20:00-04:00,COMPLETED,29,DASH,OK,0.0,12.38,3.29,0.0,15.0,10.0,40.67,20.9,NO_VERIFIED_CATALYST|RELATIVE_STRENGTH_NEGATIVE,216.11,1084828.0,0.9115986945407599,
radar:2026-09-04:1120,2026-09-04T11:20:00-04:00,COMPLETED,30,WDAY,OK,0.0,14.0,0.12,0.0,15.0,10.0,39.12,18.83,NO_VERIFIED_CATALYST|RELATIVE_STRENGTH_NEGATIVE,198.74,728237.0,0.515349767802404,
radar:2026-09-04:1120,2026-09-04T11:20:00-04:00,COMPLETED,31,QQQ,OK,0.0,0.34,7.93,5.58,15.0,10.0,38.85,18.47,NO_VERIFIED_CATALYST,717.15,12911217.0,1.4911176012541427,
radar:2026-09-04:1120,2026-09-04T11:20:00-04:00,COMPLETED,32,QCOM,OK,0.0,1.88,2.72,8.44,15.0,10.0,38.04,17.38,NO_VERIFIED_CATALYST,169.25,2167846.0,0.839463166671738,
radar:2026-09-04:1120,2026-09-04T11:20:00-04:00,COMPLETED,33,CSCO,OK,0.0,2.75,0.0,9.55,15.0,10.0,37.3,16.41,NO_VERIFIED_CATALYST,109.25,2663505.0,0.47870430121704977,
radar:2026-09-04:1120,2026-09-04T11:20:00-04:00,COMPLETED,34,GOOGL,OK,0.0,6.89,4.92,0.0,15.0,10.0,36.8,15.74,NO_VERIFIED_CATALYST|RELATIVE_STRENGTH_NEGATIVE,337.21,6942703.0,1.114869387633086,
radar:2026-09-04:1120,2026-09-04T11:20:00-04:00,COMPLETED,35,JPM,OK,0.0,8.25,3.24,0.0,15.0,10.0,36.49,15.31,NO_VERIFIED_CATALYST|RELATIVE_STRENGTH_NEGATIVE,355.66,1388152.0,0.9044986953586762,
radar:2026-09-04:1120,2026-09-04T11:20:00-04:00,COMPLETED,36,META,OK,0.0,0.34,5.41,5.63,15.0,10.0,36.37,15.16,NO_VERIFIED_CATALYST,610.28,5230286.0,1.1760234378624195,
radar:2026-09-04:1120,2026-09-04T11:20:00-04:00,COMPLETED,37,MSFT,OK,0.0,8.85,2.14,0.0,15.0,10.0,35.99,14.65,NO_VERIFIED_CATALYST|RELATIVE_STRENGTH_NEGATIVE,500.45,5093709.0,0.7673657068841413,
radar:2026-09-04:1120,2026-09-04T11:20:00-04:00,COMPLETED,38,AMZN,OK,0.0,6.24,4.56,0.0,15.0,10.0,35.8,14.4,NO_VERIFIED_CATALYST|RELATIVE_STRENGTH_NEGATIVE,255.44,9917973.0,1.070344949179034,
radar:2026-09-04:1120,2026-09-04T11:20:00-04:00,COMPLETED,39,BAC,OK,0.0,5.1,5.42,0.0,15.0,10.0,35.52,14.02,NO_VERIFIED_CATALYST|RELATIVE_STRENGTH_NEGATIVE,62.035,9586434.0,1.177704910265454,
radar:2026-09-04:1120,2026-09-04T11:20:00-04:00,COMPLETED,40,REMX,OK,0.0,3.52,3.99,2.9,15.0,10.0,35.41,13.89,NO_VERIFIED_CATALYST|RELATIVE_STRENGTH_NEGATIVE,75.635,167408.0,0.9993150705073391,
radar:2026-09-04:1120,2026-09-04T11:20:00-04:00,COMPLETED,41,ITA,OK,0.0,2.46,4.67,2.86,15.0,10.0,34.98,13.31,NO_VERIFIED_CATALYST|RELATIVE_STRENGTH_NEGATIVE,224.79,170887.0,1.0834447846115685,
radar:2026-09-04:1120,2026-09-04T11:20:00-04:00,COMPLETED,42,ABNB,OK,0.0,9.03,0.94,0.0,15.0,10.0,34.97,13.3,NO_VERIFIED_CATALYST|RELATIVE_STRENGTH_NEGATIVE,181.665,1003358.0,0.6175660153909059,
radar:2026-09-04:1120,2026-09-04T11:20:00-04:00,COMPLETED,43,VOO,OK,0.0,2.34,4.54,3.01,15.0,10.0,34.89,13.19,NO_VERIFIED_CATALYST,707.16,1957428.0,1.0672435851418973,
radar:2026-09-04:1120,2026-09-04T11:20:00-04:00,COMPLETED,44,GLTR,OK,0.0,7.57,1.83,0.29,15.0,10.0,34.69,12.93,NO_VERIFIED_CATALYST|RELATIVE_STRENGTH_NEGATIVE,201.57,12493.0,0.7293437446450871,
radar:2026-09-04:1120,2026-09-04T11:20:00-04:00,COMPLETED,45,NOC,OK,0.0,7.2,2.32,0.0,15.0,10.0,34.51,12.68,NO_VERIFIED_CATALYST|RELATIVE_STRENGTH_NEGATIVE,520.095,145515.0,0.7894434158751676,
radar:2026-09-04:1120,2026-09-04T11:20:00-04:00,COMPLETED,46,SPY,OK,0.0,2.35,4.03,3.0,15.0,10.0,34.38,12.51,NO_VERIFIED_CATALYST,769.28,10420584.0,1.0040151058597535,
radar:2026-09-04:1120,2026-09-04T11:20:00-04:00,COMPLETED,47,DIS,OK,0.0,7.32,1.97,0.0,15.0,10.0,34.29,12.38,NO_VERIFIED_CATALYST|RELATIVE_STRENGTH_NEGATIVE,105.48,1648153.0,0.7461160873945086,
radar:2026-09-04:1120,2026-09-04T11:20:00-04:00,COMPLETED,48,EBAY,OK,0.0,8.53,0.52,0.0,15.0,10.0,34.05,12.07,NO_VERIFIED_CATALYST|RELATIVE_STRENGTH_NEGATIVE,104.04,679048.0,0.5653404716922213,
radar:2026-09-04:1120,2026-09-04T11:20:00-04:00,COMPLETED,49,UBER,OK,0.0,3.53,3.9,1.48,15.0,10.0,33.91,11.88,NO_VERIFIED_CATALYST|RELATIVE_STRENGTH_NEGATIVE,75.385,4569047.0,0.9875132867407352,
radar:2026-09-04:1120,2026-09-04T11:20:00-04:00,COMPLETED,50,ONDS,OK,0.0,7.03,1.83,0.0,15.0,10.0,33.87,11.82,NO_VERIFIED_CATALYST|RELATIVE_STRENGTH_NEGATIVE,7.515,14878989.0,0.7293306275764598,
radar:2026-09-04:1120,2026-09-04T11:20:00-04:00,COMPLETED,51,PG,OK,0.0,1.6,1.41,5.73,15.0,10.0,33.74,11.65,NO_VERIFIED_CATALYST,146.85,1708865.0,0.6760866989171487,
radar:2026-09-04:1120,2026-09-04T11:20:00-04:00,COMPLETED,52,BA,OK,0.0,1.19,1.8,5.73,15.0,10.0,33.72,11.63,NO_VERIFIED_CATALYST,210.41,996937.0,0.7248859862517884,
radar:2026-09-04:1120,2026-09-04T11:20:00-04:00,COMPLETED,53,CVX,OK,0.0,6.6,1.58,0.0,15.0,10.0,33.18,10.91,NO_VERIFIED_CATALYST|RELATIVE_STRENGTH_NEGATIVE,208.675,1550576.0,0.698089810225985,
radar:2026-09-04:1120,2026-09-04T11:20:00-04:00,COMPLETED,54,LHX,OK,0.0,6.15,1.82,0.0,15.0,10.0,32.97,10.63,NO_VERIFIED_CATALYST|RELATIVE_STRENGTH_NEGATIVE,257.45,323928.0,0.727262439543964,
radar:2026-09-04:1120,2026-09-04T11:20:00-04:00,COMPLETED,55,GS,OK,0.0,5.81,1.78,0.0,15.0,10.0,32.59,10.11,NO_VERIFIED_CATALYST|RELATIVE_STRENGTH_NEGATIVE,1025.009,369117.0,0.7220970513898873,
radar:2026-09-04:1120,2026-09-04T11:20:00-04:00,COMPLETED,56,IBKR,OK,0.0,5.82,0.64,0.79,15.0,10.0,32.24,9.66,NO_VERIFIED_CATALYST|RELATIVE_STRENGTH_NEGATIVE,92.14,678570.0,0.5798677044741682,
radar:2026-09-04:1120,2026-09-04T11:20:00-04:00,COMPLETED,57,WMT,OK,0.0,3.49,2.13,1.54,15.0,10.0,32.15,9.53,NO_VERIFIED_CATALYST|RELATIVE_STRENGTH_NEGATIVE,107.61,6014449.0,0.7659447562274185,
radar:2026-09-04:1120,2026-09-04T11:20:00-04:00,COMPLETED,58,GE,OK,0.0,0.17,0.72,6.24,15.0,10.0,32.14,9.52,NO_VERIFIED_CATALYST,333.605,583444.0,0.5904147282806382,
radar:2026-09-04:1120,2026-09-04T11:20:00-04:00,COMPLETED,59,MS,OK,0.0,5.52,1.04,0.0,15.0,10.0,31.56,8.74,NO_VERIFIED_CATALYST|RELATIVE_STRENGTH_NEGATIVE,214.58,691067.0,0.629408270358255,
radar:2026-09-04:1120,2026-09-04T11:20:00-04:00,COMPLETED,60,V,OK,0.0,5.54,0.0,0.0,15.0,10.0,30.54,7.39,NO_VERIFIED_CATALYST|RELATIVE_STRENGTH_NEGATIVE,374.25,854573.0,0.4560099233856641,
radar:2026-09-04:1150,2026-09-04T11:50:00-04:00,COMPLETED,1,ALAB,OK,0.0,20.0,20.0,15.0,15.0,10.0,80.0,73.33,NO_VERIFIED_CATALYST|ADV_TOO_LOW,317.05,3574073.0,3.0719326164947165,
radar:2026-09-04:1150,2026-09-04T11:50:00-04:00,COMPLETED,2,SNDK,OK,0.0,20.0,10.29,15.0,15.0,10.0,70.29,60.39,NO_VERIFIED_CATALYST|RISK_TOO_SMALL,1688.553,8439074.0,1.7867691769362644,
radar:2026-09-04:1150,2026-09-04T11:50:00-04:00,COMPLETED,3,MU,OK,0.0,18.08,11.24,15.0,15.0,10.0,69.32,59.1,NO_VERIFIED_CATALYST,999.88,18923717.0,1.9051427221808797,23fe08da-2686-4a4b-9d0c-322938361d11
radar:2026-09-04:1150,2026-09-04T11:50:00-04:00,COMPLETED,4,MRVL,OK,0.0,20.0,6.21,15.0,15.0,10.0,66.21,54.94,NO_VERIFIED_CATALYST,220.55,11168875.0,1.2757099038587185,77bec98f-d6ca-41f8-99b5-2a08ad4a602e
radar:2026-09-04:1150,2026-09-04T11:50:00-04:00,COMPLETED,5,INTC,OK,0.0,18.58,6.69,15.0,15.0,10.0,65.27,53.69,NO_VERIFIED_CATALYST|QUALITY_OR_LANE_BLOCKED,95.01,46442013.0,1.3361586294426797,
radar:2026-09-04:1150,2026-09-04T11:50:00-04:00,COMPLETED,6,AMD,OK,0.0,16.12,7.47,15.0,15.0,10.0,63.59,51.46,NO_VERIFIED_CATALYST,469.98,9189902.0,1.4341003103353196,
radar:2026-09-04:1150,2026-09-04T11:50:00-04:00,COMPLETED,7,ORCL,OK,0.0,10.6,8.75,15.0,15.0,10.0,59.36,45.81,NO_VERIFIED_CATALYST,157.54,12897736.0,1.594137386763442,
radar:2026-09-04:1150,2026-09-04T11:50:00-04:00,COMPLETED,8,SNPS,OK,0.0,14.0,19.4,0.0,15.0,10.0,58.4,44.53,LIQUIDITY_WEAK|NO_VERIFIED_CATALYST|RELATIVE_STRENGTH_NEGATIVE,390.16,1746869.0,2.9246833936461814,
radar:2026-09-04:1150,2026-09-04T11:50:00-04:00,COMPLETED,9,TSLA,OK,0.0,14.0,18.83,0.0,15.0,10.0,57.83,43.77,NO_VERIFIED_CATALYST|RELATIVE_STRENGTH_NEGATIVE,351.79,37548769.0,2.853253638843369,
radar:2026-09-04:1150,2026-09-04T11:50:00-04:00,COMPLETED,10,AMAT,OK,0.0,14.0,3.64,15.0,15.0,10.0,57.64,43.52,NO_VERIFIED_CATALYST,454.24,2524858.0,0.9545693527474997,
radar:2026-09-04:1150,2026-09-04T11:50:00-04:00,COMPLETED,11,CDNS,OK,0.0,14.0,17.43,0.0,15.0,10.0,56.43,41.9,LIQUIDITY_WEAK|NO_VERIFIED_CATALYST|RELATIVE_STRENGTH_NEGATIVE,293.2,2055648.0,2.6782347478650324,
radar:2026-09-04:1150,2026-09-04T11:50:00-04:00,COMPLETED,12,ADBE,OK,0.0,16.2,13.91,0.0,15.0,10.0,55.11,40.15,NO_VERIFIED_CATALYST|RELATIVE_STRENGTH_NEGATIVE,268.25,3395814.0,2.2391386643986704,
radar:2026-09-04:1150,2026-09-04T11:50:00-04:00,COMPLETED,13,NVDA,OK,0.0,6.09,8.28,13.47,15.0,10.0,52.84,37.12,NO_VERIFIED_CATALYST,231.43,70207393.0,1.5351190008888695,
radar:2026-09-04:1150,2026-09-04T11:50:00-04:00,COMPLETED,14,TXN,OK,0.0,8.3,0.79,15.0,15.0,10.0,49.09,32.12,NO_VERIFIED_CATALYST,258.345,1194819.0,0.5990110016733696,
radar:2026-09-04:1150,2026-09-04T11:50:00-04:00,COMPLETED,15,IBIT,OK,0.0,14.66,9.28,0.0,15.0,10.0,48.93,31.91,NO_VERIFIED_CATALYST|RELATIVE_STRENGTH_NEGATIVE,45.01,34802137.0,1.6595077554412634,
radar:2026-09-04:1150,2026-09-04T11:50:00-04:00,COMPLETED,16,MSTR,OK,0.0,14.96,8.3,0.0,15.0,10.0,48.26,31.02,NO_VERIFIED_CATALYST|RELATIVE_STRENGTH_NEGATIVE,142.04,15381802.0,1.5380577801829032,
radar:2026-09-04:1150,2026-09-04T11:50:00-04:00,COMPLETED,17,NFLX,OK,0.0,14.0,9.19,0.0,15.0,10.0,48.19,30.92,NO_VERIFIED_CATALYST|RELATIVE_STRENGTH_NEGATIVE,79.435,16142580.0,1.648685456035528,
radar:2026-09-04:1150,2026-09-04T11:50:00-04:00,COMPLETED,18,COIN,OK,0.0,17.04,4.65,0.0,15.0,10.0,46.7,28.93,NO_VERIFIED_CATALYST|RELATIVE_STRENGTH_NEGATIVE,186.315,3866007.0,1.0815737338954825,
radar:2026-09-04:1150,2026-09-04T11:50:00-04:00,COMPLETED,19,HOOD,OK,0.0,9.37,10.38,1.32,15.0,10.0,46.06,28.09,NO_VERIFIED_CATALYST|RELATIVE_STRENGTH_NEGATIVE,123.82,13115501.0,1.797537080993463,
radar:2026-09-04:1150,2026-09-04T11:50:00-04:00,COMPLETED,20,DELL,OK,0.0,1.54,10.91,7.62,15.0,10.0,45.07,26.76,LIQUIDITY_WEAK|NO_VERIFIED_CATALYST,518.09,5367374.0,1.863809660268626,
radar:2026-09-04:1150,2026-09-04T11:50:00-04:00,COMPLETED,21,PYPL,OK,0.0,14.0,5.28,0.0,15.0,10.0,44.28,25.71,NO_VERIFIED_CATALYST|RELATIVE_STRENGTH_NEGATIVE,54.795,5092939.0,1.1602369350897548,
radar:2026-09-04:1150,2026-09-04T11:50:00-04:00,COMPLETED,22,PLTR,OK,0.0,14.0,3.7,0.0,15.0,10.0,42.7,23.61,NO_VERIFIED_CATALYST|RELATIVE_STRENGTH_NEGATIVE,175.495,12318846.0,0.9630847236313428,
radar:2026-09-04:1150,2026-09-04T11:50:00-04:00,COMPLETED,23,NOW,OK,0.0,14.0,3.23,0.0,15.0,10.0,42.23,22.97,NO_VERIFIED_CATALYST|RELATIVE_STRENGTH_NEGATIVE,141.205,5920118.0,0.903872231150166,
radar:2026-09-04:1150,2026-09-04T11:50:00-04:00,COMPLETED,24,AAPL,OK,0.0,11.06,5.58,0.0,15.0,10.0,41.64,22.19,NO_VERIFIED_CATALYST|RELATIVE_STRENGTH_NEGATIVE,320.43,16936434.0,1.1975707967051932,
radar:2026-09-04:1150,2026-09-04T11:50:00-04:00,COMPLETED,25,XLE,OK,0.0,6.17,8.39,1.75,15.0,10.0,41.31,21.74,NO_VERIFIED_CATALYST|RELATIVE_STRENGTH_NEGATIVE,64.2,14144353.0,1.5492967333783163,
radar:2026-09-04:1150,2026-09-04T11:50:00-04:00,COMPLETED,26,MRNA,OK,0.0,13.88,1.77,0.0,15.0,10.0,40.65,20.87,NO_VERIFIED_CATALYST|RELATIVE_STRENGTH_NEGATIVE,144.441,8559630.0,0.7211728638045878,
radar:2026-09-04:1150,2026-09-04T11:50:00-04:00,COMPLETED,27,XAR,OK,0.0,3.26,9.08,3.11,15.0,10.0,40.45,20.6,NO_VERIFIED_CATALYST,252.856,122060.0,1.634801050606419,
radar:2026-09-04:1150,2026-09-04T11:50:00-04:00,COMPLETED,28,DASH,OK,0.0,12.45,2.68,0.0,15.0,10.0,40.13,20.18,NO_VERIFIED_CATALYST|RELATIVE_STRENGTH_NEGATIVE,216.075,1264667.0,0.8349956031634268,
radar:2026-09-04:1150,2026-09-04T11:50:00-04:00,COMPLETED,29,BA,OK,0.0,5.44,1.45,8.18,15.0,10.0,40.07,20.09,NO_VERIFIED_CATALYST,211.4,1192236.0,0.6811290676632049,
radar:2026-09-04:1150,2026-09-04T11:50:00-04:00,COMPLETED,30,AVGO,OK,0.0,1.25,9.76,4.04,15.0,10.0,40.05,20.07,NO_VERIFIED_CATALYST,356.205,13919471.0,1.7200228981217474,
radar:2026-09-04:1150,2026-09-04T11:50:00-04:00,COMPLETED,31,WDAY,OK,0.0,14.0,0.0,0.0,15.0,10.0,39.0,18.67,NO_VERIFIED_CATALYST|RELATIVE_STRENGTH_NEGATIVE,198.45,842352.0,0.46836900707999224,
radar:2026-09-04:1150,2026-09-04T11:50:00-04:00,COMPLETED,32,META,OK,0.0,2.03,4.24,6.64,15.0,10.0,37.9,17.21,NO_VERIFIED_CATALYST,611.69,5830176.0,1.0300004132273268,
radar:2026-09-04:1150,2026-09-04T11:50:00-04:00,COMPLETED,33,CSCO,OK,0.0,3.12,0.0,9.65,15.0,10.0,37.77,17.02,NO_VERIFIED_CATALYST,109.335,3082566.0,0.43530273017919124,
radar:2026-09-04:1150,2026-09-04T11:50:00-04:00,COMPLETED,34,QQQ,OK,0.0,0.24,6.73,5.34,15.0,10.0,37.31,16.41,NO_VERIFIED_CATALYST,717.3,14784890.0,1.3416153166155322,
radar:2026-09-04:1150,2026-09-04T11:50:00-04:00,COMPLETED,35,MSFT,OK,0.0,8.86,1.6,0.0,15.0,10.0,35.47,13.96,NO_VERIFIED_CATALYST|RELATIVE_STRENGTH_NEGATIVE,500.43,5916378.0,0.7003084454520279,
radar:2026-09-04:1150,2026-09-04T11:50:00-04:00,COMPLETED,36,IBKR,OK,0.0,6.27,0.12,4.03,15.0,10.0,35.42,13.89,NO_VERIFIED_CATALYST,92.7,766122.0,0.5143957761006778,
radar:2026-09-04:1150,2026-09-04T11:50:00-04:00,COMPLETED,37,ITA,OK,0.0,1.96,4.65,3.34,15.0,10.0,34.96,13.27,NO_VERIFIED_CATALYST,225.11,217174.0,1.081859298046735,
radar:2026-09-04:1150,2026-09-04T11:50:00-04:00,COMPLETED,38,GOOGL,OK,0.0,5.99,3.92,0.0,15.0,10.0,34.91,13.21,NO_VERIFIED_CATALYST|RELATIVE_STRENGTH_NEGATIVE,337.87,7851271.0,0.9906051133003245,
radar:2026-09-04:1150,2026-09-04T11:50:00-04:00,COMPLETED,39,NOC,OK,0.0,7.45,2.46,0.0,15.0,10.0,34.91,13.21,NO_VERIFIED_CATALYST|RELATIVE_STRENGTH_NEGATIVE,519.808,189476.0,0.8076675696346372,
radar:2026-09-04:1150,2026-09-04T11:50:00-04:00,COMPLETED,40,BAC,OK,0.0,2.48,4.79,2.63,15.0,10.0,34.9,13.2,NO_VERIFIED_CATALYST|RELATIVE_STRENGTH_NEGATIVE,62.405,11384842.0,1.0989339759875787,
radar:2026-09-04:1150,2026-09-04T11:50:00-04:00,COMPLETED,41,JPM,OK,0.0,6.45,2.86,0.0,15.0,10.0,34.31,12.41,NO_VERIFIED_CATALYST|RELATIVE_STRENGTH_NEGATIVE,357.055,1673765.0,0.8569008971727393,
radar:2026-09-04:1150,2026-09-04T11:50:00-04:00,COMPLETED,42,ABNB,OK,0.0,8.84,0.39,0.0,15.0,10.0,34.23,12.31,NO_VERIFIED_CATALYST|RELATIVE_STRENGTH_NEGATIVE,181.74,1135335.0,0.5490560625496582,
radar:2026-09-04:1150,2026-09-04T11:50:00-04:00,COMPLETED,43,REMX,OK,0.0,3.38,3.19,2.57,15.0,10.0,34.14,12.19,NO_VERIFIED_CATALYST|RELATIVE_STRENGTH_NEGATIVE,75.64,191747.0,0.8993319046008843,
radar:2026-09-04:1150,2026-09-04T11:50:00-04:00,COMPLETED,44,AMZN,OK,0.0,5.18,3.69,0.0,15.0,10.0,33.88,11.83,NO_VERIFIED_CATALYST|RELATIVE_STRENGTH_NEGATIVE,256.025,11341908.0,0.9617277695620664,
radar:2026-09-04:1150,2026-09-04T11:50:00-04:00,COMPLETED,45,DIS,OK,0.0,7.51,1.33,0.0,15.0,10.0,33.85,11.79,NO_VERIFIED_CATALYST|RELATIVE_STRENGTH_NEGATIVE,105.435,1874255.0,0.6666574714023484,
radar:2026-09-04:1150,2026-09-04T11:50:00-04:00,COMPLETED,46,EBAY,OK,0.0,8.71,0.12,0.0,15.0,10.0,33.83,11.77,NO_VERIFIED_CATALYST|RELATIVE_STRENGTH_NEGATIVE,103.885,787576.0,0.5151898160708267,
radar:2026-09-04:1150,2026-09-04T11:50:00-04:00,COMPLETED,47,VOO,OK,0.0,2.05,3.62,3.01,15.0,10.0,33.68,11.57,NO_VERIFIED_CATALYST,707.6,2222394.0,0.952059314615593,
radar:2026-09-04:1150,2026-09-04T11:50:00-04:00,COMPLETED,48,GLTR,OK,0.0,7.15,1.3,0.0,15.0,10.0,33.45,11.27,NO_VERIFIED_CATALYST|RELATIVE_STRENGTH_NEGATIVE,201.483,14455.0,0.6630538671062802,
radar:2026-09-04:1150,2026-09-04T11:50:00-04:00,COMPLETED,49,SPY,OK,0.0,2.06,3.3,3.0,15.0,10.0,33.36,11.14,NO_VERIFIED_CATALYST,769.76,12052424.0,0.9124052669588348,
radar:2026-09-04:1150,2026-09-04T11:50:00-04:00,COMPLETED,50,GE,OK,0.0,1.19,0.24,6.69,15.0,10.0,33.12,10.83,NO_VERIFIED_CATALYST,334.06,667291.0,0.5305648394407575,
radar:2026-09-04:1150,2026-09-04T11:50:00-04:00,COMPLETED,51,CVX,OK,0.0,6.83,0.99,0.0,15.0,10.0,32.82,10.42,NO_VERIFIED_CATALYST|RELATIVE_STRENGTH_NEGATIVE,209.24,1762718.0,0.6235428078709857,
radar:2026-09-04:1150,2026-09-04T11:50:00-04:00,COMPLETED,52,ONDS,OK,0.0,6.42,1.34,0.0,15.0,10.0,32.77,10.36,NO_VERIFIED_CATALYST|RELATIVE_STRENGTH_NEGATIVE,7.525,17345309.0,0.6680335341619055,
radar:2026-09-04:1150,2026-09-04T11:50:00-04:00,COMPLETED,53,UBER,OK,0.0,3.56,2.99,1.06,15.0,10.0,32.62,10.16,NO_VERIFIED_CATALYST|RELATIVE_STRENGTH_NEGATIVE,75.38,5145821.0,0.8738506043732069,
radar:2026-09-04:1150,2026-09-04T11:50:00-04:00,COMPLETED,54,PG,OK,0.0,1.44,0.92,5.16,15.0,10.0,32.51,10.02,NO_VERIFIED_CATALYST,146.8,1977930.0,0.6148522241547013,
radar:2026-09-04:1150,2026-09-04T11:50:00-04:00,COMPLETED,55,QCOM,OK,0.0,1.3,1.99,3.97,15.0,10.0,32.27,9.69,NO_VERIFIED_CATALYST,168.1,2462305.0,0.7491697939467884,
radar:2026-09-04:1150,2026-09-04T11:50:00-04:00,COMPLETED,56,MS,OK,0.0,3.74,0.79,2.69,15.0,10.0,32.23,9.64,NO_VERIFIED_CATALYST|RELATIVE_STRENGTH_NEGATIVE,216.08,837261.0,0.5991538386678422,
radar:2026-09-04:1150,2026-09-04T11:50:00-04:00,COMPLETED,57,LHX,OK,0.0,5.72,1.46,0.0,15.0,10.0,32.18,9.58,NO_VERIFIED_CATALYST|RELATIVE_STRENGTH_NEGATIVE,257.692,387101.0,0.6828607580705266,
radar:2026-09-04:1150,2026-09-04T11:50:00-04:00,COMPLETED,58,GS,OK,0.0,3.53,1.08,1.67,15.0,10.0,31.28,8.38,NO_VERIFIED_CATALYST|RELATIVE_STRENGTH_NEGATIVE,1031.06,413084.0,0.6349435147150791,
radar:2026-09-04:1150,2026-09-04T11:50:00-04:00,COMPLETED,59,WMT,OK,0.0,3.1,1.37,1.66,15.0,10.0,31.13,8.17,NO_VERIFIED_CATALYST|RELATIVE_STRENGTH_NEGATIVE,107.7,6704790.0,0.6708910131508314,
radar:2026-09-04:1150,2026-09-04T11:50:00-04:00,COMPLETED,60,V,OK,0.0,5.15,0.0,0.34,15.0,10.0,30.49,7.32,NO_VERIFIED_CATALYST|RELATIVE_STRENGTH_NEGATIVE,375.4,1010120.0,0.4235096301524488,
radar:2026-09-04:1220,2026-09-04T12:20:00-04:00,COMPLETED,1,ALAB,OK,0.0,20.0,17.16,15.0,15.0,10.0,77.16,69.55,NO_VERIFIED_CATALYST|ADV_TOO_LOW,318.89,3736994.0,2.6451471888675853,
radar:2026-09-04:1220,2026-09-04T12:20:00-04:00,COMPLETED,2,SNDK,OK,0.0,20.0,8.97,15.0,15.0,10.0,68.97,58.63,NO_VERIFIED_CATALYST|RISK_TOO_SMALL,1696.27,9298710.0,1.6213453736247587,
radar:2026-09-04:1220,2026-09-04T12:20:00-04:00,COMPLETED,3,MU,OK,0.0,18.23,9.61,15.0,15.0,10.0,67.84,57.13,NO_VERIFIED_CATALYST,1000.643,20526545.0,1.701829718591809,ef4680c2-f8a9-41be-b7ee-8c07a72111d8
radar:2026-09-04:1220,2026-09-04T12:20:00-04:00,COMPLETED,4,INTC,OK,0.0,20.0,5.49,15.0,15.0,10.0,65.49,53.99,NO_VERIFIED_CATALYST|QUALITY_OR_LANE_BLOCKED,95.49,50081080.0,1.1865877140674368,
radar:2026-09-04:1220,2026-09-04T12:20:00-04:00,COMPLETED,5,AMD,OK,0.0,18.7,6.42,15.0,15.0,10.0,65.13,53.5,NO_VERIFIED_CATALYST,472.37,10138226.0,1.3028961301948336,76a1d39d-89fe-4495-8fab-dfa6e28d2836
radar:2026-09-04:1220,2026-09-04T12:20:00-04:00,COMPLETED,6,MRVL,OK,0.0,20.0,4.92,15.0,15.0,10.0,64.92,53.23,NO_VERIFIED_CATALYST,221.12,11859778.0,1.1155736116225585,
radar:2026-09-04:1220,2026-09-04T12:20:00-04:00,COMPLETED,7,DELL,OK,0.0,11.03,9.71,13.81,15.0,10.0,59.54,46.06,LIQUIDITY_WEAK|NO_VERIFIED_CATALYST,524.21,5991737.0,1.7134507220708517,
radar:2026-09-04:1220,2026-09-04T12:20:00-04:00,COMPLETED,8,ORCL,OK,0.0,11.57,7.12,15.0,15.0,10.0,58.69,44.92,NO_VERIFIED_CATALYST,157.86,13651387.0,1.3895309317225475,
radar:2026-09-04:1220,2026-09-04T12:20:00-04:00,COMPLETED,9,SNPS,OK,0.0,16.34,17.0,0.0,15.0,10.0,58.33,44.45,NO_VERIFIED_CATALYST|RELATIVE_STRENGTH_NEGATIVE,393.615,1903533.0,2.624569682593809,
radar:2026-09-04:1220,2026-09-04T12:20:00-04:00,COMPLETED,10,AMAT,OK,0.0,15.43,2.87,15.0,15.0,10.0,58.3,44.4,NO_VERIFIED_CATALYST,455.56,2757474.0,0.8585411806225703,
radar:2026-09-04:1220,2026-09-04T12:20:00-04:00,COMPLETED,11,TSLA,OK,0.0,14.0,16.33,0.0,15.0,10.0,55.33,40.43,NO_VERIFIED_CATALYST|RELATIVE_STRENGTH_NEGATIVE,352.02,40600190.0,2.540691405223646,
radar:2026-09-04:1220,2026-09-04T12:20:00-04:00,COMPLETED,12,CDNS,OK,0.0,14.0,15.57,0.0,15.0,10.0,54.57,39.43,NO_VERIFIED_CATALYST|RELATIVE_STRENGTH_NEGATIVE,293.735,2279998.0,2.4463215024101586,
radar:2026-09-04:1220,2026-09-04T12:20:00-04:00,COMPLETED,13,ADBE,OK,0.0,15.03,11.69,0.0,15.0,10.0,51.72,35.63,NO_VERIFIED_CATALYST|RELATIVE_STRENGTH_NEGATIVE,267.77,3612373.0,1.9615927992149103,
radar:2026-09-04:1220,2026-09-04T12:20:00-04:00,COMPLETED,14,TXN,OK,0.0,9.45,0.26,15.0,15.0,10.0,49.71,32.94,NO_VERIFIED_CATALYST,258.87,1288840.0,0.532121566943347,
radar:2026-09-04:1220,2026-09-04T12:20:00-04:00,COMPLETED,15,MSTR,OK,0.0,15.76,6.78,0.0,15.0,10.0,47.55,30.06,NO_VERIFIED_CATALYST|RELATIVE_STRENGTH_NEGATIVE,141.79,16370918.0,1.3480861402475934,
radar:2026-09-04:1220,2026-09-04T12:20:00-04:00,COMPLETED,16,NFLX,OK,0.0,14.0,8.54,0.0,15.0,10.0,47.54,30.05,NO_VERIFIED_CATALYST|RELATIVE_STRENGTH_NEGATIVE,79.295,18634307.0,1.5673185796398672,
radar:2026-09-04:1220,2026-09-04T12:20:00-04:00,COMPLETED,17,NVDA,OK,0.0,4.71,7.0,10.78,15.0,10.0,47.49,29.98,NO_VERIFIED_CATALYST,230.755,76380874.0,1.375380935828192,
radar:2026-09-04:1220,2026-09-04T12:20:00-04:00,COMPLETED,18,IBIT,OK,0.0,14.71,7.34,0.0,15.0,10.0,47.05,29.41,NO_VERIFIED_CATALYST|RELATIVE_STRENGTH_NEGATIVE,45.04,36096891.0,1.4174976526448808,
radar:2026-09-04:1220,2026-09-04T12:20:00-04:00,COMPLETED,19,HOOD,OK,0.0,10.83,9.13,0.0,15.0,10.0,44.96,26.61,NO_VERIFIED_CATALYST|RELATIVE_STRENGTH_NEGATIVE,123.43,14542823.0,1.6414243353936846,
radar:2026-09-04:1220,2026-09-04T12:20:00-04:00,COMPLETED,20,PYPL,OK,0.0,14.0,4.08,0.0,15.0,10.0,43.08,24.11,NO_VERIFIED_CATALYST|RELATIVE_STRENGTH_NEGATIVE,54.815,5385225.0,1.010325330921692,
radar:2026-09-04:1220,2026-09-04T12:20:00-04:00,COMPLETED,21,COIN,OK,0.0,14.0,3.68,0.0,15.0,10.0,42.68,23.57,NO_VERIFIED_CATALYST|RELATIVE_STRENGTH_NEGATIVE,185.4,4166099.0,0.9598475441986523,
radar:2026-09-04:1220,2026-09-04T12:20:00-04:00,COMPLETED,22,PLTR,OK,0.0,14.0,2.89,0.0,15.0,10.0,41.89,22.52,NO_VERIFIED_CATALYST|RELATIVE_STRENGTH_NEGATIVE,175.105,13377297.0,0.8612753419822048,
radar:2026-09-04:1220,2026-09-04T12:20:00-04:00,COMPLETED,23,DASH,OK,0.0,14.0,2.39,0.0,15.0,10.0,41.39,21.85,NO_VERIFIED_CATALYST|RELATIVE_STRENGTH_NEGATIVE,215.11,1468593.0,0.7985252114175174,
radar:2026-09-04:1220,2026-09-04T12:20:00-04:00,COMPLETED,24,META,OK,0.0,5.33,3.37,7.66,15.0,10.0,41.35,21.8,NO_VERIFIED_CATALYST,613.665,6328113.0,0.9206809042240144,
radar:2026-09-04:1220,2026-09-04T12:20:00-04:00,COMPLETED,25,NOW,OK,0.0,14.0,2.34,0.0,15.0,10.0,41.34,21.78,NO_VERIFIED_CATALYST|RELATIVE_STRENGTH_NEGATIVE,141.13,6301469.0,0.79231460476052,
radar:2026-09-04:1220,2026-09-04T12:20:00-04:00,COMPLETED,26,AAPL,OK,0.0,9.88,4.81,0.0,15.0,10.0,39.7,19.59,NO_VERIFIED_CATALYST|RELATIVE_STRENGTH_NEGATIVE,321.26,18919944.0,1.1017377893054077,
radar:2026-09-04:1220,2026-09-04T12:20:00-04:00,COMPLETED,27,MRNA,OK,0.0,13.62,1.05,0.0,15.0,10.0,39.67,19.56,NO_VERIFIED_CATALYST|RELATIVE_STRENGTH_NEGATIVE,144.525,9100058.0,0.6314045704430832,
radar:2026-09-04:1220,2026-09-04T12:20:00-04:00,COMPLETED,28,WDAY,OK,0.0,14.0,0.0,0.0,15.0,10.0,39.0,18.67,NO_VERIFIED_CATALYST|RELATIVE_STRENGTH_NEGATIVE,198.83,941953.0,0.4313233283103049,
radar:2026-09-04:1220,2026-09-04T12:20:00-04:00,COMPLETED,29,CSCO,OK,0.0,3.95,0.0,9.81,15.0,10.0,38.76,18.34,NO_VERIFIED_CATALYST,109.53,3438210.0,0.39984399914133717,
radar:2026-09-04:1220,2026-09-04T12:20:00-04:00,COMPLETED,30,XAR,OK,0.0,3.32,7.41,2.77,15.0,10.0,38.5,18.01,NO_VERIFIED_CATALYST|RELATIVE_STRENGTH_NEGATIVE,253.105,129281.0,1.4259536906110484,
radar:2026-09-04:1220,2026-09-04T12:20:00-04:00,COMPLETED,31,XLE,OK,0.0,5.96,6.77,0.59,15.0,10.0,38.32,17.77,NO_VERIFIED_CATALYST|RELATIVE_STRENGTH_NEGATIVE,64.175,14926580.0,1.346452409822875,
radar:2026-09-04:1220,2026-09-04T12:20:00-04:00,COMPLETED,32,BA,OK,0.0,4.59,1.22,7.02,15.0,10.0,37.82,17.09,NO_VERIFIED_CATALYST,211.315,1385677.0,0.6519411104281566,
radar:2026-09-04:1220,2026-09-04T12:20:00-04:00,COMPLETED,33,BAC,OK,0.0,3.37,4.11,4.91,15.0,10.0,37.39,16.52,NO_VERIFIED_CATALYST,62.74,12756404.0,1.014032873209699,
radar:2026-09-04:1220,2026-09-04T12:20:00-04:00,COMPLETED,34,AVGO,OK,0.0,2.09,8.22,2.03,15.0,10.0,37.34,16.45,NO_VERIFIED_CATALYST|RELATIVE_STRENGTH_NEGATIVE,355.56,15004896.0,1.52694594851571,
radar:2026-09-04:1220,2026-09-04T12:20:00-04:00,COMPLETED,35,QQQ,OK,0.0,0.62,5.59,5.53,15.0,10.0,36.74,15.65,NO_VERIFIED_CATALYST,718.63,16041353.0,1.1987540355097568,
radar:2026-09-04:1220,2026-09-04T12:20:00-04:00,COMPLETED,36,QCOM,OK,0.0,1.8,1.93,7.04,15.0,10.0,35.77,14.36,NO_VERIFIED_CATALYST,169.22,2960438.0,0.7417773328020649,
radar:2026-09-04:1220,2026-09-04T12:20:00-04:00,COMPLETED,37,NOC,OK,0.0,8.01,2.38,0.0,15.0,10.0,35.39,13.86,NO_VERIFIED_CATALYST|RELATIVE_STRENGTH_NEGATIVE,519.17,227158.0,0.7974172931444663,
radar:2026-09-04:1220,2026-09-04T12:20:00-04:00,COMPLETED,38,ITA,OK,0.0,1.97,5.49,2.84,15.0,10.0,35.29,13.72,NO_VERIFIED_CATALYST|RELATIVE_STRENGTH_NEGATIVE,225.27,289047.0,1.185797673818997,
radar:2026-09-04:1220,2026-09-04T12:20:00-04:00,COMPLETED,39,MSFT,OK,0.0,8.59,1.04,0.0,15.0,10.0,34.63,12.84,NO_VERIFIED_CATALYST|RELATIVE_STRENGTH_NEGATIVE,500.725,6461419.0,0.6298549271101244,
radar:2026-09-04:1220,2026-09-04T12:20:00-04:00,COMPLETED,40,ABNB,OK,0.0,9.04,0.28,0.0,15.0,10.0,34.33,12.43,NO_VERIFIED_CATALYST|RELATIVE_STRENGTH_NEGATIVE,181.66,1343976.0,0.5352582311034731,
radar:2026-09-04:1220,2026-09-04T12:20:00-04:00,COMPLETED,41,GE,OK,0.0,2.53,0.0,6.54,15.0,10.0,34.07,12.1,NO_VERIFIED_CATALYST,334.49,740563.0,0.4849136225586401,
radar:2026-09-04:1220,2026-09-04T12:20:00-04:00,COMPLETED,42,EBAY,OK,0.0,8.95,0.0,0.0,15.0,10.0,33.95,11.94,NO_VERIFIED_CATALYST|RELATIVE_STRENGTH_NEGATIVE,104.31,869804.0,0.4685709640128545,
radar:2026-09-04:1220,2026-09-04T12:20:00-04:00,COMPLETED,43,IBKR,OK,0.0,5.91,0.0,2.98,15.0,10.0,33.89,11.85,NO_VERIFIED_CATALYST|RELATIVE_STRENGTH_NEGATIVE,92.68,827789.0,0.4577183116731313,
radar:2026-09-04:1220,2026-09-04T12:20:00-04:00,COMPLETED,44,MS,OK,0.0,4.05,0.48,4.24,15.0,10.0,33.77,11.7,NO_VERIFIED_CATALYST,216.975,950237.0,0.5600007352051114,
radar:2026-09-04:1220,2026-09-04T12:20:00-04:00,COMPLETED,45,REMX,OK,0.0,3.43,2.76,2.55,15.0,10.0,33.75,11.67,NO_VERIFIED_CATALYST|RELATIVE_STRENGTH_NEGATIVE,75.755,218912.0,0.8455517015644196,
radar:2026-09-04:1220,2026-09-04T12:20:00-04:00,COMPLETED,46,GOOGL,OK,0.0,5.07,3.33,0.0,15.0,10.0,33.4,11.2,NO_VERIFIED_CATALYST|RELATIVE_STRENGTH_NEGATIVE,338.54,8818442.0,0.9162872352992378,
radar:2026-09-04:1220,2026-09-04T12:20:00-04:00,COMPLETED,47,GLTR,OK,0.0,7.04,1.01,0.0,15.0,10.0,33.05,10.73,NO_VERIFIED_CATALYST|RELATIVE_STRENGTH_NEGATIVE,201.85,16587.0,0.6265817441164514,
radar:2026-09-04:1220,2026-09-04T12:20:00-04:00,COMPLETED,48,JPM,OK,0.0,5.43,2.5,0.0,15.0,10.0,32.93,10.57,NO_VERIFIED_CATALYST|RELATIVE_STRENGTH_NEGATIVE,358.42,1927217.0,0.8125421700428518,
radar:2026-09-04:1220,2026-09-04T12:20:00-04:00,COMPLETED,49,ONDS,OK,0.0,7.03,0.85,0.0,15.0,10.0,32.89,10.51,NO_VERIFIED_CATALYST|RELATIVE_STRENGTH_NEGATIVE,7.515,19119879.0,0.6064298059286075,
radar:2026-09-04:1220,2026-09-04T12:20:00-04:00,COMPLETED,50,DIS,OK,0.0,6.88,0.99,0.0,15.0,10.0,32.87,10.49,NO_VERIFIED_CATALYST|RELATIVE_STRENGTH_NEGATIVE,105.58,2129379.0,0.6237437624722522,
radar:2026-09-04:1220,2026-09-04T12:20:00-04:00,COMPLETED,51,VOO,OK,0.0,1.27,2.82,3.09,15.0,10.0,32.18,9.58,NO_VERIFIED_CATALYST,708.785,2418144.0,0.8531085336417139,
radar:2026-09-04:1220,2026-09-04T12:20:00-04:00,COMPLETED,52,GS,OK,0.0,3.89,0.5,2.64,15.0,10.0,32.02,9.37,NO_VERIFIED_CATALYST|RELATIVE_STRENGTH_NEGATIVE,1034.33,443976.0,0.5619988001018876,
radar:2026-09-04:1220,2026-09-04T12:20:00-04:00,COMPLETED,53,CVX,OK,0.0,6.54,0.49,0.0,15.0,10.0,32.03,9.37,NO_VERIFIED_CATALYST|RELATIVE_STRENGTH_NEGATIVE,209.04,1926740.0,0.5612879580362661,
radar:2026-09-04:1220,2026-09-04T12:20:00-04:00,COMPLETED,54,SPY,OK,0.0,1.34,2.67,3.0,15.0,10.0,32.01,9.35,NO_VERIFIED_CATALYST,770.95,13379766.0,0.8341440886195655,
radar:2026-09-04:1220,2026-09-04T12:20:00-04:00,COMPLETED,55,PG,OK,0.0,1.61,0.55,4.82,15.0,10.0,31.98,9.31,NO_VERIFIED_CATALYST,146.945,2220429.0,0.5684285697822674,
radar:2026-09-04:1220,2026-09-04T12:20:00-04:00,COMPLETED,56,LHX,OK,0.0,5.76,1.03,0.0,15.0,10.0,31.79,9.06,NO_VERIFIED_CATALYST|RELATIVE_STRENGTH_NEGATIVE,257.67,433022.0,0.6290671407777041,
radar:2026-09-04:1220,2026-09-04T12:20:00-04:00,COMPLETED,57,AMZN,OK,0.0,3.66,2.97,0.02,15.0,10.0,31.65,8.86,NO_VERIFIED_CATALYST|RELATIVE_STRENGTH_NEGATIVE,256.87,12473046.0,0.8709991605600833,
radar:2026-09-04:1220,2026-09-04T12:20:00-04:00,COMPLETED,58,V,OK,0.0,5.42,0.0,1.06,15.0,10.0,31.49,8.65,NO_VERIFIED_CATALYST|RELATIVE_STRENGTH_NEGATIVE,376.44,1120612.0,0.386923194898891,
radar:2026-09-04:1220,2026-09-04T12:20:00-04:00,COMPLETED,59,UBER,OK,0.0,2.58,2.38,1.41,15.0,10.0,31.37,8.49,NO_VERIFIED_CATALYST|RELATIVE_STRENGTH_NEGATIVE,75.54,5704966.0,0.7978380650000052,
radar:2026-09-04:1220,2026-09-04T12:20:00-04:00,COMPLETED,60,WMT,OK,0.0,3.59,0.81,0.1,15.0,10.0,29.51,6.01,NO_VERIFIED_CATALYST|RELATIVE_STRENGTH_NEGATIVE,107.585,7298946.0,0.6014591294571549,
radar:2026-09-04:1250,2026-09-04T12:50:00-04:00,COMPLETED,1,ALAB,OK,0.0,20.0,14.8,15.0,15.0,10.0,74.8,66.39,NO_VERIFIED_CATALYST|ADV_TOO_LOW,316.7,3904896.0,2.349404025988643,
radar:2026-09-04:1250,2026-09-04T12:50:00-04:00,COMPLETED,2,MU,OK,0.0,20.0,8.67,15.0,15.0,10.0,68.67,58.23,NO_VERIFIED_CATALYST,1005.281,22474153.0,1.5838147200856116,96239a82-78f5-4736-8425-8c70e35be8b4
radar:2026-09-04:1250,2026-09-04T12:50:00-04:00,COMPLETED,3,SNDK,OK,0.0,20.0,8.21,15.0,15.0,10.0,68.21,57.61,NO_VERIFIED_CATALYST|RISK_TOO_SMALL,1721.645,10297648.0,1.5262007751126072,
radar:2026-09-04:1250,2026-09-04T12:50:00-04:00,COMPLETED,4,AMD,OK,0.0,20.0,5.8,15.0,15.0,10.0,65.8,54.4,NO_VERIFIED_CATALYST,476.303,11214369.0,1.2250207984629924,c1775f7f-0cee-4e71-bf20-96a21a836b94
radar:2026-09-04:1250,2026-09-04T12:50:00-04:00,COMPLETED,5,INTC,OK,0.0,20.0,4.64,15.0,15.0,10.0,64.64,52.86,NO_VERIFIED_CATALYST|SCORE_BELOW_PLAN_THRESHOLD,95.665,53653839.0,1.0805571897845077,
radar:2026-09-04:1250,2026-09-04T12:50:00-04:00,COMPLETED,6,MRVL,OK,0.0,20.0,3.92,15.0,15.0,10.0,63.92,51.9,NO_VERIFIED_CATALYST,221.67,12388915.0,0.9905484904744857,
radar:2026-09-04:1250,2026-09-04T12:50:00-04:00,COMPLETED,7,DELL,OK,0.0,12.85,8.76,14.83,15.0,10.0,61.44,48.58,NO_VERIFIED_CATALYST,525.28,6563050.0,1.5953110878731591,
radar:2026-09-04:1250,2026-09-04T12:50:00-04:00,COMPLETED,8,ORCL,OK,0.0,12.39,6.27,15.0,15.0,10.0,58.66,44.88,NO_VERIFIED_CATALYST,158.13,14840043.0,1.2839478779430769,
radar:2026-09-04:1250,2026-09-04T12:50:00-04:00,COMPLETED,9,AMAT,OK,0.0,16.06,2.27,15.0,15.0,10.0,58.33,44.44,NO_VERIFIED_CATALYST,456.07,2961390.0,0.7837293387490822,
radar:2026-09-04:1250,2026-09-04T12:50:00-04:00,COMPLETED,10,SNPS,OK,0.0,17.73,14.8,0.0,15.0,10.0,57.53,43.37,NO_VERIFIED_CATALYST|RELATIVE_STRENGTH_NEGATIVE,394.705,2005301.0,2.3501634195999834,
radar:2026-09-04:1250,2026-09-04T12:50:00-04:00,COMPLETED,11,TSLA,OK,0.0,14.0,14.13,0.0,15.0,10.0,53.13,37.51,NO_VERIFIED_CATALYST|RELATIVE_STRENGTH_NEGATIVE,352.13,42616974.0,2.266873346902686,
radar:2026-09-04:1250,2026-09-04T12:50:00-04:00,COMPLETED,12,CDNS,OK,0.0,14.0,13.93,0.0,15.0,10.0,52.93,37.24,NO_VERIFIED_CATALYST|RELATIVE_STRENGTH_NEGATIVE,293.62,2457373.0,2.2411500939816107,
radar:2026-09-04:1250,2026-09-04T12:50:00-04:00,COMPLETED,13,NVDA,OK,0.0,7.58,5.99,14.24,15.0,10.0,52.81,37.08,NO_VERIFIED_CATALYST,232.161,81565670.0,1.248436848994932,
radar:2026-09-04:1250,2026-09-04T12:50:00-04:00,COMPLETED,14,ADBE,OK,0.0,16.26,10.09,0.0,15.0,10.0,51.35,35.13,NO_VERIFIED_CATALYST|RELATIVE_STRENGTH_NEGATIVE,268.355,3815779.0,1.7612470503056825,
radar:2026-09-04:1250,2026-09-04T12:50:00-04:00,COMPLETED,15,TXN,OK,0.0,8.92,0.0,15.0,15.0,10.0,48.92,31.89,NO_VERIFIED_CATALYST,258.68,1403234.0,0.49245068765233463,
radar:2026-09-04:1250,2026-09-04T12:50:00-04:00,COMPLETED,16,NFLX,OK,0.0,14.0,7.47,0.0,15.0,10.0,46.47,28.62,NO_VERIFIED_CATALYST|RELATIVE_STRENGTH_NEGATIVE,79.207,20048937.0,1.4333629716639902,
radar:2026-09-04:1250,2026-09-04T12:50:00-04:00,COMPLETED,17,IBIT,OK,0.0,15.12,6.16,0.0,15.0,10.0,46.28,28.38,NO_VERIFIED_CATALYST|RELATIVE_STRENGTH_NEGATIVE,45.21,38045176.0,1.2699099969714147,
radar:2026-09-04:1250,2026-09-04T12:50:00-04:00,COMPLETED,18,COIN,OK,0.0,16.0,2.94,0.0,15.0,10.0,43.93,25.25,NO_VERIFIED_CATALYST|RELATIVE_STRENGTH_NEGATIVE,186.04,4428704.0,0.8673015463674136,
radar:2026-09-04:1250,2026-09-04T12:50:00-04:00,COMPLETED,19,HOOD,OK,0.0,7.96,7.87,1.98,15.0,10.0,42.8,23.74,NO_VERIFIED_CATALYST|RELATIVE_STRENGTH_NEGATIVE,124.197,15460357.0,1.483243527400423,
radar:2026-09-04:1250,2026-09-04T12:50:00-04:00,COMPLETED,20,PYPL,OK,0.0,14.0,3.52,0.0,15.0,10.0,42.52,23.37,NO_VERIFIED_CATALYST|RELATIVE_STRENGTH_NEGATIVE,54.61,5898038.0,0.9405583623236639,
radar:2026-09-04:1250,2026-09-04T12:50:00-04:00,COMPLETED,21,MSTR,OK,0.0,11.17,5.78,0.0,15.0,10.0,41.95,22.6,NO_VERIFIED_CATALYST|RELATIVE_STRENGTH_NEGATIVE,143.215,17462308.0,1.2222697084369802,
radar:2026-09-04:1250,2026-09-04T12:50:00-04:00,COMPLETED,22,DASH,OK,0.0,14.0,2.3,0.0,15.0,10.0,41.3,21.73,NO_VERIFIED_CATALYST|RELATIVE_STRENGTH_NEGATIVE,214.87,1702858.0,0.7870211559413548,
radar:2026-09-04:1250,2026-09-04T12:50:00-04:00,COMPLETED,23,PLTR,OK,0.0,14.0,2.25,0.0,15.0,10.0,41.25,21.67,NO_VERIFIED_CATALYST|RELATIVE_STRENGTH_NEGATIVE,175.125,14285096.0,0.7817674822176801,
radar:2026-09-04:1250,2026-09-04T12:50:00-04:00,COMPLETED,24,NOW,OK,0.0,14.0,1.77,0.0,15.0,10.0,40.77,21.03,NO_VERIFIED_CATALYST|RELATIVE_STRENGTH_NEGATIVE,140.39,6751345.0,0.7215508670080895,
radar:2026-09-04:1250,2026-09-04T12:50:00-04:00,COMPLETED,25,GE,OK,0.0,6.52,0.17,8.82,15.0,10.0,40.51,20.68,NO_VERIFIED_CATALYST,335.88,936709.0,0.5213481802189613,
radar:2026-09-04:1250,2026-09-04T12:50:00-04:00,COMPLETED,26,AAPL,OK,0.0,10.24,4.01,0.0,15.0,10.0,39.24,18.99,NO_VERIFIED_CATALYST|RELATIVE_STRENGTH_NEGATIVE,321.01,20220238.0,1.000841848918823,
radar:2026-09-04:1250,2026-09-04T12:50:00-04:00,COMPLETED,27,WDAY,OK,0.0,14.0,0.0,0.0,15.0,10.0,39.0,18.67,NO_VERIFIED_CATALYST|RELATIVE_STRENGTH_NEGATIVE,198.182,1034095.0,0.40248986279765114,
radar:2026-09-04:1250,2026-09-04T12:50:00-04:00,COMPLETED,28,QQQ,OK,0.0,1.78,5.25,6.09,15.0,10.0,38.11,17.48,NO_VERIFIED_CATALYST,719.57,18195168.0,1.1557554509984027,
radar:2026-09-04:1250,2026-09-04T12:50:00-04:00,COMPLETED,29,CSCO,OK,0.0,3.57,0.0,9.08,15.0,10.0,37.65,16.87,NO_VERIFIED_CATALYST,109.44,3812847.0,0.3769019254015917,
radar:2026-09-04:1250,2026-09-04T12:50:00-04:00,COMPLETED,30,XAR,OK,0.0,3.34,6.11,2.91,15.0,10.0,37.36,16.49,NO_VERIFIED_CATALYST|RELATIVE_STRENGTH_NEGATIVE,253.26,134857.0,1.264343287595097,
radar:2026-09-04:1250,2026-09-04T12:50:00-04:00,COMPLETED,31,XLE,OK,0.0,5.8,5.87,0.41,15.0,10.0,37.08,16.1,NO_VERIFIED_CATALYST|RELATIVE_STRENGTH_NEGATIVE,64.18,16089255.0,1.2336371067370278,
radar:2026-09-04:1250,2026-09-04T12:50:00-04:00,COMPLETED,32,AVGO,OK,0.0,1.33,7.31,2.78,15.0,10.0,36.43,15.24,NO_VERIFIED_CATALYST|RELATIVE_STRENGTH_NEGATIVE,356.14,16344692.0,1.4138007563501334,
radar:2026-09-04:1250,2026-09-04T12:50:00-04:00,COMPLETED,33,META,OK,0.0,1.93,2.85,5.64,15.0,10.0,35.42,13.89,NO_VERIFIED_CATALYST,611.84,6925070.0,0.8564063361565385,
radar:2026-09-04:1250,2026-09-04T12:50:00-04:00,COMPLETED,34,ITA,OK,0.0,2.12,4.7,3.44,15.0,10.0,35.26,13.69,NO_VERIFIED_CATALYST,225.58,311981.0,1.0879052380807184,
radar:2026-09-04:1250,2026-09-04T12:50:00-04:00,COMPLETED,35,BAC,OK,0.0,2.78,3.31,4.07,15.0,10.0,35.16,13.55,NO_VERIFIED_CATALYST,62.675,13528054.0,0.9140709178429799,
radar:2026-09-04:1250,2026-09-04T12:50:00-04:00,COMPLETED,36,MRNA,OK,0.0,9.26,0.57,0.0,15.0,10.0,34.82,13.1,LIQUIDITY_WEAK|NO_VERIFIED_CATALYST|RELATIVE_STRENGTH_NEGATIVE,146.13,9681968.0,0.5710156325570724,
radar:2026-09-04:1250,2026-09-04T12:50:00-04:00,COMPLETED,37,NOC,OK,0.0,7.69,1.98,0.0,15.0,10.0,34.67,12.9,NO_VERIFIED_CATALYST|RELATIVE_STRENGTH_NEGATIVE,519.53,250454.0,0.7473196122775321,
radar:2026-09-04:1250,2026-09-04T12:50:00-04:00,COMPLETED,38,MSFT,OK,0.0,8.46,0.67,0.0,15.0,10.0,34.14,12.18,NO_VERIFIED_CATALYST|RELATIVE_STRENGTH_NEGATIVE,500.87,7051639.0,0.5842833247031389,
radar:2026-09-04:1250,2026-09-04T12:50:00-04:00,COMPLETED,39,BA,OK,0.0,2.42,0.91,5.67,15.0,10.0,34.0,11.99,NO_VERIFIED_CATALYST,210.92,1533409.0,0.6132324972757146,
radar:2026-09-04:1250,2026-09-04T12:50:00-04:00,COMPLETED,40,QCOM,OK,0.0,1.18,1.72,6.01,15.0,10.0,33.91,11.88,NO_VERIFIED_CATALYST,168.995,3359375.0,0.7154789616058109,
radar:2026-09-04:1250,2026-09-04T12:50:00-04:00,COMPLETED,41,EBAY,OK,0.0,8.36,0.0,0.0,15.0,10.0,33.36,11.15,NO_VERIFIED_CATALYST|RELATIVE_STRENGTH_NEGATIVE,103.97,963353.0,0.4411235267593857,
radar:2026-09-04:1250,2026-09-04T12:50:00-04:00,COMPLETED,42,REMX,OK,0.0,3.42,2.23,2.68,15.0,10.0,33.34,11.12,NO_VERIFIED_CATALYST|RELATIVE_STRENGTH_NEGATIVE,75.8,237235.0,0.7788792884943637,
radar:2026-09-04:1250,2026-09-04T12:50:00-04:00,COMPLETED,43,ABNB,OK,0.0,7.99,0.0,0.0,15.0,10.0,32.99,10.65,NO_VERIFIED_CATALYST|RELATIVE_STRENGTH_NEGATIVE,182.08,1446504.0,0.48967989599923034,
radar:2026-09-04:1250,2026-09-04T12:50:00-04:00,COMPLETED,44,GLTR,OK,0.0,6.48,1.31,0.0,15.0,10.0,32.78,10.38,NO_VERIFIED_CATALYST|RELATIVE_STRENGTH_NEGATIVE,201.51,20660.0,0.6633779073199519,
radar:2026-09-04:1250,2026-09-04T12:50:00-04:00,COMPLETED,45,GOOGL,OK,0.0,4.8,2.76,0.0,15.0,10.0,32.56,10.08,NO_VERIFIED_CATALYST|RELATIVE_STRENGTH_NEGATIVE,338.74,9572534.0,0.8454491374672576,
radar:2026-09-04:1250,2026-09-04T12:50:00-04:00,COMPLETED,46,DIS,OK,0.0,6.84,0.69,0.0,15.0,10.0,32.52,10.03,NO_VERIFIED_CATALYST|RELATIVE_STRENGTH_NEGATIVE,105.59,2352525.0,0.5857445958397014,
radar:2026-09-04:1250,2026-09-04T12:50:00-04:00,COMPLETED,47,MS,OK,0.0,3.76,0.07,3.57,15.0,10.0,32.4,9.87,NO_VERIFIED_CATALYST,216.815,1014735.0,0.5083116866857977,
radar:2026-09-04:1250,2026-09-04T12:50:00-04:00,COMPLETED,48,JPM,OK,0.0,5.35,2.04,0.0,15.0,10.0,32.39,9.86,NO_VERIFIED_CATALYST|RELATIVE_STRENGTH_NEGATIVE,358.275,2107323.0,0.7552090629651481,
radar:2026-09-04:1250,2026-09-04T12:50:00-04:00,COMPLETED,49,IBKR,OK,0.0,5.34,0.0,1.72,15.0,10.0,32.06,9.41,NO_VERIFIED_CATALYST|RELATIVE_STRENGTH_NEGATIVE,92.52,908489.0,0.4269913761307896,
radar:2026-09-04:1250,2026-09-04T12:50:00-04:00,COMPLETED,50,CVX,OK,0.0,6.48,0.19,0.0,15.0,10.0,31.68,8.91,NO_VERIFIED_CATALYST|RELATIVE_STRENGTH_NEGATIVE,209.16,2117270.0,0.5242756041943837,
radar:2026-09-04:1250,2026-09-04T12:50:00-04:00,COMPLETED,51,LHX,OK,0.0,5.73,0.92,0.0,15.0,10.0,31.65,8.87,NO_VERIFIED_CATALYST|RELATIVE_STRENGTH_NEGATIVE,257.685,497776.0,0.614669673676962,
radar:2026-09-04:1250,2026-09-04T12:50:00-04:00,COMPLETED,52,SPY,OK,0.0,1.35,2.14,3.0,15.0,10.0,31.49,8.66,NO_VERIFIED_CATALYST,771.24,14492582.0,0.7679962842706461,
radar:2026-09-04:1250,2026-09-04T12:50:00-04:00,COMPLETED,53,VOO,OK,0.0,1.15,2.29,3.02,15.0,10.0,31.45,8.61,NO_VERIFIED_CATALYST,708.97,2620009.0,0.7856800110379388,
radar:2026-09-04:1250,2026-09-04T12:50:00-04:00,COMPLETED,54,GS,OK,0.0,3.73,0.2,2.41,15.0,10.0,31.34,8.45,NO_VERIFIED_CATALYST|RELATIVE_STRENGTH_NEGATIVE,1034.325,487375.0,0.5243966837899642,
radar:2026-09-04:1250,2026-09-04T12:50:00-04:00,COMPLETED,55,AMZN,OK,0.0,3.24,2.45,0.33,15.0,10.0,31.02,8.02,NO_VERIFIED_CATALYST|RELATIVE_STRENGTH_NEGATIVE,257.1,13578364.0,0.8059599354561802,
radar:2026-09-04:1250,2026-09-04T12:50:00-04:00,COMPLETED,56,ONDS,OK,0.0,5.01,0.67,0.0,15.0,10.0,30.68,7.57,NO_VERIFIED_CATALYST|RELATIVE_STRENGTH_NEGATIVE,7.568,21646283.0,0.5835788251576374,
radar:2026-09-04:1250,2026-09-04T12:50:00-04:00,COMPLETED,57,UBER,OK,0.0,2.21,1.74,1.65,15.0,10.0,30.61,7.47,NO_VERIFIED_CATALYST|RELATIVE_STRENGTH_NEGATIVE,75.6,6035520.0,0.7174591519163358,
radar:2026-09-04:1250,2026-09-04T12:50:00-04:00,COMPLETED,58,V,OK,0.0,5.1,0.0,0.4,15.0,10.0,30.5,7.33,NO_VERIFIED_CATALYST|RELATIVE_STRENGTH_NEGATIVE,376.165,1232294.0,0.36166345306406894,
radar:2026-09-04:1250,2026-09-04T12:50:00-04:00,COMPLETED,59,PG,OK,0.0,1.16,0.26,3.84,15.0,10.0,30.26,7.02,NO_VERIFIED_CATALYST,146.76,2446038.0,0.5322589843391782,
radar:2026-09-04:1250,2026-09-04T12:50:00-04:00,COMPLETED,60,WMT,OK,0.0,4.24,0.47,0.0,15.0,10.0,29.71,6.29,NO_VERIFIED_CATALYST|RELATIVE_STRENGTH_NEGATIVE,107.435,7985312.0,0.559317817567722,
radar:2026-09-04:1320,2026-09-04T13:20:00-04:00,DATA_UNAVAILABLE,,NVDA,MISSING,,,,,,,,,ADV_TOO_LOW,,,,
radar:2026-09-04:1320,2026-09-04T13:20:00-04:00,DATA_UNAVAILABLE,,AVGO,MISSING,,,,,,,,,ADV_TOO_LOW,,,,
radar:2026-09-04:1320,2026-09-04T13:20:00-04:00,DATA_UNAVAILABLE,,DELL,MISSING,,,,,,,,,ADV_TOO_LOW,,,,
radar:2026-09-04:1320,2026-09-04T13:20:00-04:00,DATA_UNAVAILABLE,,AAPL,MISSING,,,,,,,,,ADV_TOO_LOW,,,,
radar:2026-09-04:1320,2026-09-04T13:20:00-04:00,DATA_UNAVAILABLE,,TXN,MISSING,,,,,,,,,ADV_TOO_LOW,,,,
radar:2026-09-04:1320,2026-09-04T13:20:00-04:00,DATA_UNAVAILABLE,,CDNS,MISSING,,,,,,,,,ADV_TOO_LOW,,,,
radar:2026-09-04:1320,2026-09-04T13:20:00-04:00,DATA_UNAVAILABLE,,SNPS,MISSING,,,,,,,,,ADV_TOO_LOW,,,,
radar:2026-09-04:1320,2026-09-04T13:20:00-04:00,DATA_UNAVAILABLE,,ORCL,MISSING,,,,,,,,,ADV_TOO_LOW,,,,
radar:2026-09-04:1320,2026-09-04T13:20:00-04:00,DATA_UNAVAILABLE,,NOW,MISSING,,,,,,,,,ADV_TOO_LOW,,,,
radar:2026-09-04:1320,2026-09-04T13:20:00-04:00,DATA_UNAVAILABLE,,ADBE,MISSING,,,,,,,,,ADV_TOO_LOW,,,,
radar:2026-09-04:1320,2026-09-04T13:20:00-04:00,DATA_UNAVAILABLE,,WDAY,MISSING,,,,,,,,,ADV_TOO_LOW,,,,
radar:2026-09-04:1320,2026-09-04T13:20:00-04:00,DATA_UNAVAILABLE,,MSFT,MISSING,,,,,,,,,ADV_TOO_LOW,,,,
radar:2026-09-04:1320,2026-09-04T13:20:00-04:00,DATA_UNAVAILABLE,,AMZN,MISSING,,,,,,,,,ADV_TOO_LOW,,,,
radar:2026-09-04:1320,2026-09-04T13:20:00-04:00,DATA_UNAVAILABLE,,BA,MISSING,,,,,,,,,ADV_TOO_LOW,,,,
radar:2026-09-04:1320,2026-09-04T13:20:00-04:00,DATA_UNAVAILABLE,,AMD,MISSING,,,,,,,,,ADV_TOO_LOW,,,,
radar:2026-09-04:1320,2026-09-04T13:20:00-04:00,DATA_UNAVAILABLE,,INTC,MISSING,,,,,,,,,ADV_TOO_LOW,,,,
radar:2026-09-04:1320,2026-09-04T13:20:00-04:00,DATA_UNAVAILABLE,,MRVL,MISSING,,,,,,,,,ADV_TOO_LOW,,,,
radar:2026-09-04:1320,2026-09-04T13:20:00-04:00,DATA_UNAVAILABLE,,MRNA,MISSING,,,,,,,,,ADV_TOO_LOW,,,,
radar:2026-09-04:1320,2026-09-04T13:20:00-04:00,DATA_UNAVAILABLE,,SNDK,MISSING,,,,,,,,,ADV_TOO_LOW,,,,
radar:2026-09-04:1320,2026-09-04T13:20:00-04:00,DATA_UNAVAILABLE,,GOOGL,MISSING,,,,,,,,,ADV_TOO_LOW,,,,
radar:2026-09-04:1320,2026-09-04T13:20:00-04:00,DATA_UNAVAILABLE,,GS,MISSING,,,,,,,,,ADV_TOO_LOW,,,,
radar:2026-09-04:1320,2026-09-04T13:20:00-04:00,DATA_UNAVAILABLE,,ABNB,MISSING,,,,,,,,,ADV_TOO_LOW,,,,
radar:2026-09-04:1320,2026-09-04T13:20:00-04:00,DATA_UNAVAILABLE,,DASH,MISSING,,,,,,,,,ADV_TOO_LOW,,,,
radar:2026-09-04:1320,2026-09-04T13:20:00-04:00,DATA_UNAVAILABLE,,MU,MISSING,,,,,,,,,ADV_TOO_LOW,,,,
radar:2026-09-04:1320,2026-09-04T13:20:00-04:00,DATA_UNAVAILABLE,,GE,MISSING,,,,,,,,,ADV_TOO_LOW,,,,
radar:2026-09-04:1320,2026-09-04T13:20:00-04:00,DATA_UNAVAILABLE,,JPM,MISSING,,,,,,,,,ADV_TOO_LOW,,,,
radar:2026-09-04:1320,2026-09-04T13:20:00-04:00,DATA_UNAVAILABLE,,BAC,MISSING,,,,,,,,,ADV_TOO_LOW,,,,
radar:2026-09-04:1320,2026-09-04T13:20:00-04:00,DATA_UNAVAILABLE,,MS,MISSING,,,,,,,,,ADV_TOO_LOW,,,,
radar:2026-09-04:1320,2026-09-04T13:20:00-04:00,DATA_UNAVAILABLE,,WMT,MISSING,,,,,,,,,ADV_TOO_LOW,,,,
radar:2026-09-04:1320,2026-09-04T13:20:00-04:00,DATA_UNAVAILABLE,,COIN,MISSING,,,,,,,,,ADV_TOO_LOW,,,,
radar:2026-09-04:1320,2026-09-04T13:20:00-04:00,DATA_UNAVAILABLE,,HOOD,MISSING,,,,,,,,,ADV_TOO_LOW,,,,
radar:2026-09-04:1320,2026-09-04T13:20:00-04:00,DATA_UNAVAILABLE,,PLTR,MISSING,,,,,,,,,ADV_TOO_LOW,,,,
radar:2026-09-04:1320,2026-09-04T13:20:00-04:00,DATA_UNAVAILABLE,,MSTR,MISSING,,,,,,,,,ADV_TOO_LOW,,,,
radar:2026-09-04:1320,2026-09-04T13:20:00-04:00,DATA_UNAVAILABLE,,META,MISSING,,,,,,,,,ADV_TOO_LOW,,,,
radar:2026-09-04:1320,2026-09-04T13:20:00-04:00,DATA_UNAVAILABLE,,NFLX,MISSING,,,,,,,,,ADV_TOO_LOW,,,,
radar:2026-09-04:1320,2026-09-04T13:20:00-04:00,DATA_UNAVAILABLE,,UBER,MISSING,,,,,,,,,ADV_TOO_LOW,,,,
radar:2026-09-04:1320,2026-09-04T13:20:00-04:00,DATA_UNAVAILABLE,,PYPL,MISSING,,,,,,,,,ADV_TOO_LOW,,,,
radar:2026-09-04:1320,2026-09-04T13:20:00-04:00,DATA_UNAVAILABLE,,V,MISSING,,,,,,,,,ADV_TOO_LOW,,,,
radar:2026-09-04:1320,2026-09-04T13:20:00-04:00,DATA_UNAVAILABLE,,EBAY,MISSING,,,,,,,,,ADV_TOO_LOW,,,,
radar:2026-09-04:1320,2026-09-04T13:20:00-04:00,DATA_UNAVAILABLE,,DIS,MISSING,,,,,,,,,ADV_TOO_LOW,,,,
radar:2026-09-04:1320,2026-09-04T13:20:00-04:00,DATA_UNAVAILABLE,,PG,MISSING,,,,,,,,,ADV_TOO_LOW,,,,
radar:2026-09-04:1320,2026-09-04T13:20:00-04:00,DATA_UNAVAILABLE,,CVX,MISSING,,,,,,,,,ADV_TOO_LOW,,,,
radar:2026-09-04:1320,2026-09-04T13:20:00-04:00,DATA_UNAVAILABLE,,QCOM,MISSING,,,,,,,,,ADV_TOO_LOW,,,,
radar:2026-09-04:1320,2026-09-04T13:20:00-04:00,DATA_UNAVAILABLE,,AMAT,MISSING,,,,,,,,,ADV_TOO_LOW,,,,
radar:2026-09-04:1320,2026-09-04T13:20:00-04:00,DATA_UNAVAILABLE,,TSLA,MISSING,,,,,,,,,ADV_TOO_LOW,,,,
radar:2026-09-04:1320,2026-09-04T13:20:00-04:00,DATA_UNAVAILABLE,,CSCO,MISSING,,,,,,,,,ADV_TOO_LOW,,,,
radar:2026-09-04:1320,2026-09-04T13:20:00-04:00,DATA_UNAVAILABLE,,ALAB,MISSING,,,,,,,,,ADV_TOO_LOW,,,,
radar:2026-09-04:1320,2026-09-04T13:20:00-04:00,DATA_UNAVAILABLE,,IBKR,MISSING,,,,,,,,,ADV_TOO_LOW,,,,
radar:2026-09-04:1320,2026-09-04T13:20:00-04:00,DATA_UNAVAILABLE,,LHX,MISSING,,,,,,,,,ADV_TOO_LOW,,,,
radar:2026-09-04:1320,2026-09-04T13:20:00-04:00,DATA_UNAVAILABLE,,NOC,MISSING,,,,,,,,,ADV_TOO_LOW,,,,
radar:2026-09-04:1320,2026-09-04T13:20:00-04:00,DATA_UNAVAILABLE,,ONDS,MISSING,,,,,,,,,ADV_TOO_LOW,,,,
radar:2026-09-04:1320,2026-09-04T13:20:00-04:00,DATA_UNAVAILABLE,,SPY,MISSING,,,,,,,,,ADV_TOO_LOW,,,,
radar:2026-09-04:1320,2026-09-04T13:20:00-04:00,DATA_UNAVAILABLE,,QQQ,MISSING,,,,,,,,,ADV_TOO_LOW,,,,
radar:2026-09-04:1320,2026-09-04T13:20:00-04:00,DATA_UNAVAILABLE,,VOO,MISSING,,,,,,,,,ADV_TOO_LOW,,,,
radar:2026-09-04:1320,2026-09-04T13:20:00-04:00,DATA_UNAVAILABLE,,IBIT,MISSING,,,,,,,,,ADV_TOO_LOW,,,,
radar:2026-09-04:1320,2026-09-04T13:20:00-04:00,DATA_UNAVAILABLE,,XLE,MISSING,,,,,,,,,ADV_TOO_LOW,,,,
radar:2026-09-04:1320,2026-09-04T13:20:00-04:00,DATA_UNAVAILABLE,,GLTR,MISSING,,,,,,,,,ADV_TOO_LOW,,,,
radar:2026-09-04:1320,2026-09-04T13:20:00-04:00,DATA_UNAVAILABLE,,REMX,MISSING,,,,,,,,,ADV_TOO_LOW,,,,
radar:2026-09-04:1320,2026-09-04T13:20:00-04:00,DATA_UNAVAILABLE,,ITA,MISSING,,,,,,,,,ADV_TOO_LOW,,,,
radar:2026-09-04:1320,2026-09-04T13:20:00-04:00,DATA_UNAVAILABLE,,XAR,MISSING,,,,,,,,,ADV_TOO_LOW,,,,
radar:2026-09-04:1350,2026-09-04T13:50:00-04:00,COMPLETED,1,SNDK,OK,0.0,20.0,6.78,15.0,15.0,10.0,66.78,55.71,NO_VERIFIED_CATALYST|RISK_TOO_SMALL,1717.15,11820126.0,1.3475750631980674,
radar:2026-09-04:1350,2026-09-04T13:50:00-04:00,COMPLETED,2,ALAB,OK,0.0,14.0,11.92,15.0,15.0,10.0,65.92,54.55,NO_VERIFIED_CATALYST|ADV_TOO_LOW,312.1,4298735.0,1.9895100747760512,
radar:2026-09-04:1350,2026-09-04T13:50:00-04:00,COMPLETED,3,MU,OK,0.0,16.12,6.83,15.0,15.0,10.0,62.95,50.6,NO_VERIFIED_CATALYST|SCORE_BELOW_PLAN_THRESHOLD,998.76,24971905.0,1.3537234383794774,
radar:2026-09-04:1350,2026-09-04T13:50:00-04:00,COMPLETED,4,MRVL,OK,0.0,20.0,2.71,15.0,15.0,10.0,62.71,50.28,NO_VERIFIED_CATALYST|SCORE_BELOW_PLAN_THRESHOLD,221.16,13641777.0,0.839016777836016,
radar:2026-09-04:1350,2026-09-04T13:50:00-04:00,COMPLETED,5,AMD,OK,0.0,17.8,4.66,15.0,15.0,10.0,62.47,49.95,NO_VERIFIED_CATALYST|SCORE_BELOW_PLAN_THRESHOLD,472.925,12885193.0,1.082721549090515,
radar:2026-09-04:1350,2026-09-04T13:50:00-04:00,COMPLETED,6,DELL,OK,0.0,14.7,7.38,15.0,15.0,10.0,62.08,49.44,NO_VERIFIED_CATALYST,526.525,7607384.0,1.4224343845906688,
radar:2026-09-04:1350,2026-09-04T13:50:00-04:00,COMPLETED,7,INTC,OK,0.0,14.4,3.68,15.0,15.0,10.0,58.08,44.11,NO_VERIFIED_CATALYST,94.585,61979960.0,0.9601862436943782,
radar:2026-09-04:1350,2026-09-04T13:50:00-04:00,COMPLETED,8,ORCL,OK,0.0,10.63,5.02,15.0,15.0,10.0,55.66,40.88,NO_VERIFIED_CATALYST,157.55,16948080.0,1.1279503211416186,
radar:2026-09-04:1350,2026-09-04T13:50:00-04:00,COMPLETED,9,AMAT,OK,0.0,14.0,1.51,15.0,15.0,10.0,55.51,40.68,NO_VERIFIED_CATALYST,451.73,3384716.0,0.6890487767142728,
radar:2026-09-04:1350,2026-09-04T13:50:00-04:00,COMPLETED,10,SNPS,OK,0.0,14.82,11.48,0.0,15.0,10.0,51.3,35.07,NO_VERIFIED_CATALYST|RELATIVE_STRENGTH_NEGATIVE,392.87,2146360.0,1.93498806358525,
radar:2026-09-04:1350,2026-09-04T13:50:00-04:00,COMPLETED,11,CDNS,OK,0.0,14.0,11.36,0.0,15.0,10.0,50.36,33.82,NO_VERIFIED_CATALYST|RELATIVE_STRENGTH_NEGATIVE,292.25,2737524.0,1.920503170807468,
radar:2026-09-04:1350,2026-09-04T13:50:00-04:00,COMPLETED,12,TSLA,OK,0.0,14.0,11.23,0.0,15.0,10.0,50.23,33.64,NO_VERIFIED_CATALYST|RELATIVE_STRENGTH_NEGATIVE,352.285,46529140.0,1.9038244700883573,
radar:2026-09-04:1350,2026-09-04T13:50:00-04:00,COMPLETED,13,ADBE,OK,0.0,16.71,8.17,0.0,15.0,10.0,49.88,33.18,NO_VERIFIED_CATALYST|RELATIVE_STRENGTH_NEGATIVE,268.688,4284761.0,1.5213211393653128,
radar:2026-09-04:1350,2026-09-04T13:50:00-04:00,COMPLETED,14,TXN,OK,0.0,6.66,0.0,14.47,15.0,10.0,46.13,28.17,NO_VERIFIED_CATALYST,257.45,1654231.0,0.44656639330190323,
radar:2026-09-04:1350,2026-09-04T13:50:00-04:00,COMPLETED,15,NFLX,OK,0.0,14.0,6.07,0.0,15.0,10.0,45.07,26.76,NO_VERIFIED_CATALYST|RELATIVE_STRENGTH_NEGATIVE,78.985,22895132.0,1.2591144674042913,
radar:2026-09-04:1350,2026-09-04T13:50:00-04:00,COMPLETED,16,MSTR,OK,0.0,15.02,4.37,0.0,15.0,10.0,44.39,25.85,NO_VERIFIED_CATALYST|RELATIVE_STRENGTH_NEGATIVE,142.02,19425581.0,1.0459156324814485,
radar:2026-09-04:1350,2026-09-04T13:50:00-04:00,COMPLETED,17,NVDA,OK,0.0,3.83,4.64,10.84,15.0,10.0,44.31,25.75,NO_VERIFIED_CATALYST,230.325,91737570.0,1.0800991776425128,
radar:2026-09-04:1350,2026-09-04T13:50:00-04:00,COMPLETED,18,IBIT,OK,0.0,14.31,4.44,0.0,15.0,10.0,43.75,25.0,NO_VERIFIED_CATALYST|RELATIVE_STRENGTH_NEGATIVE,45.01,41112047.0,1.055600720799202,
radar:2026-09-04:1350,2026-09-04T13:50:00-04:00,COMPLETED,19,PYPL,OK,0.0,14.0,2.41,0.0,15.0,10.0,41.41,21.88,NO_VERIFIED_CATALYST|RELATIVE_STRENGTH_NEGATIVE,54.61,6530117.0,0.801044010852126,
radar:2026-09-04:1350,2026-09-04T13:50:00-04:00,COMPLETED,20,COIN,OK,0.0,14.0,2.33,0.0,15.0,10.0,41.33,21.78,NO_VERIFIED_CATALYST|RELATIVE_STRENGTH_NEGATIVE,184.39,5254350.0,0.7915342233666707,
radar:2026-09-04:1350,2026-09-04T13:50:00-04:00,COMPLETED,21,DASH,OK,0.0,14.0,1.67,0.0,15.0,10.0,40.67,20.89,NO_VERIFIED_CATALYST|RELATIVE_STRENGTH_NEGATIVE,214.12,1993467.0,0.7087192937827125,
radar:2026-09-04:1350,2026-09-04T13:50:00-04:00,COMPLETED,22,HOOD,OK,0.0,9.37,6.21,0.0,15.0,10.0,40.59,20.78,NO_VERIFIED_CATALYST|RELATIVE_STRENGTH_NEGATIVE,123.08,17298622.0,1.276620120369851,
radar:2026-09-04:1350,2026-09-04T13:50:00-04:00,COMPLETED,23,PLTR,OK,0.0,14.0,1.5,0.0,15.0,10.0,40.5,20.67,NO_VERIFIED_CATALYST|RELATIVE_STRENGTH_NEGATIVE,174.23,16344299.0,0.6880467845354395,
radar:2026-09-04:1350,2026-09-04T13:50:00-04:00,COMPLETED,24,GE,OK,0.0,5.04,0.0,9.62,15.0,10.0,39.66,19.55,NO_VERIFIED_CATALYST,335.54,1100939.0,0.4713501590196413,
radar:2026-09-04:1350,2026-09-04T13:50:00-04:00,COMPLETED,25,NOW,OK,0.0,13.54,1.05,0.0,15.0,10.0,39.6,19.46,NO_VERIFIED_CATALYST|RELATIVE_STRENGTH_NEGATIVE,141.365,7685160.0,0.6318104394574506,
radar:2026-09-04:1350,2026-09-04T13:50:00-04:00,COMPLETED,26,WDAY,OK,0.0,14.0,0.0,0.0,15.0,10.0,39.0,18.67,NO_VERIFIED_CATALYST|RELATIVE_STRENGTH_NEGATIVE,198.11,1223136.0,0.3662068717978285,
radar:2026-09-04:1350,2026-09-04T13:50:00-04:00,COMPLETED,27,UBER,OK,0.0,4.72,1.28,7.5,15.0,10.0,38.5,18.0,NO_VERIFIED_CATALYST,76.16,7219618.0,0.660167192415464,
radar:2026-09-04:1350,2026-09-04T13:50:00-04:00,COMPLETED,28,AAPL,OK,0.0,10.15,2.97,0.0,15.0,10.0,38.12,17.49,NO_VERIFIED_CATALYST|RELATIVE_STRENGTH_NEGATIVE,321.07,22874133.0,0.8709256228307817,
radar:2026-09-04:1350,2026-09-04T13:50:00-04:00,COMPLETED,29,NOC,OK,0.0,10.87,1.45,0.0,15.0,10.0,37.32,16.43,NO_VERIFIED_CATALYST|RELATIVE_STRENGTH_NEGATIVE,515.94,296963.0,0.6816131837077712,
radar:2026-09-04:1350,2026-09-04T13:50:00-04:00,COMPLETED,30,CSCO,OK,0.0,2.49,0.0,9.12,15.0,10.0,36.61,15.49,NO_VERIFIED_CATALYST,109.19,4721642.0,0.35902878161740526,
radar:2026-09-04:1350,2026-09-04T13:50:00-04:00,COMPLETED,31,AVGO,OK,0.0,3.25,5.98,1.73,15.0,10.0,35.97,14.63,NO_VERIFIED_CATALYST|RELATIVE_STRENGTH_NEGATIVE,354.67,18752698.0,1.2477640264167058,
radar:2026-09-04:1350,2026-09-04T13:50:00-04:00,COMPLETED,32,XLE,OK,0.0,5.37,4.42,1.04,15.0,10.0,35.84,14.45,NO_VERIFIED_CATALYST|RELATIVE_STRENGTH_NEGATIVE,64.095,17853543.0,1.0530115516460699,
radar:2026-09-04:1350,2026-09-04T13:50:00-04:00,COMPLETED,33,MRNA,OK,0.0,10.6,0.0,0.0,15.0,10.0,35.6,14.13,NO_VERIFIED_CATALYST|RELATIVE_STRENGTH_NEGATIVE,145.49,10846096.0,0.4920565661862874,
radar:2026-09-04:1350,2026-09-04T13:50:00-04:00,COMPLETED,34,QQQ,OK,0.0,0.46,4.6,5.33,15.0,10.0,35.39,13.85,NO_VERIFIED_CATALYST,716.97,21998508.0,1.0748808849034373,
radar:2026-09-04:1350,2026-09-04T13:50:00-04:00,COMPLETED,35,BAC,OK,0.0,2.47,2.37,5.3,15.0,10.0,35.14,13.52,NO_VERIFIED_CATALYST,62.655,15310782.0,0.7957912667242202,
radar:2026-09-04:1350,2026-09-04T13:50:00-04:00,COMPLETED,36,MS,OK,0.0,3.64,0.0,6.0,15.0,10.0,34.64,12.86,NO_VERIFIED_CATALYST,217.18,1169355.0,0.4505894965656394,
radar:2026-09-04:1350,2026-09-04T13:50:00-04:00,COMPLETED,37,GS,OK,0.0,3.63,0.0,5.84,15.0,10.0,34.47,12.63,NO_VERIFIED_CATALYST,1037.8,591948.0,0.489933886159184,
radar:2026-09-04:1350,2026-09-04T13:50:00-04:00,COMPLETED,38,EBAY,OK,0.0,9.17,0.0,0.0,15.0,10.0,34.17,12.23,NO_VERIFIED_CATALYST|RELATIVE_STRENGTH_NEGATIVE,103.78,1155709.0,0.40708068298870054,
radar:2026-09-04:1350,2026-09-04T13:50:00-04:00,COMPLETED,39,XAR,OK,0.0,4.28,4.39,0.41,15.0,10.0,34.09,12.12,NO_VERIFIED_CATALYST|RELATIVE_STRENGTH_NEGATIVE,251.6,145462.0,1.0490551011491038,
radar:2026-09-04:1350,2026-09-04T13:50:00-04:00,COMPLETED,40,ITA,OK,0.0,2.84,3.78,2.27,15.0,10.0,33.88,11.85,NO_VERIFIED_CATALYST|RELATIVE_STRENGTH_NEGATIVE,224.605,362440.0,0.9722014761429351,
radar:2026-09-04:1350,2026-09-04T13:50:00-04:00,COMPLETED,41,LHX,OK,0.0,8.14,0.67,0.0,15.0,10.0,33.8,11.74,NO_VERIFIED_CATALYST|RELATIVE_STRENGTH_NEGATIVE,256.34,613974.0,0.5831966839548481,
radar:2026-09-04:1350,2026-09-04T13:50:00-04:00,COMPLETED,42,MSFT,OK,0.0,8.4,0.08,0.0,15.0,10.0,33.48,11.31,NO_VERIFIED_CATALYST|RELATIVE_STRENGTH_NEGATIVE,500.935,8005175.0,0.5102247054240656,
radar:2026-09-04:1350,2026-09-04T13:50:00-04:00,COMPLETED,43,ABNB,OK,0.0,7.99,0.0,0.0,15.0,10.0,32.99,10.65,NO_VERIFIED_CATALYST|RELATIVE_STRENGTH_NEGATIVE,182.37,1676180.0,0.4364862045794734,
radar:2026-09-04:1350,2026-09-04T13:50:00-04:00,COMPLETED,44,QCOM,OK,0.0,0.36,1.19,6.38,15.0,10.0,32.93,10.58,NO_VERIFIED_CATALYST,168.7,3961484.0,0.6490131863380313,
radar:2026-09-04:1350,2026-09-04T13:50:00-04:00,COMPLETED,45,GLTR,OK,0.0,6.22,1.43,0.0,15.0,10.0,32.65,10.2,NO_VERIFIED_CATALYST|RELATIVE_STRENGTH_NEGATIVE,200.8,27486.0,0.6788900777789266,
radar:2026-09-04:1350,2026-09-04T13:50:00-04:00,COMPLETED,46,META,OK,0.0,0.7,1.86,5.01,15.0,10.0,32.58,10.1,NO_VERIFIED_CATALYST,609.76,7702064.0,0.732689654743191,
radar:2026-09-04:1350,2026-09-04T13:50:00-04:00,COMPLETED,47,JPM,OK,0.0,5.46,1.18,0.55,15.0,10.0,32.18,9.58,NO_VERIFIED_CATALYST|RELATIVE_STRENGTH_NEGATIVE,358.82,2347653.0,0.6471831831893812,
radar:2026-09-04:1350,2026-09-04T13:50:00-04:00,COMPLETED,48,GOOGL,OK,0.0,5.15,1.89,0.0,15.0,10.0,32.04,9.39,NO_VERIFIED_CATALYST|RELATIVE_STRENGTH_NEGATIVE,338.48,10834481.0,0.7360815166770857,
radar:2026-09-04:1350,2026-09-04T13:50:00-04:00,COMPLETED,49,DIS,OK,0.0,6.64,0.28,0.0,15.0,10.0,31.92,9.22,NO_VERIFIED_CATALYST|RELATIVE_STRENGTH_NEGATIVE,105.82,2792689.0,0.5348769094861625,
radar:2026-09-04:1350,2026-09-04T13:50:00-04:00,COMPLETED,50,SPY,OK,0.0,2.27,1.46,3.0,15.0,10.0,31.73,8.97,NO_VERIFIED_CATALYST,769.41,16729835.0,0.6819652455343826,
radar:2026-09-04:1350,2026-09-04T13:50:00-04:00,COMPLETED,51,VOO,OK,0.0,2.25,1.42,3.02,15.0,10.0,31.69,8.92,NO_VERIFIED_CATALYST,707.29,2935334.0,0.6771075843525528,
radar:2026-09-04:1350,2026-09-04T13:50:00-04:00,COMPLETED,52,ONDS,OK,0.0,4.9,0.43,1.2,15.0,10.0,31.52,8.7,NO_VERIFIED_CATALYST|RELATIVE_STRENGTH_NEGATIVE,7.57,26675274.0,0.5532001825801054,
radar:2026-09-04:1350,2026-09-04T13:50:00-04:00,COMPLETED,53,AMZN,OK,0.0,3.32,1.53,1.65,15.0,10.0,31.5,8.66,NO_VERIFIED_CATALYST|RELATIVE_STRENGTH_NEGATIVE,257.06,15126279.0,0.6906457530998396,
radar:2026-09-04:1350,2026-09-04T13:50:00-04:00,COMPLETED,54,REMX,OK,0.0,3.81,1.51,1.03,15.0,10.0,31.34,8.45,NO_VERIFIED_CATALYST|RELATIVE_STRENGTH_NEGATIVE,75.41,272669.0,0.6886275460141804,
radar:2026-09-04:1350,2026-09-04T13:50:00-04:00,COMPLETED,55,BA,OK,0.0,1.02,0.42,4.61,15.0,10.0,31.04,8.06,NO_VERIFIED_CATALYST,210.05,1794819.0,0.55213470285978,
radar:2026-09-04:1350,2026-09-04T13:50:00-04:00,COMPLETED,56,CVX,OK,0.0,5.97,0.0,0.0,15.0,10.0,30.97,7.96,NO_VERIFIED_CATALYST|RELATIVE_STRENGTH_NEGATIVE,208.73,2494954.0,0.47522926905552837,
radar:2026-09-04:1350,2026-09-04T13:50:00-04:00,COMPLETED,57,V,OK,0.0,4.65,0.0,1.06,15.0,10.0,30.72,7.62,NO_VERIFIED_CATALYST|RELATIVE_STRENGTH_NEGATIVE,375.685,1425124.0,0.321736384338,
radar:2026-09-04:1350,2026-09-04T13:50:00-04:00,COMPLETED,58,IBKR,OK,0.0,4.56,0.0,1.08,15.0,10.0,30.64,7.52,NO_VERIFIED_CATALYST|RELATIVE_STRENGTH_NEGATIVE,92.2,1032011.0,0.3731135226006977,
radar:2026-09-04:1350,2026-09-04T13:50:00-04:00,COMPLETED,59,PG,OK,0.0,1.79,0.0,3.61,15.0,10.0,30.41,7.21,NO_VERIFIED_CATALYST,146.355,2902346.0,0.48580974116763775,
radar:2026-09-04:1350,2026-09-04T13:50:00-04:00,COMPLETED,60,WMT,OK,0.0,4.52,0.11,0.11,15.0,10.0,29.73,6.31,NO_VERIFIED_CATALYST|RELATIVE_STRENGTH_NEGATIVE,107.37,9524509.0,0.5131763031804357,
radar:2026-09-04:1420,2026-09-04T14:20:00-04:00,COMPLETED,1,ALAB,OK,0.0,16.04,10.63,15.0,15.0,10.0,66.66,55.55,NO_VERIFIED_CATALYST|ADV_TOO_LOW,314.02,4406480.0,1.828404280808157,
radar:2026-09-04:1420,2026-09-04T14:20:00-04:00,COMPLETED,2,SNDK,OK,0.0,20.0,5.99,15.0,15.0,10.0,65.99,54.65,NO_VERIFIED_CATALYST|RISK_TOO_SMALL,1719.67,12215568.0,1.2485889357453683,
radar:2026-09-04:1420,2026-09-04T14:20:00-04:00,COMPLETED,3,MRVL,OK,0.0,20.0,2.33,15.0,15.0,10.0,62.33,49.77,NO_VERIFIED_CATALYST|SCORE_BELOW_PLAN_THRESHOLD,221.86,14345808.0,0.7910422326005312,
radar:2026-09-04:1420,2026-09-04T14:20:00-04:00,COMPLETED,4,MU,OK,0.0,16.23,6.04,15.0,15.0,10.0,62.27,49.7,NO_VERIFIED_CATALYST|SCORE_BELOW_PLAN_THRESHOLD,999.055,25827375.0,1.2552594494554636,
radar:2026-09-04:1420,2026-09-04T14:20:00-04:00,COMPLETED,5,DELL,OK,0.0,15.09,6.69,15.0,15.0,10.0,61.77,49.03,NO_VERIFIED_CATALYST|SCORE_BELOW_PLAN_THRESHOLD,526.85,7969990.0,1.3360713042704433,
radar:2026-09-04:1420,2026-09-04T14:20:00-04:00,COMPLETED,6,AMD,OK,0.0,16.51,4.06,15.0,15.0,10.0,60.57,47.43,NO_VERIFIED_CATALYST,472.0,13370237.0,1.007256120269592,
radar:2026-09-04:1420,2026-09-04T14:20:00-04:00,COMPLETED,7,INTC,OK,0.0,14.0,3.29,15.0,15.0,10.0,57.29,43.05,NO_VERIFIED_CATALYST,94.458,65571667.0,0.9107420093575763,
radar:2026-09-04:1420,2026-09-04T14:20:00-04:00,COMPLETED,8,ORCL,OK,0.0,12.3,4.5,15.0,15.0,10.0,56.8,42.4,NO_VERIFIED_CATALYST,158.1,17801808.0,1.0622054768718538,
radar:2026-09-04:1420,2026-09-04T14:20:00-04:00,COMPLETED,9,AMAT,OK,0.0,14.78,1.26,15.0,15.0,10.0,56.04,41.39,NO_VERIFIED_CATALYST,454.79,3605623.0,0.6580865334869134,
radar:2026-09-04:1420,2026-09-04T14:20:00-04:00,COMPLETED,10,CDNS,OK,0.0,14.0,10.59,0.0,15.0,10.0,49.59,32.79,NO_VERIFIED_CATALYST|RELATIVE_STRENGTH_NEGATIVE,292.95,2900526.0,1.8243527378786113,
radar:2026-09-04:1420,2026-09-04T14:20:00-04:00,COMPLETED,11,TSLA,OK,0.0,14.0,10.39,0.0,15.0,10.0,49.39,32.52,NO_VERIFIED_CATALYST|RELATIVE_STRENGTH_NEGATIVE,353.74,49029685.0,1.798605590141929,
radar:2026-09-04:1420,2026-09-04T14:20:00-04:00,COMPLETED,12,SNPS,OK,0.0,14.0,10.38,0.0,15.0,10.0,49.38,32.51,NO_VERIFIED_CATALYST|RELATIVE_STRENGTH_NEGATIVE,391.08,2223796.0,1.797403676550209,
radar:2026-09-04:1420,2026-09-04T14:20:00-04:00,COMPLETED,13,ADBE,OK,0.0,16.31,7.49,0.0,15.0,10.0,48.8,31.74,NO_VERIFIED_CATALYST|RELATIVE_STRENGTH_NEGATIVE,268.59,4512097.0,1.4363083387151878,
radar:2026-09-04:1420,2026-09-04T14:20:00-04:00,COMPLETED,14,TXN,OK,0.0,7.82,0.0,15.0,15.0,10.0,47.82,30.43,NO_VERIFIED_CATALYST,258.085,1779096.0,0.4305902796917843,
radar:2026-09-04:1420,2026-09-04T14:20:00-04:00,COMPLETED,15,NFLX,OK,0.0,14.0,5.42,0.0,15.0,10.0,44.42,25.89,NO_VERIFIED_CATALYST|RELATIVE_STRENGTH_NEGATIVE,79.14,23871541.0,1.1770027414587942,
radar:2026-09-04:1420,2026-09-04T14:20:00-04:00,COMPLETED,16,NVDA,OK,0.0,3.96,4.16,10.68,15.0,10.0,43.81,25.07,NO_VERIFIED_CATALYST,230.39,96675566.0,1.0204884260814846,
radar:2026-09-04:1420,2026-09-04T14:20:00-04:00,COMPLETED,17,IBIT,OK,0.0,14.58,3.73,0.0,15.0,10.0,43.31,24.41,NO_VERIFIED_CATALYST|RELATIVE_STRENGTH_NEGATIVE,45.1,41983673.0,0.9664646296502499,
radar:2026-09-04:1420,2026-09-04T14:20:00-04:00,COMPLETED,18,MSTR,OK,0.0,14.38,3.75,0.0,15.0,10.0,43.13,24.17,NO_VERIFIED_CATALYST|RELATIVE_STRENGTH_NEGATIVE,142.22,20069444.0,0.9687973338715661,
radar:2026-09-04:1420,2026-09-04T14:20:00-04:00,COMPLETED,19,GE,OK,0.0,6.48,0.0,10.22,15.0,10.0,41.7,22.27,NO_VERIFIED_CATALYST,336.055,1186956.0,0.45560657016413625,
radar:2026-09-04:1420,2026-09-04T14:20:00-04:00,COMPLETED,20,UBER,OK,0.0,6.64,1.12,8.43,15.0,10.0,41.19,21.59,NO_VERIFIED_CATALYST,76.32,7808981.0,0.6401902296000918,
radar:2026-09-04:1420,2026-09-04T14:20:00-04:00,COMPLETED,21,PYPL,OK,0.0,14.0,2.13,0.0,15.0,10.0,41.13,21.51,NO_VERIFIED_CATALYST|RELATIVE_STRENGTH_NEGATIVE,54.76,6969464.0,0.7664957497669852,
radar:2026-09-04:1420,2026-09-04T14:20:00-04:00,COMPLETED,22,COIN,OK,0.0,14.0,1.94,0.0,15.0,10.0,40.94,21.25,NO_VERIFIED_CATALYST|RELATIVE_STRENGTH_NEGATIVE,184.61,5498708.0,0.7426536387061656,
radar:2026-09-04:1420,2026-09-04T14:20:00-04:00,COMPLETED,23,DASH,OK,0.0,14.0,1.55,0.0,15.0,10.0,40.55,20.73,NO_VERIFIED_CATALYST|RELATIVE_STRENGTH_NEGATIVE,214.645,2176885.0,0.6938660664708812,
radar:2026-09-04:1420,2026-09-04T14:20:00-04:00,COMPLETED,24,PLTR,OK,0.0,14.0,1.26,0.0,15.0,10.0,40.26,20.35,NO_VERIFIED_CATALYST|RELATIVE_STRENGTH_NEGATIVE,174.69,17420114.0,0.6574725426611747,
radar:2026-09-04:1420,2026-09-04T14:20:00-04:00,COMPLETED,25,HOOD,OK,0.0,9.31,5.61,0.0,15.0,10.0,39.92,19.9,NO_VERIFIED_CATALYST|RELATIVE_STRENGTH_NEGATIVE,123.12,18156056.0,1.2012866382292604,
radar:2026-09-04:1420,2026-09-04T14:20:00-04:00,COMPLETED,26,NOW,OK,0.0,13.89,0.81,0.0,15.0,10.0,39.71,19.61,NO_VERIFIED_CATALYST|RELATIVE_STRENGTH_NEGATIVE,142.05,8163502.0,0.6017073882442658,
radar:2026-09-04:1420,2026-09-04T14:20:00-04:00,COMPLETED,27,WDAY,OK,0.0,14.0,0.0,0.0,15.0,10.0,39.0,18.67,NO_VERIFIED_CATALYST|RELATIVE_STRENGTH_NEGATIVE,198.67,1339417.0,0.35953610090394766,
radar:2026-09-04:1420,2026-09-04T14:20:00-04:00,COMPLETED,28,GS,OK,0.0,6.51,0.0,7.37,15.0,10.0,38.88,18.51,NO_VERIFIED_CATALYST,1041.02,639771.0,0.47473737904624763,
radar:2026-09-04:1420,2026-09-04T14:20:00-04:00,COMPLETED,29,MS,OK,0.0,6.31,0.0,7.34,15.0,10.0,38.65,18.2,NO_VERIFIED_CATALYST,217.785,1262994.0,0.43632583767246214,
radar:2026-09-04:1420,2026-09-04T14:20:00-04:00,COMPLETED,30,AAPL,OK,0.0,10.31,2.48,0.0,15.0,10.0,37.79,17.06,NO_VERIFIED_CATALYST|RELATIVE_STRENGTH_NEGATIVE,320.96,23746265.0,0.8106001741207242,
radar:2026-09-04:1420,2026-09-04T14:20:00-04:00,COMPLETED,31,NOC,OK,0.0,10.8,1.5,0.0,15.0,10.0,37.3,16.4,NO_VERIFIED_CATALYST|RELATIVE_STRENGTH_NEGATIVE,516.01,333849.0,0.6870062317448171,
radar:2026-09-04:1420,2026-09-04T14:20:00-04:00,COMPLETED,32,BAC,OK,0.0,3.51,2.01,6.16,15.0,10.0,36.68,15.57,NO_VERIFIED_CATALYST,62.78,16130855.0,0.7516819815813103,
radar:2026-09-04:1420,2026-09-04T14:20:00-04:00,COMPLETED,33,CSCO,OK,0.0,2.45,0.0,8.73,15.0,10.0,36.18,14.91,NO_VERIFIED_CATALYST,109.18,5100341.0,0.347704554958223,
radar:2026-09-04:1420,2026-09-04T14:20:00-04:00,COMPLETED,34,META,OK,0.0,2.21,1.59,6.78,15.0,10.0,35.58,14.11,NO_VERIFIED_CATALYST,611.9,8187196.0,0.6982695128540893,
radar:2026-09-04:1420,2026-09-04T14:20:00-04:00,COMPLETED,35,AVGO,OK,0.0,1.91,5.41,3.13,15.0,10.0,35.45,13.93,NO_VERIFIED_CATALYST,355.7,19709981.0,1.1757902737778858,
radar:2026-09-04:1420,2026-09-04T14:20:00-04:00,COMPLETED,36,XLE,OK,0.0,5.28,3.98,0.71,15.0,10.0,34.97,13.29,NO_VERIFIED_CATALYST|RELATIVE_STRENGTH_NEGATIVE,64.095,18857194.0,0.9971505828444323,
radar:2026-09-04:1420,2026-09-04T14:20:00-04:00,COMPLETED,37,QQQ,OK,0.0,0.15,4.27,5.39,15.0,10.0,34.81,13.08,NO_VERIFIED_CATALYST,717.44,23592422.0,1.0335097965337379,
radar:2026-09-04:1420,2026-09-04T14:20:00-04:00,COMPLETED,38,MRNA,OK,0.0,9.48,0.0,0.0,15.0,10.0,34.48,12.64,NO_VERIFIED_CATALYST|RELATIVE_STRENGTH_NEGATIVE,146.101,11349211.0,0.46161744678968675,
radar:2026-09-04:1420,2026-09-04T14:20:00-04:00,COMPLETED,39,MSFT,OK,0.0,9.14,0.0,0.0,15.0,10.0,34.14,12.19,NO_VERIFIED_CATALYST|RELATIVE_STRENGTH_NEGATIVE,500.13,8445799.0,0.48262115151115714,
radar:2026-09-04:1420,2026-09-04T14:20:00-04:00,COMPLETED,40,EBAY,OK,0.0,8.93,0.0,0.0,15.0,10.0,33.93,11.9,NO_VERIFIED_CATALYST|RELATIVE_STRENGTH_NEGATIVE,103.835,1268053.0,0.40044637058066085,
radar:2026-09-04:1420,2026-09-04T14:20:00-04:00,COMPLETED,41,LHX,OK,0.0,8.14,0.54,0.0,15.0,10.0,33.68,11.58,NO_VERIFIED_CATALYST|RELATIVE_STRENGTH_NEGATIVE,256.34,666770.0,0.5678270449962962,
radar:2026-09-04:1420,2026-09-04T14:20:00-04:00,COMPLETED,42,XAR,OK,0.0,3.17,3.95,1.51,15.0,10.0,33.63,11.51,NO_VERIFIED_CATALYST|RELATIVE_STRENGTH_NEGATIVE,252.205,153757.0,0.9941652962091656,
radar:2026-09-04:1420,2026-09-04T14:20:00-04:00,COMPLETED,43,ITA,OK,0.0,2.11,3.39,2.88,15.0,10.0,33.38,11.17,NO_VERIFIED_CATALYST|RELATIVE_STRENGTH_NEGATIVE,224.96,384331.0,0.9242735545746028,
radar:2026-09-04:1420,2026-09-04T14:20:00-04:00,COMPLETED,44,BA,OK,0.0,1.71,0.25,6.38,15.0,10.0,33.35,11.13,NO_VERIFIED_CATALYST,210.79,1928293.0,0.5318294314244009,
radar:2026-09-04:1420,2026-09-04T14:20:00-04:00,COMPLETED,45,ABNB,OK,0.0,8.06,0.0,0.0,15.0,10.0,33.06,10.75,NO_VERIFIED_CATALYST|RELATIVE_STRENGTH_NEGATIVE,182.56,1777693.0,0.41503200346646973,
radar:2026-09-04:1420,2026-09-04T14:20:00-04:00,COMPLETED,46,IBKR,OK,0.0,5.0,0.0,3.0,15.0,10.0,33.0,10.66,NO_VERIFIED_CATALYST,92.55,1113615.0,0.36096632822929714,
radar:2026-09-04:1420,2026-09-04T14:20:00-04:00,COMPLETED,47,GLTR,OK,0.0,6.54,1.18,0.0,15.0,10.0,32.72,10.29,NO_VERIFIED_CATALYST|RELATIVE_STRENGTH_NEGATIVE,200.66,29245.0,0.6476114247382975,
radar:2026-09-04:1420,2026-09-04T14:20:00-04:00,COMPLETED,48,QCOM,OK,0.0,0.51,0.91,6.24,15.0,10.0,32.66,10.22,NO_VERIFIED_CATALYST,168.755,4177426.0,0.6135915027481991,
radar:2026-09-04:1420,2026-09-04T14:20:00-04:00,COMPLETED,49,JPM,OK,0.0,5.54,0.91,0.94,15.0,10.0,32.39,9.86,NO_VERIFIED_CATALYST|RELATIVE_STRENGTH_NEGATIVE,359.26,2483950.0,0.6139190710151786,
radar:2026-09-04:1420,2026-09-04T14:20:00-04:00,COMPLETED,50,GOOGL,OK,0.0,5.6,1.58,0.0,15.0,10.0,32.19,9.58,NO_VERIFIED_CATALYST|RELATIVE_STRENGTH_NEGATIVE,338.15,11453755.0,0.6976548957182324,
radar:2026-09-04:1420,2026-09-04T14:20:00-04:00,COMPLETED,51,DIS,OK,0.0,6.82,0.11,0.0,15.0,10.0,31.93,9.24,NO_VERIFIED_CATALYST|RELATIVE_STRENGTH_NEGATIVE,106.025,2989249.0,0.5132965259686806,
radar:2026-09-04:1420,2026-09-04T14:20:00-04:00,COMPLETED,52,SPY,OK,0.0,2.01,1.32,3.0,15.0,10.0,31.33,8.45,NO_VERIFIED_CATALYST,769.84,18209237.0,0.6654834971018431,
radar:2026-09-04:1420,2026-09-04T14:20:00-04:00,COMPLETED,53,VOO,OK,0.0,1.98,1.15,3.03,15.0,10.0,31.17,8.23,NO_VERIFIED_CATALYST,707.7,3115447.0,0.6443108986584519,
radar:2026-09-04:1420,2026-09-04T14:20:00-04:00,COMPLETED,54,AMZN,OK,0.0,2.81,1.25,1.97,15.0,10.0,31.03,8.04,NO_VERIFIED_CATALYST|RELATIVE_STRENGTH_NEGATIVE,257.34,16037125.0,0.6564848530015606,
radar:2026-09-04:1420,2026-09-04T14:20:00-04:00,COMPLETED,55,CVX,OK,0.0,5.94,0.0,0.0,15.0,10.0,30.94,7.92,NO_VERIFIED_CATALYST|RELATIVE_STRENGTH_NEGATIVE,208.685,2680111.0,0.45768678800530277,
radar:2026-09-04:1420,2026-09-04T14:20:00-04:00,COMPLETED,56,ONDS,OK,0.0,4.8,0.25,0.87,15.0,10.0,30.92,7.89,NO_VERIFIED_CATALYST|RELATIVE_STRENGTH_NEGATIVE,7.57,28582094.0,0.5314255439002166,
radar:2026-09-04:1420,2026-09-04T14:20:00-04:00,COMPLETED,57,REMX,OK,0.0,4.24,1.5,0.14,15.0,10.0,30.88,7.84,NO_VERIFIED_CATALYST|RELATIVE_STRENGTH_NEGATIVE,75.34,303905.0,0.6881156382967807,
radar:2026-09-04:1420,2026-09-04T14:20:00-04:00,COMPLETED,58,WMT,OK,0.0,5.27,0.0,0.0,15.0,10.0,30.27,7.03,NO_VERIFIED_CATALYST|RELATIVE_STRENGTH_NEGATIVE,107.195,10079104.0,0.4868788178864889,
radar:2026-09-04:1420,2026-09-04T14:20:00-04:00,COMPLETED,59,V,OK,0.0,4.58,0.0,0.67,15.0,10.0,30.24,6.99,NO_VERIFIED_CATALYST|RELATIVE_STRENGTH_NEGATIVE,375.645,1533274.0,0.3103432122964437,
radar:2026-09-04:1420,2026-09-04T14:20:00-04:00,COMPLETED,60,PG,OK,0.0,1.49,0.0,3.66,15.0,10.0,30.16,6.88,NO_VERIFIED_CATALYST,146.45,3127375.0,0.46932312153594996,
radar:2026-09-04:1450,2026-09-04T14:50:00-04:00,COMPLETED,1,SNDK,OK,0.0,20.0,5.31,15.0,15.0,10.0,65.31,53.75,NO_VERIFIED_CATALYST|RISK_TOO_SMALL,1720.5,12567156.0,1.164099188428749,
radar:2026-09-04:1450,2026-09-04T14:50:00-04:00,COMPLETED,2,MU,OK,0.0,19.2,5.52,15.0,15.0,10.0,64.72,52.96,NO_VERIFIED_CATALYST|SCORE_BELOW_PLAN_THRESHOLD,1004.3,27022496.0,1.1902161970898448,
radar:2026-09-04:1450,2026-09-04T14:50:00-04:00,COMPLETED,3,ALAB,OK,0.0,14.0,9.67,15.0,15.0,10.0,63.67,51.55,NO_VERIFIED_CATALYST|ADV_TOO_LOW,312.64,4542531.0,1.7081479720498565,
radar:2026-09-04:1450,2026-09-04T14:50:00-04:00,COMPLETED,4,MRVL,OK,0.0,20.0,1.93,15.0,15.0,10.0,61.93,49.24,NO_VERIFIED_CATALYST|SCORE_BELOW_PLAN_THRESHOLD,221.85,14840929.0,0.7416225174690497,
radar:2026-09-04:1450,2026-09-04T14:50:00-04:00,COMPLETED,5,AMD,OK,0.0,16.18,3.55,15.0,15.0,10.0,59.73,46.31,NO_VERIFIED_CATALYST|SCORE_BELOW_PLAN_THRESHOLD,471.81,13815892.0,0.9432501930335871,
radar:2026-09-04:1450,2026-09-04T14:50:00-04:00,COMPLETED,6,INTC,OK,0.0,14.11,2.91,15.0,15.0,10.0,57.01,42.69,NO_VERIFIED_CATALYST,94.538,68606171.0,0.8635539799356428,
radar:2026-09-04:1450,2026-09-04T14:50:00-04:00,COMPLETED,7,AMAT,OK,0.0,14.0,1.05,15.0,15.0,10.0,55.05,40.06,NO_VERIFIED_CATALYST,452.98,3813094.0,0.6307065828047052,
radar:2026-09-04:1450,2026-09-04T14:50:00-04:00,COMPLETED,8,ORCL,OK,0.0,10.48,4.09,15.0,15.0,10.0,54.57,39.42,NO_VERIFIED_CATALYST,157.5,18693050.0,1.0108151794108147,
radar:2026-09-04:1450,2026-09-04T14:50:00-04:00,COMPLETED,9,SNPS,OK,0.0,14.81,9.3,0.0,15.0,10.0,49.1,32.14,NO_VERIFIED_CATALYST|RELATIVE_STRENGTH_NEGATIVE,392.83,2269105.0,1.6620819668542601,
radar:2026-09-04:1450,2026-09-04T14:50:00-04:00,COMPLETED,10,CDNS,OK,0.0,14.0,9.63,0.0,15.0,10.0,48.63,31.51,NO_VERIFIED_CATALYST|RELATIVE_STRENGTH_NEGATIVE,293.886,2989541.0,1.7040554699222297,
radar:2026-09-04:1450,2026-09-04T14:50:00-04:00,COMPLETED,11,TSLA,OK,0.0,14.0,9.52,0.0,15.0,10.0,48.52,31.36,NO_VERIFIED_CATALYST|RELATIVE_STRENGTH_NEGATIVE,353.34,50841280.0,1.6902092557023616,
radar:2026-09-04:1450,2026-09-04T14:50:00-04:00,COMPLETED,12,TXN,OK,0.0,7.81,0.0,15.0,15.0,10.0,47.81,30.42,NO_VERIFIED_CATALYST,258.08,1884469.0,0.4133338752099288,
radar:2026-09-04:1450,2026-09-04T14:50:00-04:00,COMPLETED,13,ADBE,OK,0.0,15.94,6.8,0.0,15.0,10.0,47.74,30.32,NO_VERIFIED_CATALYST|RELATIVE_STRENGTH_NEGATIVE,268.45,4677826.0,1.3494614469440842,
radar:2026-09-04:1450,2026-09-04T14:50:00-04:00,COMPLETED,14,UBER,OK,0.0,9.75,1.0,10.15,15.0,10.0,45.9,27.86,NO_VERIFIED_CATALYST,76.57,8415200.0,0.6252105265109219,
radar:2026-09-04:1450,2026-09-04T14:50:00-04:00,COMPLETED,15,DELL,OK,0.0,3.25,6.39,9.51,15.0,10.0,44.16,25.54,NO_VERIFIED_CATALYST,519.99,8549427.0,1.2988411279423429,
radar:2026-09-04:1450,2026-09-04T14:50:00-04:00,COMPLETED,16,NFLX,OK,0.0,14.0,4.96,0.0,15.0,10.0,43.96,25.28,NO_VERIFIED_CATALYST|RELATIVE_STRENGTH_NEGATIVE,78.934,25073224.0,1.1203516638912467,
radar:2026-09-04:1450,2026-09-04T14:50:00-04:00,COMPLETED,17,NVDA,OK,0.0,4.13,3.66,10.63,15.0,10.0,43.42,24.56,NO_VERIFIED_CATALYST,230.47,100120875.0,0.9577742579316275,
radar:2026-09-04:1450,2026-09-04T14:50:00-04:00,COMPLETED,18,GE,OK,0.0,7.51,0.0,10.65,15.0,10.0,43.16,24.21,NO_VERIFIED_CATALYST,336.44,1259799.0,0.4382316915862587,
radar:2026-09-04:1450,2026-09-04T14:50:00-04:00,COMPLETED,19,IBIT,OK,0.0,14.53,3.13,0.0,15.0,10.0,42.66,23.55,NO_VERIFIED_CATALYST|RELATIVE_STRENGTH_NEGATIVE,45.095,42748695.0,0.8918166144698974,
radar:2026-09-04:1450,2026-09-04T14:50:00-04:00,COMPLETED,20,PYPL,OK,0.0,14.0,1.75,0.0,15.0,10.0,40.75,21.0,NO_VERIFIED_CATALYST|RELATIVE_STRENGTH_NEGATIVE,54.755,7210796.0,0.7186885814473991,
radar:2026-09-04:1450,2026-09-04T14:50:00-04:00,COMPLETED,21,COIN,OK,0.0,14.0,1.53,0.0,15.0,10.0,40.53,20.71,NO_VERIFIED_CATALYST|RELATIVE_STRENGTH_NEGATIVE,184.075,5649379.0,0.6914702991124558,
radar:2026-09-04:1450,2026-09-04T14:50:00-04:00,COMPLETED,22,DASH,OK,0.0,14.0,1.42,0.0,15.0,10.0,40.42,20.55,NO_VERIFIED_CATALYST|RELATIVE_STRENGTH_NEGATIVE,214.22,2343432.0,0.6769236410623188,
radar:2026-09-04:1450,2026-09-04T14:50:00-04:00,COMPLETED,23,MSTR,OK,0.0,12.12,3.27,0.0,15.0,10.0,40.4,20.53,NO_VERIFIED_CATALYST|RELATIVE_STRENGTH_NEGATIVE,142.92,20786042.0,0.9093196124700905,
radar:2026-09-04:1450,2026-09-04T14:50:00-04:00,COMPLETED,24,PLTR,OK,0.0,14.0,1.01,0.0,15.0,10.0,40.01,20.01,NO_VERIFIED_CATALYST|RELATIVE_STRENGTH_NEGATIVE,174.44,18309934.0,0.6262685032668104,
radar:2026-09-04:1450,2026-09-04T14:50:00-04:00,COMPLETED,25,AVGO,OK,0.0,2.49,6.03,5.93,15.0,10.0,39.45,19.27,NO_VERIFIED_CATALYST,357.52,23197629.0,1.2541065034390793,
radar:2026-09-04:1450,2026-09-04T14:50:00-04:00,COMPLETED,26,NOW,OK,0.0,13.72,0.71,0.0,15.0,10.0,39.43,19.25,NO_VERIFIED_CATALYST|RELATIVE_STRENGTH_NEGATIVE,142.04,8814451.0,0.5887775909673139,
radar:2026-09-04:1450,2026-09-04T14:50:00-04:00,COMPLETED,27,WDAY,OK,0.0,14.0,0.0,0.0,15.0,10.0,39.0,18.67,NO_VERIFIED_CATALYST|RELATIVE_STRENGTH_NEGATIVE,198.25,1497749.0,0.3643450718552191,
radar:2026-09-04:1450,2026-09-04T14:50:00-04:00,COMPLETED,28,HOOD,OK,0.0,8.47,5.01,0.0,15.0,10.0,38.48,17.98,NO_VERIFIED_CATALYST|RELATIVE_STRENGTH_NEGATIVE,122.47,18792778.0,1.126842659958541,
radar:2026-09-04:1450,2026-09-04T14:50:00-04:00,COMPLETED,29,BA,OK,0.0,5.02,0.28,8.12,15.0,10.0,38.42,17.89,NO_VERIFIED_CATALYST,211.49,2141348.0,0.5352217562196131,
radar:2026-09-04:1450,2026-09-04T14:50:00-04:00,COMPLETED,30,NOC,OK,0.0,10.87,1.59,0.0,15.0,10.0,37.45,16.6,NO_VERIFIED_CATALYST|RELATIVE_STRENGTH_NEGATIVE,515.94,374481.0,0.6983731733410179,
radar:2026-09-04:1450,2026-09-04T14:50:00-04:00,COMPLETED,31,AAPL,OK,0.0,9.33,2.13,0.0,15.0,10.0,36.47,15.29,NO_VERIFIED_CATALYST|RELATIVE_STRENGTH_NEGATIVE,321.645,24777055.0,0.7664930675504644,
radar:2026-09-04:1450,2026-09-04T14:50:00-04:00,COMPLETED,32,CSCO,OK,0.0,2.62,0.0,8.7,15.0,10.0,36.32,15.09,NO_VERIFIED_CATALYST,109.22,5438008.0,0.3359682000987386,
radar:2026-09-04:1450,2026-09-04T14:50:00-04:00,COMPLETED,33,ONDS,OK,0.0,5.67,0.28,5.33,15.0,10.0,36.28,15.04,NO_VERIFIED_CATALYST,7.63,31787352.0,0.5356115053684332,
radar:2026-09-04:1450,2026-09-04T14:50:00-04:00,COMPLETED,34,MS,OK,0.0,4.54,0.0,6.3,15.0,10.0,35.83,14.44,NO_VERIFIED_CATALYST,217.5,1365170.0,0.4274088824664317,
radar:2026-09-04:1450,2026-09-04T14:50:00-04:00,COMPLETED,35,META,OK,0.0,2.59,1.41,6.77,15.0,10.0,35.77,14.36,NO_VERIFIED_CATALYST,612.15,8749350.0,0.6762555572285499,
radar:2026-09-04:1450,2026-09-04T14:50:00-04:00,COMPLETED,36,GS,OK,0.0,4.55,0.0,6.14,15.0,10.0,35.7,14.26,NO_VERIFIED_CATALYST,1039.34,673043.0,0.4526044849064322,
radar:2026-09-04:1450,2026-09-04T14:50:00-04:00,COMPLETED,37,QQQ,OK,0.0,0.18,4.01,5.56,15.0,10.0,34.75,13.0,NO_VERIFIED_CATALYST,717.945,25233933.0,1.0017842031049538,
radar:2026-09-04:1450,2026-09-04T14:50:00-04:00,COMPLETED,38,MRNA,OK,0.0,9.61,0.0,0.0,15.0,10.0,34.61,12.82,NO_VERIFIED_CATALYST|RELATIVE_STRENGTH_NEGATIVE,146.275,11930016.0,0.4397488720490047,
radar:2026-09-04:1450,2026-09-04T14:50:00-04:00,COMPLETED,39,BAC,OK,0.0,2.42,1.73,5.38,15.0,10.0,34.53,12.71,NO_VERIFIED_CATALYST,62.725,16974911.0,0.7168551710118144,
radar:2026-09-04:1450,2026-09-04T14:50:00-04:00,COMPLETED,40,XLE,OK,0.0,5.19,3.51,0.27,15.0,10.0,33.97,11.96,NO_VERIFIED_CATALYST|RELATIVE_STRENGTH_NEGATIVE,64.075,19600000.0,0.939262348667972,
radar:2026-09-04:1450,2026-09-04T14:50:00-04:00,COMPLETED,41,MSFT,OK,0.0,8.78,0.0,0.0,15.0,10.0,33.78,11.7,NO_VERIFIED_CATALYST|RELATIVE_STRENGTH_NEGATIVE,500.525,9019416.0,0.4670799144757574,
radar:2026-09-04:1450,2026-09-04T14:50:00-04:00,COMPLETED,42,EBAY,OK,0.0,8.64,0.0,0.0,15.0,10.0,33.64,11.52,NO_VERIFIED_CATALYST|RELATIVE_STRENGTH_NEGATIVE,103.9,1391015.0,0.39809427586266743,
radar:2026-09-04:1450,2026-09-04T14:50:00-04:00,COMPLETED,43,ITA,OK,0.0,1.94,3.14,3.5,15.0,10.0,33.58,11.44,NO_VERIFIED_CATALYST,225.29,409415.0,0.8922899985970996,
radar:2026-09-04:1450,2026-09-04T14:50:00-04:00,COMPLETED,44,XAR,OK,0.0,2.92,3.38,1.88,15.0,10.0,33.18,10.91,NO_VERIFIED_CATALYST|RELATIVE_STRENGTH_NEGATIVE,252.47,157483.0,0.9227935394744421,
radar:2026-09-04:1450,2026-09-04T14:50:00-04:00,COMPLETED,45,LHX,OK,0.0,7.62,0.38,0.0,15.0,10.0,33.0,10.67,NO_VERIFIED_CATALYST|RELATIVE_STRENGTH_NEGATIVE,256.63,709216.0,0.5473507416112267,
radar:2026-09-04:1450,2026-09-04T14:50:00-04:00,COMPLETED,46,ABNB,OK,0.0,7.92,0.0,0.0,15.0,10.0,32.92,10.56,NO_VERIFIED_CATALYST|RELATIVE_STRENGTH_NEGATIVE,182.565,1961912.0,0.4150988324521,
radar:2026-09-04:1450,2026-09-04T14:50:00-04:00,COMPLETED,47,GLTR,OK,0.0,5.87,1.05,0.0,15.0,10.0,31.93,9.24,NO_VERIFIED_CATALYST|RELATIVE_STRENGTH_NEGATIVE,200.95,31472.0,0.6315887451892265,
radar:2026-09-04:1450,2026-09-04T14:50:00-04:00,COMPLETED,48,IBKR,OK,0.0,4.62,0.0,1.91,15.0,10.0,31.52,8.7,NO_VERIFIED_CATALYST|RELATIVE_STRENGTH_NEGATIVE,92.42,1193622.0,0.35062719574046314,
radar:2026-09-04:1450,2026-09-04T14:50:00-04:00,COMPLETED,49,DIS,OK,0.0,6.48,0.0,0.0,15.0,10.0,31.48,8.64,NO_VERIFIED_CATALYST|RELATIVE_STRENGTH_NEGATIVE,105.85,3206402.0,0.49896647498053237,
radar:2026-09-04:1450,2026-09-04T14:50:00-04:00,COMPLETED,50,CVX,OK,0.0,6.32,0.0,0.0,15.0,10.0,31.32,8.42,NO_VERIFIED_CATALYST|RELATIVE_STRENGTH_NEGATIVE,208.46,2952496.0,0.4569325287762303,
radar:2026-09-04:1450,2026-09-04T14:50:00-04:00,COMPLETED,51,AMZN,OK,0.0,2.69,1.13,2.48,15.0,10.0,31.3,8.4,NO_VERIFIED_CATALYST|RELATIVE_STRENGTH_NEGATIVE,257.67,17298859.0,0.6417454799239036,
radar:2026-09-04:1450,2026-09-04T14:50:00-04:00,COMPLETED,52,GOOGL,OK,0.0,4.83,1.39,0.0,15.0,10.0,31.21,8.29,NO_VERIFIED_CATALYST|RELATIVE_STRENGTH_NEGATIVE,338.72,12199023.0,0.6733873768308422,
radar:2026-09-04:1450,2026-09-04T14:50:00-04:00,COMPLETED,53,SPY,OK,0.0,1.81,1.16,3.0,15.0,10.0,30.97,7.96,NO_VERIFIED_CATALYST,770.17,19469124.0,0.6448209166856493,
radar:2026-09-04:1450,2026-09-04T14:50:00-04:00,COMPLETED,54,JPM,OK,0.0,5.25,0.61,0.0,15.0,10.0,30.86,7.81,NO_VERIFIED_CATALYST|RELATIVE_STRENGTH_NEGATIVE,358.67,2573136.0,0.5763392271601994,
radar:2026-09-04:1450,2026-09-04T14:50:00-04:00,COMPLETED,55,VOO,OK,0.0,1.79,1.03,3.03,15.0,10.0,30.84,7.79,NO_VERIFIED_CATALYST,708.0,3351770.0,0.6281979045877463,
radar:2026-09-04:1450,2026-09-04T14:50:00-04:00,COMPLETED,56,QCOM,OK,0.0,0.64,0.67,4.51,15.0,10.0,30.82,7.76,NO_VERIFIED_CATALYST,168.34,4385784.0,0.5838011873188068,
radar:2026-09-04:1450,2026-09-04T14:50:00-04:00,COMPLETED,57,REMX,OK,0.0,4.17,1.41,0.0,15.0,10.0,30.58,7.44,NO_VERIFIED_CATALYST|RELATIVE_STRENGTH_NEGATIVE,75.35,329465.0,0.67605189006993,
radar:2026-09-04:1450,2026-09-04T14:50:00-04:00,COMPLETED,58,WMT,OK,0.0,5.34,0.0,0.0,15.0,10.0,30.34,7.12,NO_VERIFIED_CATALYST|RELATIVE_STRENGTH_NEGATIVE,107.18,10702871.0,0.4685397148367084,
radar:2026-09-04:1450,2026-09-04T14:50:00-04:00,COMPLETED,59,PG,OK,0.0,1.18,0.0,3.82,15.0,10.0,29.99,6.66,NO_VERIFIED_CATALYST,146.55,3325468.0,0.4522639040232057,
radar:2026-09-04:1450,2026-09-04T14:50:00-04:00,COMPLETED,60,V,OK,0.0,4.5,0.0,0.35,15.0,10.0,29.86,6.48,NO_VERIFIED_CATALYST|RELATIVE_STRENGTH_NEGATIVE,375.61,1640383.0,0.3008949531161085,
